,"Active Status","Type","Item","Description","Sales Tax Code","Account","COGS Account","Asset Account","Accumulated Depreciation","Purchase Description","Quantity On Hand","U/M","U/M Set","Cost","Preferred Vendor","Tax Agency","Price","Reorder Pt (Min)","MPN"
,"Active","Service","Paper Clip",,"Non","80100 · Other Expenses",,,0.00,,"","count in box (cb)","Count by the count in Pack",0.00,,,1600.00,"",
,"Active","Service","4' Lamp Frame",,"Non","Thihanthu",,,0.00,,"","Count In Each (ce)","Count by the Count In Each",0.00,,,800.00,"",
,"Active","Service","Nival 20Amp",,"Non","00001 · Hardware and tool Income","54300 · Hardware and tool",,0.00,,"","Count In Each (ce)","Count by the Count In Each",6500.00,"Raja",,8000.00,"",
,"Active","Service","4' Lamp Eletronic Ballast",,"Non","Thihanthu",,,0.00,,"","Count In Each (ce)","Count by the Count In Each",0.00,,,800.00,"",
,"Active","Service","4' Lamp",,"Tax","Thihanthu",,,0.00,,"","Count In Each (ce)","Count by the Count In Each",0.00,,,900.00,"",
,"Active","Inventory Part","Abarasive Paper P40",,"Non","00001 · Hardware and tool Income","54300 · Hardware and tool","12100 · Inventory Asset",0.00,,98,"Count In Each (ce)","Count by the Count In Each",122.70,"Myanmar Shining Star Distribution Company",,300.00,10,
,"Active","Inventory Part","abarasive paper 220",,"Non","00001 · Hardware and tool Income","54300 · Hardware and tool","12100 · Inventory Asset",0.00,,199,"Count In Each (ce)","Count by the Count In Each",660.00,"Myanmar Shining Star Distribution Company",,1000.00,10,
,"Active","Inventory Part","Router Carbon155",,"Non","00001 · Hardware and tool Income","54300 · Hardware and tool","12100 · Inventory Asset",0.00,,50,"Count In Each (ce)","Count by the Count In Each",930.00,"Myanmar Shining Star Distribution Company",,2000.00,1,
,"Active","Inventory Part","250mm 10""x80T Saw Blade",,"Non","00001 · Hardware and tool Income","54300 · Hardware and tool","12100 · Inventory Asset",0.00,,5,"Count In Each (ce)","Count by the Count In Each",33050.00,"Myanmar Shining Star Distribution Company",,40000.00,1,
,"Active","Inventory Part","Aluminum Tape",,"Non","00001 · Hardware and tool Income","54300 · Hardware and tool","12100 · Inventory Asset",0.00,,12,"Count In Each (ce)","Count by the Count In Each",1041.66667,"Myanmar Shining Star Distribution Company",,1500.00,1,
,"Active","Inventory Part","6mm Spring Air Pipe 2m",,"Non","00001 · Hardware and tool Income","54300 · Hardware and tool","12100 · Inventory Asset",0.00,,1,"Count In Each (ce)","Count by the Count In Each",9000.00,"UMT",,15000.00,1,
,"Active","Inventory Part","Air Pressure Pump Tip Red",,"Non","00001 · Hardware and tool Income","54300 · Hardware and tool","12100 · Inventory Asset",0.00,,5,"Count In Each (ce)","Count by the Count In Each",9000.00,"UMT",,13000.00,1,
,"Active","Inventory Part","5 Pcs Screw Extractor Wynns",,"Non","00001 · Hardware and tool Income","54300 · Hardware and tool","12100 · Inventory Asset",0.00,,4,"Count In Each (ce)","Count by the Count In Each",7000.00,"UMT",,10000.00,1,
,"Active","Inventory Part","soldering Iron Gun",,"Non","00001 · Hardware and tool Income","54300 · Hardware and tool","12100 · Inventory Asset",0.00,,12,"Count In Each (ce)","Count by the Count In Each",12000.00,"UMT",,15000.00,1,
,"Active","Inventory Part","3/8 Drill Small Body",,"Non","00001 · Hardware and tool Income","54300 · Hardware and tool","12100 · Inventory Asset",0.00,,2,"count in box (cb)","Count by the count in Pack",67500.00,"UMT",,85000.00,1,
,"Active","Inventory Part","3/8 Drill Total",,"Non","00001 · Hardware and tool Income","54300 · Hardware and tool","12100 · Inventory Asset",0.00,,2,"Count In Each (ce)","Count by the Count In Each",88000.00,"UMT",,130000.00,1,
,"Active","Inventory Part","40pcs L Key Box Set",,"Non","00001 · Hardware and tool Income","54300 · Hardware and tool","12100 · Inventory Asset",0.00,,2,"count in box (cb)","Count by the count in Pack",95000.00,"UMT",,130000.00,1,
,"Active","Inventory Part","Makita Box Spaner Gun",,"Non","00001 · Hardware and tool Income","54300 · Hardware and tool","12100 · Inventory Asset",0.00,,0,"Count In Each (ce)","Count by the Count In Each",280000.00,"UMT",,35000.00,"",
,"Active","Inventory Part","polishing pad 5""",,"Non","00001 · Hardware and tool Income","54300 · Hardware and tool","12100 · Inventory Asset",0.00,,11,"Count In Each (ce)","Count by the Count In Each",2650.00,"UMT",,4000.00,1,
,"Active","Inventory Part","Polishing Pad Waffle Buffing",,"Non","00001 · Hardware and tool Income","54300 · Hardware and tool","12100 · Inventory Asset",0.00,,12,"Count In Each (ce)","Count by the Count In Each",2650.00,"UMT",,4000.00,1,
,"Active","Inventory Part","9 Pcs Torx Key Short",,"Non","00001 · Hardware and tool Income","54300 · Hardware and tool","12100 · Inventory Asset",0.00,,10,"count in box (cb)","Count by the count in Pack",7800.00,"UMT",,13000.00,1,
,"Active","Inventory Part","1/2 Box Spaner to Drill Chuck",,"Non","00001 · Hardware and tool Income","54300 · Hardware and tool","12100 · Inventory Asset",0.00,,10,"Count In Each (ce)","Count by the Count In Each",5000.00,"UMT",,8000.00,1,
,"Active","Inventory Part","Triangle Level",,"Non","00001 · Hardware and tool Income","54300 · Hardware and tool","12100 · Inventory Asset",0.00,,4,"Count In Each (ce)","Count by the Count In Each",11000.00,"UMT",,15000.00,1,
,"Active","Inventory Part","Wynn's Brick cutter",,"Non","00001 · Hardware and tool Income","54300 · Hardware and tool","12100 · Inventory Asset",0.00,,10,"Count In Each (ce)","Count by the Count In Each",7500.00,"UMT",,10000.00,1,
,"Active","Inventory Part","MIG Welding Machine",,"Non","00001 · Hardware and tool Income","54300 · Hardware and tool","12100 · Inventory Asset",0.00,,1,"Count In Each (ce)","Count by the Count In Each",350000.00,"UMT",,400000.00,0,
,"Active","Inventory Part","141 Welding Machine",,"Non","00001 · Hardware and tool Income","54300 · Hardware and tool","12100 · Inventory Asset",0.00,,2,"count in box (cb)","Count by the count in Pack",175000.00,"UMT",,220000.00,0,
,"Active","Inventory Part","Foton Router Bits Box",,"Non","00001 · Hardware and tool Income","54300 · Hardware and tool","12100 · Inventory Asset",0.00,,1,"Count In Each (ce)","Count by the Count In Each",50000.00,"UMT",,100000.00,1,
,"Active","Inventory Part","Total Router Bits Box",,"Non","00001 · Hardware and tool Income","54300 · Hardware and tool","12100 · Inventory Asset",0.00,,2,"count in box (cb)","Count by the count in Pack",53200.00,"UMT",,100000.00,1,
,"Active","Inventory Part","5pcs Grinding Metal",,"Non","00001 · Hardware and tool Income","54300 · Hardware and tool","12100 · Inventory Asset",0.00,,10,"count in box (cb)","Count by the count in Pack",11000.00,"UMT",,15000.00,1,
,"Active","Inventory Part","Water Proof Tape",,"Non","00001 · Hardware and tool Income","54300 · Hardware and tool","12100 · Inventory Asset",0.00,,0,"Count In Each (ce)","Count by the Count In Each",8000.00,"UMT",,10000.00,1,
,"Active","Inventory Part","9 pcs L Key Long Plastic Box",,"Non","00001 · Hardware and tool Income","54300 · Hardware and tool","12100 · Inventory Asset",0.00,,10,"count in box (cb)","Count by the count in Pack",12000.00,"UMT",,15000.00,1,
,"Active","Inventory Part","9pcs L Key Short",,"Non","00001 · Hardware and tool Income","54300 · Hardware and tool","12100 · Inventory Asset",0.00,,0,"count in box (cb)","Count by the count in Pack",7800.00,"UMT",,10000.00,1,
,"Active","Inventory Part","Air Coupler",,"Non","00001 · Hardware and tool Income","54300 · Hardware and tool","12100 · Inventory Asset",0.00,,10,"Count In Each (ce)","Count by the Count In Each",4000.00,"UMT",,6000.00,1,
,"Active","Inventory Part","PU Form Glue",,"Non","00001 · Hardware and tool Income","54300 · Hardware and tool","12100 · Inventory Asset",0.00,,5,"Count In Each (ce)","Count by the Count In Each",18500.00,"UMT",,25000.00,1,
,"Active","Inventory Part","Silver Welding Coil",,"Non","00001 · Hardware and tool Income","54300 · Hardware and tool","12100 · Inventory Asset",0.00,,10,"Count In Each (ce)","Count by the Count In Each",3500.00,"UMT",,5000.00,1,
,"Active","Inventory Part","1mm MIG Welding Coil",,"Non","00001 · Hardware and tool Income","54300 · Hardware and tool","12100 · Inventory Asset",0.00,,4,"Count In Each (ce)","Count by the Count In Each",16000.00,"UMT",,22000.00,1,
,"Active","Inventory Part","0.8 MIG Welding Coil",,"Non","00001 · Hardware and tool Income","54300 · Hardware and tool","12100 · Inventory Asset",0.00,,5,"Count In Each (ce)","Count by the Count In Each",19500.00,"UMT",,30000.00,1,
,"Active","Inventory Part","Stapler Gun",,"Non","00001 · Hardware and tool Income","54300 · Hardware and tool","12100 · Inventory Asset",0.00,,0,"Count In Each (ce)","Count by the Count In Each",17000.00,"UMT",,25000.00,1,
,"Active","Inventory Part","6mm Spring Air Pipe",,"Non","00001 · Hardware and tool Income","54300 · Hardware and tool","12100 · Inventory Asset",0.00,,4,"Count In Each (ce)","Count by the Count In Each",18000.00,"UMT",,30000.00,1,
,"Active","Inventory Part","300a Earth Clip",,"Non","00001 · Hardware and tool Income","54300 · Hardware and tool","12100 · Inventory Asset",0.00,,5,"Count In Each (ce)","Count by the Count In Each",3500.00,"UMT",,5000.00,1,
,"Active","Inventory Part","Hotmelt Glue Gun Big",,"Non","00001 · Hardware and tool Income","54300 · Hardware and tool","12100 · Inventory Asset",0.00,,12,"Count In Each (ce)","Count by the Count In Each",11000.00,"UMT",,15000.00,1,
,"Active","Inventory Part","welding sockets 1pc 4pairs",,"Non","00001 · Hardware and tool Income","54300 · Hardware and tool","12100 · Inventory Asset",0.00,,10,"pair (pr)","Count by the pair",21000.00,"UMT",,40000.00,1,
,"Active","Inventory Part","3/8 drill chuck Metal",,"Non","00001 · Hardware and tool Income","54300 · Hardware and tool","12100 · Inventory Asset",0.00,,12,"Count In Each (ce)","Count by the Count In Each",8000.00,"UMT",,12000.00,1,
,"Active","Inventory Part","5pcs Valve Seat Cutter",,"Non","00001 · Hardware and tool Income","54300 · Hardware and tool","12100 · Inventory Asset",0.00,,10,"count in box (cb)","Count by the count in Pack",68000.00,"UMT",,80000.00,1,
,"Active","Inventory Part","8 Pcs Impact Driver Box",,"Non","00001 · Hardware and tool Income","54300 · Hardware and tool","12100 · Inventory Asset",0.00,,5,"count in box (cb)","Count by the count in Pack",18500.00,"UMT",,30000.00,1,
,"Active","Inventory Part","Spring Weigh Hanger",,"Non","00001 · Hardware and tool Income","54300 · Hardware and tool","12100 · Inventory Asset",0.00,,5,"Count In Each (ce)","Count by the Count In Each",18000.00,"UMT",,22500.00,1,
,"Active","Inventory Part","5/32 x 5/8"" BFC",,"Non","000003 · Bolt and Nut Income","54520 · Bolt and Nut","12100 · Inventory Asset",0.00,,144,"Count In Each (ce)","Count by the Count In Each",24.00,"Roberts & Bros",,50.00,10,
,"Active","Inventory Part","4x1/4"" Steel Screw",,"Non","000003 · Bolt and Nut Income","54520 · Bolt and Nut","12100 · Inventory Asset",0.00,,450,"Count In Each (ce)","Count by the Count In Each",15.00,"Roberts & Bros",,30.00,10,
,"Active","Inventory Part","3/8 Wall Press Hanger",,"Non","000003 · Bolt and Nut Income","54520 · Bolt and Nut","12100 · Inventory Asset",0.00,,30,"Count In Each (ce)","Count by the Count In Each",880.00,"Roberts & Bros",,1200.00,10,
,"Active","Inventory Part","5/16 Wall Press Hanger",,"Non","000003 · Bolt and Nut Income","54520 · Bolt and Nut","12100 · Inventory Asset",0.00,,60,"Count In Each (ce)","Count by the Count In Each",451.00,"Roberts & Bros",,800.00,10,
,"Active","Inventory Part","1/4 wall Press Hanger",,"Non","54520 · Bolt and Nut","54520 · Bolt and Nut","12100 · Inventory Asset",0.00,,100,,,265.00,"Roberts & Bros",,500.00,10,
,"Active","Inventory Part","10x1/2 JT Screw",,"Non","000003 · Bolt and Nut Income","54520 · Bolt and Nut","12100 · Inventory Asset",0.00,,0,"Count In Each (ce)","Count by the Count In Each",28.00,"Roberts & Bros",,50.00,10,
,"Active","Inventory Part","8x Plain Washer Small",,"Non","000003 · Bolt and Nut Income","54520 · Bolt and Nut","12100 · Inventory Asset",0.00,,705,"Count In Each (ce)","Count by the Count In Each",4.86111,"Roberts & Bros",,25.00,100,
,"Active","Inventory Part","8x1/2 Cover Screw",,"Non","000003 · Bolt and Nut Income","54520 · Bolt and Nut","12100 · Inventory Asset",0.00,,200,"Count In Each (ce)","Count by the Count In Each",21.00,"Roberts & Bros",,50.00,10,
,"Active","Inventory Part","3/16x6 Star",,"Non","000003 · Bolt and Nut Income","54520 · Bolt and Nut","12100 · Inventory Asset",0.00,,277,"Count In Each (ce)","Count by the Count In Each",194.00,"Roberts & Bros",,400.00,10,
,"Active","Inventory Part","3/16x5 Star",,"Non","000003 · Bolt and Nut Income","54520 · Bolt and Nut","12100 · Inventory Asset",0.00,,288,"Count In Each (ce)","Count by the Count In Each",170.00,"Roberts & Bros",,300.00,10,
,"Active","Inventory Part","1/4 Nut",,"Non","000003 · Bolt and Nut Income","54520 · Bolt and Nut","12100 · Inventory Asset",0.00,,720,"Count In Each (ce)","Count by the Count In Each",15.50,"Roberts & Bros",,30.00,10,
,"Active","Inventory Part","10x3/8 Cover Nut",,"Non","000003 · Bolt and Nut Income","54520 · Bolt and Nut","12100 · Inventory Asset",0.00,,500,"Count In Each (ce)","Count by the Count In Each",53.00,"Roberts & Bros",,100.00,10,
,"Active","Inventory Part","3/16x11/2 Gold",,"Non","000003 · Bolt and Nut Income","54520 · Bolt and Nut","12100 · Inventory Asset",0.00,,720,"Count In Each (ce)","Count by the Count In Each",60.00,"Roberts & Bros",,100.00,1,
,"Active","Inventory Part","5/32 x Plain Washer",,"Non","000003 · Bolt and Nut Income","54520 · Bolt and Nut","12100 · Inventory Asset",0.00,,712,"Count In Each (ce)","Count by the Count In Each",5.00,"Roberts & Bros",,25.00,1,
,"Active","Inventory Part","5/32 x 1/2"" BFC",,"Non","000003 · Bolt and Nut Income","54520 · Bolt and Nut","12100 · Inventory Asset",0.00,,144,"Count In Each (ce)","Count by the Count In Each",21.00,"Roberts & Bros",,50.00,1,
,"Active","Inventory Part","5/32 x 1/4"" BFC",,"Non","000003 · Bolt and Nut Income","54520 · Bolt and Nut","12100 · Inventory Asset",0.00,,144,"Count In Each (ce)","Count by the Count In Each",17.37,"Roberts & Bros",,50.00,1,
,"Active","Inventory Part","3x3"" L Key",,"Non","000003 · Bolt and Nut Income","54520 · Bolt and Nut","12100 · Inventory Asset",0.00,,100,,,562.00,"Roberts & Bros",,1000.00,"",
,"Active","Inventory Part","3x21/2"" L Key",,"Non","000003 · Bolt and Nut Income","54520 · Bolt and Nut","12100 · Inventory Asset",0.00,,100,"Count In Each (ce)","Count by the Count In Each",390.00,"Roberts & Bros",,500.00,"",
,"Active","Inventory Part","3x2"" L Key",,"Non","000003 · Bolt and Nut Income","54520 · Bolt and Nut","12100 · Inventory Asset",0.00,,100,"Count In Each (ce)","Count by the Count In Each",175.00,"Roberts & Bros",,400.00,"",
,"Active","Inventory Part","3x11/2"" L Key",,"Non","000003 · Bolt and Nut Income","54520 · Bolt and Nut","12100 · Inventory Asset",0.00,,100,"Count In Each (ce)","Count by the Count In Each",160.00,"Roberts & Bros",,350.00,"",
,"Active","Inventory Part","3x1/2 L Key",,"Non","000003 · Bolt and Nut Income","54520 · Bolt and Nut","12100 · Inventory Asset",0.00,,100,"Count In Each (ce)","Count by the Count In Each",97.00,"Roberts & Bros",,200.00,"",
,"Active","Inventory Part","10x11/4"" L Key F Connection",,"Non","000003 · Bolt and Nut Income","54520 · Bolt and Nut","12100 · Inventory Asset",0.00,,100,"Count In Each (ce)","Count by the Count In Each",233.00,"Roberts & Bros",,450.00,"",
,"Active","Inventory Part","10x1/2"" L Key F Connection",,"Non","000003 · Bolt and Nut Income","54520 · Bolt and Nut","12100 · Inventory Asset",0.00,,100,"Count In Each (ce)","Count by the Count In Each",104.00,"Roberts & Bros",,200.00,"",
,"Active","Inventory Part","10x1"" L Key F Connection",,"Non","000003 · Bolt and Nut Income","54520 · Bolt and Nut","12100 · Inventory Asset",0.00,,100,"Count In Each (ce)","Count by the Count In Each",211.00,"Roberts & Bros",,400.00,"",
,"Active","Inventory Part","10x3/4"" L Key F Connection",,"Non","000003 · Bolt and Nut Income","54520 · Bolt and Nut","12100 · Inventory Asset",0.00,,99,"Count In Each (ce)","Count by the Count In Each",183.00,"Roberts & Bros",,300.00,"",
,"Active","Inventory Part","KRA-300 Cutting Wheel",,"Non","00001 · Hardware and tool Income","54300 · Hardware and tool","12100 · Inventory Asset",0.00,,83,"Count In Each (ce)","Count by the Count In Each",950.00,"Korol Corp,MM.Co.Ltd",,1200.00,"","KRA-300"
,"Active","Inventory Part","KR-104 Low Speed 5/8 Drill 1100",,"Non","00001 · Hardware and tool Income","54300 · Hardware and tool","12100 · Inventory Asset",0.00,,2,"count in box (cb)","Count by the count in Pack",292200.00,"Korol Corp,MM.Co.Ltd",,330000.00,"","KR-104"
,"Active","Inventory Part","KR-802 Planer 1050W",,"Non","00001 · Hardware and tool Income","54300 · Hardware and tool","12100 · Inventory Asset",0.00,,0,"count in box (cb)","Count by the count in Pack",375700.00,"Korol Corp,MM.Co.Ltd",,400000.00,"","KR-802"
,"Active","Inventory Part","KR-102 Drill 550W",,"Non","00001 · Hardware and tool Income","54300 · Hardware and tool","12100 · Inventory Asset",0.00,,5,"count in box (cb)","Count by the count in Pack",129400.00,"Korol Corp,MM.Co.Ltd",,150000.00,"","KR-102"
,"Active","Inventory Part","KR-311 Grinder 750W","a","Non","00001 · Hardware and tool Income","54300 · Hardware and tool","12100 · Inventory Asset",0.00,"a",3,"Count In Each (ce)","Count by the Count In Each",120000.00,"Korol Corp,MM.Co.Ltd",,140000.00,"","KR-311"
,"Active","Inventory Part","KR-301 Grinder 780W",,"Non","54300 · Hardware and tool","54300 · Hardware and tool","12100 · Inventory Asset",0.00,,2,"Count In Each (ce)","Count by the Count In Each",139200.00,"Korol Corp,MM.Co.Ltd",,150000.00,"","KR-301"
,"Active","Inventory Part","Dc Blower",,"Non","00001 · Hardware and tool Income","54300 · Hardware and tool","12100 · Inventory Asset",0.00,,0,"Count In Each (ce)","Count by the Count In Each",260000.00,"UMT",,320000.00,"",
,"Active","Inventory Part","18v Lithium Battery Charger",,"Non","00001 · Hardware and tool Income","54300 · Hardware and tool","12100 · Inventory Asset",0.00,,1,"Count In Each (ce)","Count by the Count In Each",30000.00,"Dominus Company.Ltd",,40000.00,"",
,"Active","Inventory Part","4.5"" Long Nose  Pliers",,"Non","00001 · Hardware and tool Income","54300 · Hardware and tool","12100 · Inventory Asset",0.00,,12,"Count In Each (ce)","Count by the Count In Each",9000.00,"Dominus Company.Ltd",,13000.00,"","100901C"
,"Active","Inventory Part","4.5"" Diagonal Pliers",,"Non","00001 · Hardware and tool Income","54300 · Hardware and tool","12100 · Inventory Asset",0.00,,12,"Count In Each (ce)","Count by the Count In Each",9000.00,"Dominus Company.Ltd",,13000.00,"","100901B"
,"Active","Inventory Part","4.5"" Combination Pliers",,"Non","00001 · Hardware and tool Income","54300 · Hardware and tool","12100 · Inventory Asset",0.00,,12,"Count In Each (ce)","Count by the Count In Each",9000.00,"Dominus Company.Ltd",,13000.00,"","100901A"
,"Active","Inventory Part","4.5"" End Cutting Pliers",,"Non","00001 · Hardware and tool Income","54300 · Hardware and tool","12100 · Inventory Asset",0.00,,12,"Count In Each (ce)","Count by the Count In Each",9000.00,"Dominus Company.Ltd",,13000.00,"","100901G"
,"Active","Inventory Part","4.5"" Needle Nose Plier",,"Non","00001 · Hardware and tool Income","54300 · Hardware and tool","12100 · Inventory Asset",0.00,,24,"Count In Each (ce)","Count by the Count In Each",9000.00,"Dominus Company.Ltd",,13000.00,"","100901E"
,"Active","Inventory Part","8"" Multifunctional Electric Sci",,"Non","00001 · Hardware and tool Income","54300 · Hardware and tool","12100 · Inventory Asset",0.00,,11,"Count In Each (ce)","Count by the Count In Each",39300.00,"Dominus Company.Ltd",,50000.00,"","140302"
,"Active","Inventory Part","7"" Locking Plier",,"Non","00001 · Hardware and tool Income","54300 · Hardware and tool","12100 · Inventory Asset",0.00,,5,"Count In Each (ce)","Count by the Count In Each",22350.00,"Dominus Company.Ltd",,30000.00,"","110201"
,"Active","Inventory Part","number Lock 10",,"Non","00001 · Hardware and tool Income","54300 · Hardware and tool","12100 · Inventory Asset",0.00,,5,"Count In Each (ce)","Count by the Count In Each",4650.00,"Myanmar Shining Star Distribution Company",,8000.00,"","Bisu"
,"Active","Inventory Part","Number Lock 8",,"Non","00001 · Hardware and tool Income","54300 · Hardware and tool","12100 · Inventory Asset",0.00,,5,"Count In Each (ce)","Count by the Count In Each",4250.00,"Myanmar Shining Star Distribution Company",,7000.00,"","Bisu"
,"Active","Inventory Part","Number Lock 6",,"Non","00001 · Hardware and tool Income","54300 · Hardware and tool","12100 · Inventory Asset",0.00,,6,"Count In Each (ce)","Count by the Count In Each",3900.00,"Myanmar Shining Star Distribution Company",,6000.00,"","Bisu"
,"Active","Inventory Part","35L Door Lock",,"Non","00001 · Hardware and tool Income","54300 · Hardware and tool","12100 · Inventory Asset",0.00,,2,"Count In Each (ce)","Count by the Count In Each",6950.00,"Myanmar Shining Star Distribution Company",,10000.00,"","Bisu"
,"Active","Inventory Part","35s Door Lock",,"Non","00001 · Hardware and tool Income","54300 · Hardware and tool","12100 · Inventory Asset",0.00,,3,"Count In Each (ce)","Count by the Count In Each",6450.00,"Myanmar Shining Star Distribution Company",,8500.00,"","Bisu"
,"Active","Inventory Part","17pcs 1/2"" air Impact wrenchKit",,"Non","00001 · Hardware and tool Income","54300 · Hardware and tool","12100 · Inventory Asset",0.00,,0,"count in box (cb)","Count by the count in Pack",203150.00,"Dominus Company.Ltd",,230000.00,"","A830112"
,"Active","Inventory Part","Abarasive Paper 150 Bisu",,"Non","00001 · Hardware and tool Income","54300 · Hardware and tool","12100 · Inventory Asset",0.00,,99,"Count In Each (ce)","Count by the Count In Each",1015.00,"Myanmar Shining Star Distribution Company",,2000.00,1,"Bisu"
,"Active","Inventory Part","18mm Hand Drill Bisu",,"Non","00001 · Hardware and tool Income","54300 · Hardware and tool","12100 · Inventory Asset",0.00,,5,"Count In Each (ce)","Count by the Count In Each",17550.00,"Myanmar Shining Star Distribution Company",,25000.00,1,"Bisu"
,"Active","Inventory Part","16mm Hand Drill Bisu",,"Non","00001 · Hardware and tool Income","54300 · Hardware and tool","12100 · Inventory Asset",0.00,,2,"Count In Each (ce)","Count by the Count In Each",15150.00,"Myanmar Shining Star Distribution Company",,20000.00,1,"Bisu"
,"Active","Inventory Part","12mm Hand Drill Bisu",,"Non","00001 · Hardware and tool Income","54300 · Hardware and tool","12100 · Inventory Asset",0.00,,5,"Count In Each (ce)","Count by the Count In Each",11250.00,"Myanmar Shining Star Distribution Company",,15000.00,1,"Bisu"
,"Active","Inventory Part","10mm Hand Drill Bisu",,"Non","00001 · Hardware and tool Income","54300 · Hardware and tool","12100 · Inventory Asset",0.00,,4,"Count In Each (ce)","Count by the Count In Each",9550.00,"Myanmar Shining Star Distribution Company",,13000.00,1,"Bisu"
,"Active","Inventory Part","Abarasive Paper 280 Bisu",,"Non","00001 · Hardware and tool Income","54300 · Hardware and tool","12100 · Inventory Asset",0.00,,100,"Count In Each (ce)","Count by the Count In Each",1015.00,"Myanmar Shining Star Distribution Company",,2000.00,1,"Bisu"
,"Active","Inventory Part","No.100 Abarasive Bisu",,"Non","00001 · Hardware and tool Income","54300 · Hardware and tool","12100 · Inventory Asset",0.00,,8,"Count In Each (ce)","Count by the Count In Each",1130.00,"Myanmar Shining Star Distribution Company",,2000.00,1,"Bisu"
,"Active","Inventory Part","No.80 Abarasive Bisu",,"Non","00001 · Hardware and tool Income","54300 · Hardware and tool","12100 · Inventory Asset",0.00,,7,"Count In Each (ce)","Count by the Count In Each",1130.00,"Myanmar Shining Star Distribution Company",,2000.00,1,"Bisu"
,"Active","Inventory Part","No.60 Abarasive Bisu",,"Non","00001 · Hardware and tool Income","54300 · Hardware and tool","12100 · Inventory Asset",0.00,,9,"Count In Each (ce)","Count by the Count In Each",1130.00,"Myanmar Shining Star Distribution Company",,2000.00,1,"Bisu"
,"Active","Inventory Part","No.40 Abarasive Bisu",,"Non","00001 · Hardware and tool Income","54300 · Hardware and tool","12100 · Inventory Asset",0.00,,5,"Count In Each (ce)","Count by the Count In Each",1130.00,"Myanmar Shining Star Distribution Company",,2000.00,1,"Bisu"
,"Active","Inventory Part","6lbs Hammer Bisu",,"Non","00001 · Hardware and tool Income","54300 · Hardware and tool","12100 · Inventory Asset",0.00,,3,"Count In Each (ce)","Count by the Count In Each",30200.00,"Myanmar Shining Star Distribution Company",,38000.00,1,"Bisu"
,"Active","Inventory Part","4lbs Hammer Bisu",,"Non","00001 · Hardware and tool Income","54300 · Hardware and tool","12100 · Inventory Asset",0.00,,2,"Count In Each (ce)","Count by the Count In Each",20150.00,"Myanmar Shining Star Distribution Company",,24059.70249,0,"Bisu"
,"Active","Inventory Part","Glass Cutter",,"Non","00001 · Hardware and tool Income","54300 · Hardware and tool","12100 · Inventory Asset",0.00,,10,"Count In Each (ce)","Count by the Count In Each",4625.00,"Myanmar Shining Star Distribution Company",,7000.00,1,"Bisu"
,"Active","Inventory Part","Long Box Spaner 17mm Bisu",,"Non","00001 · Hardware and tool Income","54300 · Hardware and tool","12100 · Inventory Asset",0.00,,18,"Count In Each (ce)","Count by the Count In Each",5500.00,"Myanmar Shining Star Distribution Company",,8000.00,1,"Bisu"
,"Active","Inventory Part","24pcs Bisu Box Spaner Box",,"Non","00001 · Hardware and tool Income","54300 · Hardware and tool","12100 · Inventory Asset",0.00,,2,"Count In Each (ce)","Count by the Count In Each",100050.00,"Myanmar Shining Star Distribution Company",,150000.00,0,"Bisu"
,"Active","Inventory Part","18"" Level Sprit Bisu",,"Non","00001 · Hardware and tool Income","54300 · Hardware and tool","12100 · Inventory Asset",0.00,,8,"Count In Each (ce)","Count by the Count In Each",8250.00,"Myanmar Shining Star Distribution Company",,10000.00,1,"Bisu"
,"Active","Inventory Part","4""x30T Saw Blade Bisu",,"Non","00001 · Hardware and tool Income","54300 · Hardware and tool","12100 · Inventory Asset",0.00,,20,"Count In Each (ce)","Count by the Count In Each",5100.00,"Myanmar Shining Star Distribution Company",,7000.00,2,"Bisu"
,"Active","Inventory Part","4""x24T Saw Blade Bisu",,"Non","00001 · Hardware and tool Income","54300 · Hardware and tool","12100 · Inventory Asset",0.00,,17,"Count In Each (ce)","Count by the Count In Each",4500.00,"Myanmar Shining Star Distribution Company",,6000.00,2,"Bisu"
,"Active","Inventory Part","10x110mm SDS Plus Drill Bits Bi",,"Non","00001 · Hardware and tool Income","54300 · Hardware and tool","12100 · Inventory Asset",0.00,,15,"Count In Each (ce)","Count by the Count In Each",2400.00,"Myanmar Shining Star Distribution Company",,5000.00,5,"Bisu Drill"
,"Active","Inventory Part","8x110mm SDS Plus Drill Bits Bis",,"Non","00001 · Hardware and tool Income","54300 · Hardware and tool","12100 · Inventory Asset",0.00,,19,"Count In Each (ce)","Count by the Count In Each",2150.00,"Myanmar Shining Star Distribution Company",,5000.00,5,"Bisu Drill"
,"Active","Inventory Part","7x110mm SDS Plus Drill Bits Bis",,"Non","00001 · Hardware and tool Income","54300 · Hardware and tool","12100 · Inventory Asset",0.00,,18,"Count In Each (ce)","Count by the Count In Each",2500.00,"Myanmar Shining Star Distribution Company",,5000.00,1,"Bisu Drill"
,"Active","Inventory Part","6x110mm SDS Plus Drill Bits Bis",,"Non","00001 · Hardware and tool Income","54300 · Hardware and tool","12100 · Inventory Asset",0.00,,19,"Count In Each (ce)","Count by the Count In Each",1850.00,"Myanmar Shining Star Distribution Company",,4000.00,5,"Bisu Drill"
,"Active","Inventory Part","Insulation Screwdriver (*) Bisu",,"Non","00001 · Hardware and tool Income","54300 · Hardware and tool","12100 · Inventory Asset",0.00,,7,"Count In Each (ce)","Count by the Count In Each",3000.00,"Myanmar Shining Star Distribution Company",,6000.00,5,"Bisu Screwdriver"
,"Active","Inventory Part","Insulation Screwdriver (-) Bisu",,"Non","00001 · Hardware and tool Income","54300 · Hardware and tool","12100 · Inventory Asset",0.00,,10,"Count In Each (ce)","Count by the Count In Each",3000.00,"Myanmar Shining Star Distribution Company",,6000.00,1,"Bisu Screwdriver"
,"Active","Inventory Part","2 way Insulation Screwdriver Bi",,"Non","00001 · Hardware and tool Income","54300 · Hardware and tool","12100 · Inventory Asset",0.00,,3,"Count In Each (ce)","Count by the Count In Each",3050.00,"Myanmar Shining Star Distribution Company",,7000.00,5,"Bisu Screwdriver"
,"Active","Inventory Part","4"" screwdriver Bisu (+)",,"Non","00001 · Hardware and tool Income","54300 · Hardware and tool","12100 · Inventory Asset",0.00,,24,"Count In Each (ce)","Count by the Count In Each",2450.00,"Myanmar Shining Star Distribution Company",,5000.00,5,"Bisu Screwdriver"
,"Active","Inventory Part","4"" screwdriver Bisu (-)",,"Non","00001 · Hardware and tool Income","54300 · Hardware and tool","12100 · Inventory Asset",0.00,,28,"Count In Each (ce)","Count by the Count In Each",2450.00,"Myanmar Shining Star Distribution Company",,5000.00,5,"Bisu Screwdriver"
,"Active","Inventory Part","6"" screwdriver Bisu *",,"Non","00001 · Hardware and tool Income","54300 · Hardware and tool","12100 · Inventory Asset",0.00,,16,"Count In Each (ce)","Count by the Count In Each",2600.00,"Myanmar Shining Star Distribution Company",,5000.00,5,"Bisu Screwdriver"
,"Active","Inventory Part","4x3/4 Steel Screw Bisu 430=1KG",,"Non","54520 · Bolt and Nut","54520 · Bolt and Nut","12100 · Inventory Asset",0.00,,860,"Count In Each (ce)","Count by the Count In Each",18.02325,"Myanmar Shining Star Distribution Company",,50.00,10,"Bisu Screw"
,"Active","Inventory Part","4x5/8 Steel Screw Bisu",,"Non","000003 · Bolt and Nut Income","54520 · Bolt and Nut","12100 · Inventory Asset",0.00,,1000,"Count In Each (ce)","Count by the Count In Each",15.50,"Myanmar Shining Star Distribution Company",,40.00,10,"Bisu Screw"
,"Active","Inventory Part","4x1/2"" Steel Screw Bisu",,"Non","000003 · Bolt and Nut Income","54520 · Bolt and Nut","12100 · Inventory Asset",0.00,,1101,"Count In Each (ce)","Count by the Count In Each",13.38514,"Myanmar Shining Star Distribution Company",,30.00,10,"Bisu screw"
,"Active","Inventory Part","60L Bisu Door Lock",,"Non","00001 · Hardware and tool Income","54300 · Hardware and tool","12100 · Inventory Asset",0.00,,3,"Count In Each (ce)","Count by the Count In Each",10670.00,"Myanmar Shining Star Distribution Company",,15000.00,1,
,"Active","Inventory Part","50s Bisu Door Lock",,"Non","00001 · Hardware and tool Income","54300 · Hardware and tool","12100 · Inventory Asset",0.00,,1,"Count In Each (ce)","Count by the Count In Each",8160.00,"Myanmar Shining Star Distribution Company",,12000.00,1,
,"Active","Inventory Part","60l G.P Door Lock",,"Non","54300 · Hardware and tool","54300 · Hardware and tool","12100 · Inventory Asset",0.00,,4,"Count In Each (ce)","Count by the Count In Each",8200.00,"Myanmar Shining Star Distribution Company",,13000.00,1,
,"Active","Inventory Part","60S G.P Door Lock",,"Non","00001 · Hardware and tool Income","54300 · Hardware and tool","12100 · Inventory Asset",0.00,,5,"Count In Each (ce)","Count by the Count In Each",8000.00,"Myanmar Shining Star Distribution Company",,12000.00,1,
,"Active","Inventory Part","50L G.P Door Lock",,"Non","00001 · Hardware and tool Income","54300 · Hardware and tool","12100 · Inventory Asset",0.00,,4,"Count In Each (ce)","Count by the Count In Each",7000.00,"Myanmar Shining Star Distribution Company",,10000.00,1,
,"Active","Inventory Part","50S G.P Door Lock",,"Non","00001 · Hardware and tool Income","54300 · Hardware and tool","12100 · Inventory Asset",0.00,,6,"Count In Each (ce)","Count by the Count In Each",6700.00,"Myanmar Shining Star Distribution Company",,9000.00,1,
,"Active","Inventory Part","Pu Glue 80g",,"Non","00001 · Hardware and tool Income","54300 · Hardware and tool","12100 · Inventory Asset",0.00,,10,"Count In Each (ce)","Count by the Count In Each",6000.00,"Myanmar Shining Star Distribution Company",,8000.00,1,
,"Active","Inventory Part","105mmx20mmx1.2mm Cutting Disc",,"Non","00001 · Hardware and tool Income","54300 · Hardware and tool","12100 · Inventory Asset",0.00,,0,"Count In Each (ce)","Count by the Count In Each",5010.00,"Myanmar Shining Star Distribution Company",,7000.00,1,"bisu"
,"Active","Inventory Part","Aluminium Sectional Handle 150m",,"Non","00001 · Hardware and tool Income","54300 · Hardware and tool","12100 · Inventory Asset",0.00,,12,"Count In Each (ce)","Count by the Count In Each",1217.50,"Myanmar Shining Star Distribution Company",,2000.00,1,
,"Active","Inventory Part","Aluminium Sectional Handle 125m",,"Non","00001 · Hardware and tool Income","54300 · Hardware and tool","12100 · Inventory Asset",0.00,,12,"Count In Each (ce)","Count by the Count In Each",1084.16667,"Myanmar Shining Star Distribution Company",,1500.00,1,
,"Active","Inventory Part","11Pcs Wood Hole Saw Set",,"Non","00001 · Hardware and tool Income","54300 · Hardware and tool","12100 · Inventory Asset",0.00,,1,"count in box (cb)","Count by the count in Pack",8820.00,"Myanmar Shining Star Distribution Company",,12000.00,"",
,"Active","Inventory Part","silicon Glue Gun",,"Non","00001 · Hardware and tool Income","54300 · Hardware and tool","12100 · Inventory Asset",0.00,,5,"Count In Each (ce)","Count by the Count In Each",6440.00,"Myanmar Shining Star Distribution Company",,9000.00,1,
,"Active","Inventory Part","9x160mm Bisu Brick twisted Dril",,"Non","00001 · Hardware and tool Income","54300 · Hardware and tool","12100 · Inventory Asset",0.00,,12,"Count In Each (ce)","Count by the Count In Each",2060.00,"Myanmar Shining Star Distribution Company",,3200.00,1,
,"Active","Inventory Part","8x160mm Bisu Brick twisted Dril",,"Non","00001 · Hardware and tool Income","54300 · Hardware and tool","12100 · Inventory Asset",0.00,,11,"Count In Each (ce)","Count by the Count In Each",2030.00,"Myanmar Shining Star Distribution Company",,3000.00,1,
,"Active","Inventory Part","4"" cutting Disc",,"Non","00001 · Hardware and tool Income","54300 · Hardware and tool","12100 · Inventory Asset",0.00,,759,"Count In Each (ce)","Count by the Count In Each",800.00,"Myanmar Shining Star Distribution Company",,993.9652,1,"Bisu cutting disc"
,"Active","Inventory Part","50L Bisu Door Lock",,"Non","00001 · Hardware and tool Income","54300 · Hardware and tool","12100 · Inventory Asset",0.00,,0,"Count In Each (ce)","Count by the Count In Each",8570.00,"Myanmar Shining Star Distribution Company",,13000.00,1,"50L Bisu"
,"Active","Inventory Part","6x3/4 Black Screw",,"Non","00001 · Hardware and tool Income","54300 · Hardware and tool","12100 · Inventory Asset",0.00,,816,"Count In Each (ce)","Count by the Count In Each",13.91111,"Myanmar Shining Star Distribution Company",,30.00,20,"/"
,"Active","Inventory Part","19pcs Drill Bit",,"Non","00001 · Hardware and tool Income","54300 · Hardware and tool","12100 · Inventory Asset",0.00,,2,"count in box (cb)","Count by the count in Pack",20290.00,"Myanmar Shining Star Distribution Company",,30000.00,1,"BMB19HSMM"
,"Active","Inventory Part","13pcs Drill Bit",,"Non","00001 · Hardware and tool Income","54300 · Hardware and tool","12100 · Inventory Asset",0.00,,1,"count in box (cb)","Count by the count in Pack",8260.00,"Myanmar Shining Star Distribution Company",,12000.00,1,"BMB13HSMM"
,"Active","Inventory Part","japan Screw Bit",,"Non","54300 · Hardware and tool","54300 · Hardware and tool","12100 · Inventory Asset",0.00,,-10,"Count In Each (ce)","Count by the Count In Each",1378.00,"Myanmar Shining Star Distribution Company",,2500.00,1,"Ph265mm Bisu"
,"Active","Inventory Part","Screw Bit (*x-)",,"Non","00001 · Hardware and tool Income","54300 · Hardware and tool","12100 · Inventory Asset",0.00,,13,"Count In Each (ce)","Count by the Count In Each",599.00,"Myanmar Shining Star Distribution Company",,1000.00,1,"ph2 bisu"
,"Active","Inventory Part","Screw Bit (*x*)",,"Non","00001 · Hardware and tool Income","54300 · Hardware and tool","12100 · Inventory Asset",0.00,,9,"Count In Each (ce)","Count by the Count In Each",599.00,"Myanmar Shining Star Distribution Company",,1000.00,1,"ph285mm bisu"
,"Active","Inventory Part","500A Welding Handle",,"Non","00001 · Hardware and tool Income","54300 · Hardware and tool","12100 · Inventory Asset",0.00,,2,"Count In Each (ce)","Count by the Count In Each",6870.00,"Myanmar Shining Star Distribution Company",,10000.00,1,"BG15579.11-1998"
,"Active","Inventory Part","2"" Wheel Red Box",,"Non","00001 · Hardware and tool Income","54300 · Hardware and tool","12100 · Inventory Asset",0.00,,0,"count in box (cb)","Count by the count in Pack",8450.00,"Myanmar Shining Star Distribution Company",,15000.00,1,"Bisu Weel red"
,"Active","Inventory Part","2"" Wheel Blue Box",,"Non","54300 · Hardware and tool","54300 · Hardware and tool","12100 · Inventory Asset",0.00,,5,"count in box (cb)","Count by the count in Pack",13440.00,"Myanmar Shining Star Distribution Company",,20000.00,1,"Bisu Wheel"
,"Active","Inventory Part","8"" Plier Black",,"Non","54300 · Hardware and tool","54300 · Hardware and tool","12100 · Inventory Asset",0.00,,14,"Count In Each (ce)","Count by the Count In Each",7550.00,"Myanmar Shining Star Distribution Company",,10000.00,1,"Bisu"
,"Active","Inventory Part","3m Measuring Tape Steel",,"Non","00001 · Hardware and tool Income","54300 · Hardware and tool","12100 · Inventory Asset",0.00,,7,"Count In Each (ce)","Count by the Count In Each",2686.66667,"Myanmar Shining Star Distribution Company",,5069.18252,1,"D214"
,"Active","Inventory Part","TAT Mini Air compressor",,"Non","00001 · Hardware and tool Income","54300 · Hardware and tool","12100 · Inventory Asset",0.00,,2,"count in box (cb)","Count by the count in Pack",105000.00,"Raja",,130000.00,"","ART 71276"
,"Active","Inventory Part","Oil Sump Pipe",,"Non","00001 · Hardware and tool Income","54300 · Hardware and tool","12100 · Inventory Asset",0.00,,0,"Count In Each (ce)","Count by the Count In Each",8800.00,"Raja",,12000.00,"",
,"Active","Inventory Part","Rubber Hammer Medium",,"Non","00001 · Hardware and tool Income","54300 · Hardware and tool","12100 · Inventory Asset",0.00,,7,"Count In Each (ce)","Count by the Count In Each",5400.00,"Raja",,8000.00,1,
,"Active","Inventory Part","Grease Box .25KG",,"Non","000008 · Lubricant and Oil Income","Lubricant and Oil","12100 · Inventory Asset",0.00,,7,"count in box (cb)","Count by the count in Pack",3000.00,"Raja",,8000.00,"",
,"Active","Inventory Part","grease box .5 KG",,"Non","000008 · Lubricant and Oil Income","Lubricant and Oil","12100 · Inventory Asset",0.00,,8,"count in box (cb)","Count by the count in Pack",6000.00,"Raja",,13000.00,"",
,"Active","Inventory Part","Grease Box 1KG",,"Non","000008 · Lubricant and Oil Income","Lubricant and Oil","12100 · Inventory Asset",0.00,,10,"count in box (cb)","Count by the count in Pack",12000.00,"Raja",,18000.00,"",
,"Active","Inventory Part","8Pcs Double Half Spaner",,"Non","00001 · Hardware and tool Income","54300 · Hardware and tool","12100 · Inventory Asset",0.00,,5,"count in box (cb)","Count by the count in Pack",22000.00,"Raja",,39600.00,"",
,"Active","Inventory Part","Bisu Hammer with Magnet",,"Non","00001 · Hardware and tool Income","54300 · Hardware and tool","12100 · Inventory Asset",0.00,,6,"Count In Each (ce)","Count by the Count In Each",12870.00,"Myanmar Shining Star Distribution Company",,16000.00,"",
,"Active","Inventory Part","Bisu Digital Weight Hanger",,"Non","00001 · Hardware and tool Income","54300 · Hardware and tool","12100 · Inventory Asset",0.00,,3,"Count In Each (ce)","Count by the Count In Each",10503.00,"Myanmar Shining Star Distribution Company",,15000.00,"",
,"Active","Inventory Part","1/2 Ratchet Bisu",,"Non","00001 · Hardware and tool Income","54300 · Hardware and tool","12100 · Inventory Asset",0.00,,0,"Count In Each (ce)","Count by the Count In Each",12190.00,"Myanmar Shining Star Distribution Company",,20000.00,"",
,"Active","Inventory Part","10pcs Box Spaner Box Bisu",,"Non","00001 · Hardware and tool Income","54300 · Hardware and tool","12100 · Inventory Asset",0.00,,0,"count in box (cb)","Count by the count in Pack",23650.00,"Myanmar Shining Star Distribution Company",,32984.65737,"",
,"Active","Inventory Part","8x3"" F Screw",,"Non","000003 · Bolt and Nut Income","54520 · Bolt and Nut","12100 · Inventory Asset",0.00,,142,"Count In Each (ce)","Count by the Count In Each",90.35,"Myanmar Shining Star Distribution Company",,300.00,"",
,"Active","Inventory Part","8x21/2 F Screw",,"Non","000003 · Bolt and Nut Income","54520 · Bolt and Nut","12100 · Inventory Asset",0.00,,260,"Count In Each (ce)","Count by the Count In Each",63.15384,"Myanmar Shining Star Distribution Company",,200.00,"",
,"Active","Inventory Part","Chain Saw Sharpen Tool 5.5",,"Non","00001 · Hardware and tool Income","54300 · Hardware and tool","12100 · Inventory Asset",0.00,,11,"Count In Each (ce)","Count by the Count In Each",1373.33333,"Myanmar Shining Star Distribution Company",,3000.00,"",
,"Active","Inventory Part","Chain Saw Sharpen Tool 4.8",,"Non","00001 · Hardware and tool Income","54300 · Hardware and tool","12100 · Inventory Asset",0.00,,7,"Count In Each (ce)","Count by the Count In Each",1373.33333,"Myanmar Shining Star Distribution Company",,3000.00,"",
,"Active","Inventory Part","22"" Hand Saw Wood Fiber Handle",,"Non","00001 · Hardware and tool Income","54300 · Hardware and tool","12100 · Inventory Asset",0.00,,3,"Count In Each (ce)","Count by the Count In Each",8890.00,"Myanmar Shining Star Distribution Company",,13000.00,"",
,"Active","Inventory Part","22"" Hand Saw Wood Steel Handle",,"Non","00001 · Hardware and tool Income","54300 · Hardware and tool","12100 · Inventory Asset",0.00,,2,"Count In Each (ce)","Count by the Count In Each",10550.00,"Myanmar Shining Star Distribution Company",,15000.00,"",
,"Active","Inventory Part","10x160mm Bisu Brick twisted Dri",,"Non","00001 · Hardware and tool Income","54300 · Hardware and tool","12100 · Inventory Asset",0.00,,5,"Count In Each (ce)","Count by the Count In Each",2210.00,"Myanmar Shining Star Distribution Company",,4000.00,"",
,"Active","Inventory Part","7x160mm Bisu Brick twisted Dril",,"Non","00001 · Hardware and tool Income","54300 · Hardware and tool","12100 · Inventory Asset",0.00,,8,"Count In Each (ce)","Count by the Count In Each",1890.00,"Myanmar Shining Star Distribution Company",,3500.00,"",
,"Active","Inventory Part","Bisu black Washer",,"Non","00001 · Hardware and tool Income","54300 · Hardware and tool","12100 · Inventory Asset",0.00,,8.33333,"count in box (cb)","Count by the count in Pack",786.00,"Myanmar Shining Star Distribution Company",,1500.00,"",
,"Active","Inventory Part","Wood Twisted Drill 16x300mm",,"Non","54300 · Hardware and tool","54300 · Hardware and tool","12100 · Inventory Asset",0.00,,5,"Count In Each (ce)","Count by the Count In Each",6000.00,"Myanmar Shining Star Distribution Company",,9000.00,"",
,"Active","Inventory Part","Wood Twisted Drill 12x300mm",,"Non","00001 · Hardware and tool Income","54300 · Hardware and tool","12100 · Inventory Asset",0.00,,5,"Count In Each (ce)","Count by the Count In Each",4020.00,"Myanmar Shining Star Distribution Company",,6500.00,"",
,"Active","Inventory Part","Wood Twisted Drill 16x200mm",,"Non","00001 · Hardware and tool Income","54300 · Hardware and tool","12100 · Inventory Asset",0.00,,5,"Count In Each (ce)","Count by the Count In Each",4120.00,"Myanmar Shining Star Distribution Company",,6000.00,"",
,"Active","Inventory Part","Wood Twisted Drill 12x200mm",,"Non","00001 · Hardware and tool Income","54300 · Hardware and tool","12100 · Inventory Asset",0.00,,0,"Count In Each (ce)","Count by the Count In Each",3060.00,"Myanmar Shining Star Distribution Company",,5000.00,"",
,"Active","Inventory Part","5.5mm Steel Twist Drill Bisu",,"Non","00001 · Hardware and tool Income","54300 · Hardware and tool","12100 · Inventory Asset",0.00,,6,"Count In Each (ce)","Count by the Count In Each",2292.00,"Myanmar Shining Star Distribution Company",,4892.20914,"",
,"Active","Inventory Part","4.5mm Steel Twist Drill Bisu",,"Non","00001 · Hardware and tool Income","54300 · Hardware and tool","12100 · Inventory Asset",0.00,,6,"Count In Each (ce)","Count by the Count In Each",1496.00,"Myanmar Shining Star Distribution Company",,2710.14492,"",
,"Active","Inventory Part","4mm Steel Twisted Drill Bisu",,"Non","00001 · Hardware and tool Income","54300 · Hardware and tool","12100 · Inventory Asset",0.00,,8,"Count In Each (ce)","Count by the Count In Each",1187.00,"Myanmar Shining Star Distribution Company",,2202.22638,"",
,"Active","Inventory Part","3.5mm Steel Twist Drill Bisu",,"Non","00001 · Hardware and tool Income","54300 · Hardware and tool","12100 · Inventory Asset",0.00,,2,"Count In Each (ce)","Count by the Count In Each",977.00,"Myanmar Shining Star Distribution Company",,2147.25275,"",
,"Active","Inventory Part","4"" Blade Saw",,"Non","00001 · Hardware and tool Income","54300 · Hardware and tool","12100 · Inventory Asset",0.00,,9,"count in box (cb)","Count by the count in Pack",2200.00,"Raja",,3000.00,"",
,"Active","Inventory Part","4""x40 T Saw Blade",,"Non","00001 · Hardware and tool Income","54300 · Hardware and tool","12100 · Inventory Asset",0.00,,2,"Count In Each (ce)","Count by the Count In Each",3000.00,"Raja",,4000.00,"",
,"Active","Inventory Part","1/4 x 3/4 TNK",,"Non","000003 · Bolt and Nut Income","54520 · Bolt and Nut","12100 · Inventory Asset",0.00,,98,"Count In Each (ce)","Count by the Count In Each",77.00,"Raja",,150.00,"",
,"Active","Inventory Part","40pcs Impact Box Set",,"Non","00001 · Hardware and tool Income","54300 · Hardware and tool","12100 · Inventory Asset",0.00,,0,"count in box (cb)","Count by the count in Pack",33600.00,"Raja",,45000.00,"",
,"Active","Inventory Part","Door Lock Side Key 100mm",,"Non","00001 · Hardware and tool Income","54300 · Hardware and tool","12100 · Inventory Asset",0.00,,2,"Count In Each (ce)","Count by the Count In Each",12150.00,"Raja",,16000.00,"",
,"Active","Inventory Part","Door Lock Side Key 90mm",,"Non","00001 · Hardware and tool Income","54300 · Hardware and tool","12100 · Inventory Asset",0.00,,2,"Count In Each (ce)","Count by the Count In Each",11400.00,"Raja",,15000.00,"",
,"Active","Inventory Part","Door Lock Side Key 80mm",,"Non","00001 · Hardware and tool Income","54300 · Hardware and tool","12100 · Inventory Asset",0.00,,3,"Count In Each (ce)","Count by the Count In Each",9550.00,"Raja",,13000.00,"",
,"Active","Inventory Part","Door Lock Side Key 70mm",,"Non","00001 · Hardware and tool Income","54300 · Hardware and tool","12100 · Inventory Asset",0.00,,0,"Count In Each (ce)","Count by the Count In Each",8580.00,"Raja",,10000.00,"",
,"Active","Inventory Part","Cable Lug Plier",,"Non","00001 · Hardware and tool Income","54300 · Hardware and tool","12100 · Inventory Asset",0.00,,5,"Count In Each (ce)","Count by the Count In Each",38000.00,"Raja",,50000.00,"",
,"Active","Inventory Part","Spray Gun F75G",,"Non","00001 · Hardware and tool Income","54300 · Hardware and tool","12100 · Inventory Asset",0.00,,6,"count in box (cb)","Count by the count in Pack",28000.00,"Raja",,38500.00,"",
,"Active","Inventory Part","Bifa 46Pcs Box spaner Box",,"Non","00001 · Hardware and tool Income","54300 · Hardware and tool","12100 · Inventory Asset",0.00,,0,"count in box (cb)","Count by the count in Pack",29500.00,"Raja",,40000.00,"",
,"Active","Inventory Part","AC DC Tester",,"Non","00001 · Hardware and tool Income","54300 · Hardware and tool","12100 · Inventory Asset",0.00,,0,"Count In Each (ce)","Count by the Count In Each",6650.00,"Raja",,9000.00,"",
,"Active","Inventory Part","Feibad Maker Green Box",,"Non","00001 · Hardware and tool Income","54300 · Hardware and tool","12100 · Inventory Asset",0.00,,3,"Count In Each (ce)","Count by the Count In Each",3900.00,"Raja",,6000.00,"",
,"Active","Inventory Part","30M Fiberglass Measure tape",,"Non","00001 · Hardware and tool Income","54300 · Hardware and tool","12100 · Inventory Asset",0.00,,4,"Count In Each (ce)","Count by the Count In Each",6000.00,"Raja",,10000.00,"",
,"Active","Inventory Part","WD-40 469ml",,"Non","00001 · Hardware and tool Income","54300 · Hardware and tool","12100 · Inventory Asset",0.00,,4,"Count In Each (ce)","Count by the Count In Each",10100.00,"Raja",,13500.00,"",
,"Active","Inventory Part","WD-40 100ml",,"Non","00001 · Hardware and tool Income","54300 · Hardware and tool","12100 · Inventory Asset",0.00,,5,"Count In Each (ce)","Count by the Count In Each",5700.00,"Raja",,7500.00,"",
,"Active","Inventory Part","Digital Venier Caliper",,"Non","00001 · Hardware and tool Income","54300 · Hardware and tool","12100 · Inventory Asset",0.00,,5,"Count In Each (ce)","Count by the Count In Each",37500.00,"Raja",,50000.00,"",
,"Active","Inventory Part","30l Door Lock",,"Non","00001 · Hardware and tool Income","54300 · Hardware and tool","12100 · Inventory Asset",0.00,,0,"Count In Each (ce)","Count by the Count In Each",6450.00,"Raja",,9114.13058,"","Bisu"
,"Active","Inventory Part","30s Door Lock",,"Non","00001 · Hardware and tool Income","54300 · Hardware and tool","12100 · Inventory Asset",0.00,,0,"Count In Each (ce)","Count by the Count In Each",5750.00,"Raja",,8023.2556,"","Bisu"
,"Active","Inventory Part","20S Door Lock",,"Non","00001 · Hardware and tool Income","54300 · Hardware and tool","12100 · Inventory Asset",0.00,,11,"Count In Each (ce)","Count by the Count In Each",2900.00,"Raja",,4000.00,"",
,"Active","Inventory Part","China Grinder Green Box",,"Non","00001 · Hardware and tool Income","54300 · Hardware and tool","12100 · Inventory Asset",0.00,,0,"count in box (cb)","Count by the count in Pack",70000.00,"Raja",,80000.00,"",
,"Active","Inventory Part","6"" MTCT Screwdriver",,"Non","00001 · Hardware and tool Income","54300 · Hardware and tool","12100 · Inventory Asset",0.00,,22,"Count In Each (ce)","Count by the Count In Each",2800.00,"Raja",,6000.00,"",
,"Active","Inventory Part","3.2mm HSS Drill Bit",,"Non","00001 · Hardware and tool Income","54300 · Hardware and tool","12100 · Inventory Asset",0.00,,12,"Count In Each (ce)","Count by the Count In Each",1757.50,"Dominus Company.Ltd",,4000.00,"","500331"
,"Active","Inventory Part","magnetic Spring C;aw Pickup Too",,"Non","00001 · Hardware and tool Income","54300 · Hardware and tool","12100 · Inventory Asset",0.00,,5,"Count In Each (ce)","Count by the Count In Each",12136.25,"Dominus Company.Ltd",,27000.00,"","441001"
,"Active","Inventory Part","Zinc Alloy Magnifier Big",,"Non","00001 · Hardware and tool Income","54300 · Hardware and tool","12100 · Inventory Asset",0.00,,9,"Count In Each (ce)","Count by the Count In Each",12136.25,"Dominus Company.Ltd",,28000.00,"","440503"
,"Active","Inventory Part","Zinc Alloy Magnifier",,"Non","00001 · Hardware and tool Income","54300 · Hardware and tool","12100 · Inventory Asset",0.00,,9,"Count In Each (ce)","Count by the Count In Each",6721.25,"Dominus Company.Ltd",,15000.00,"","440502"
,"Active","Inventory Part","7 Led Head Lamp",,"Non","00001 · Hardware and tool Income","54300 · Hardware and tool","12100 · Inventory Asset",0.00,,10,"Count In Each (ce)","Count by the Count In Each",5723.75,"Dominus Company.Ltd",,13000.00,"",
,"Active","Inventory Part","Auto Darkening Welding Helmet",,"Non","00001 · Hardware and tool Income","54300 · Hardware and tool","12100 · Inventory Asset",0.00,,4,"count in box (cb)","Count by the count in Pack",50920.00,"Dominus Company.Ltd",,110000.00,"","439004"
,"Active","Inventory Part","Safety Helmet",,"Non","00001 · Hardware and tool Income","54300 · Hardware and tool","12100 · Inventory Asset",0.00,,3,"Count In Each (ce)","Count by the Count In Each",9951.25,"Dominus Company.Ltd",,21000.00,"","435301"
,"Active","Inventory Part","Safety Goggle",,"Non","00001 · Hardware and tool Income","54300 · Hardware and tool","12100 · Inventory Asset",0.00,,4,"Count In Each (ce)","Count by the Count In Each",3063.75,"Dominus Company.Ltd",,7000.00,"","435104"
,"Active","Inventory Part","13G Cut-Resistance Glove(XL)",,"Non","00001 · Hardware and tool Income","54300 · Hardware and tool","12100 · Inventory Asset",0.00,,0,"Count In Each (ce)","Count by the Count In Each",7410.00,"Dominus Company.Ltd",,16000.00,"","430310"
,"Active","Inventory Part","13G Cut-Resistance Glove(M)",,"Non","00001 · Hardware and tool Income","54300 · Hardware and tool","12100 · Inventory Asset",0.00,,6,"Count In Each (ce)","Count by the Count In Each",7410.00,"Dominus Company.Ltd",,16000.00,"","430308"
,"Active","Inventory Part","230mm 9"" Heavy Duty Caulking Gu",,"Non","54300 · Hardware and tool","54300 · Hardware and tool","12100 · Inventory Asset",0.00,,5,"Count In Each (ce)","Count by the Count In Each",12136.25,"Dominus Company.Ltd",,26000.00,"","423703"
,"Active","Inventory Part","4x190mm Digital Voltage Tester",,"Non","00001 · Hardware and tool Income","54300 · Hardware and tool","12100 · Inventory Asset",0.00,,9,"Count In Each (ce)","Count by the Count In Each",3610.00,"Dominus Company.Ltd",,10000.00,"","286004"
,"Active","Inventory Part","3x130mm Digital Voltage Tester",,"Non","00001 · Hardware and tool Income","54300 · Hardware and tool","12100 · Inventory Asset",0.00,,8,"Count In Each (ce)","Count by the Count In Each",1900.00,"Dominus Company.Ltd",,8000.00,"","286003"
,"Active","Inventory Part","3.5x190mm Voltage Tester",,"Non","00001 · Hardware and tool Income","54300 · Hardware and tool","12100 · Inventory Asset",0.00,,7,"Count In Each (ce)","Count by the Count In Each",2422.50,"Dominus Company.Ltd",,5000.00,"","286002"
,"Active","Inventory Part","40"" Magnetic Level",,"Non","00001 · Hardware and tool Income","54300 · Hardware and tool","12100 · Inventory Asset",0.00,,5,"Count In Each (ce)","Count by the Count In Each",24438.75,"Dominus Company.Ltd",,53000.00,"","283110"
,"Active","Inventory Part","32"" Magnetic Level",,"Non","54300 · Hardware and tool","54300 · Hardware and tool","12100 · Inventory Asset",0.00,,4,"Count In Each (ce)","Count by the Count In Each",19665.00,"Dominus Company.Ltd",,30000.00,"","283108"
,"Active","Inventory Part","9 Pcs Extra Long Torx Key Set",,"Non","00001 · Hardware and tool Income","54300 · Hardware and tool","12100 · Inventory Asset",0.00,,7,"count in box (cb)","Count by the count in Pack",12459.25,"Dominus Company.Ltd",,30858.82371,"","260110"
,"Active","Inventory Part","PH3x150mm Go Through Screwdrive",,"Non","00001 · Hardware and tool Income","54300 · Hardware and tool","12100 · Inventory Asset",0.00,,11,"Count In Each (ce)","Count by the Count In Each",4441.25,"Dominus Company.Ltd",,10000.00,"","245815"
,"Active","Inventory Part","Screwdriver Ph1x100mm Go throug",,"Non","00001 · Hardware and tool Income","54300 · Hardware and tool","12100 · Inventory Asset",0.00,,10,"Count In Each (ce)","Count by the Count In Each",2802.50,"Dominus Company.Ltd",,6000.00,"","245510"
,"Active","Inventory Part","Screwdriver Ph3x250mm(+)",,"Non","00001 · Hardware and tool Income","54300 · Hardware and tool","12100 · Inventory Asset",0.00,,12,"Count In Each (ce)","Count by the Count In Each",3752.50,"Dominus Company.Ltd",,8000.00,"","241825"
,"Active","Inventory Part","Screwdriver Ph2x250mm",,"Non","00001 · Hardware and tool Income","54300 · Hardware and tool","12100 · Inventory Asset",0.00,,10,"Count In Each (ce)","Count by the Count In Each",3063.75,"Dominus Company.Ltd",,7000.00,"","241625"
,"Active","Inventory Part","32mm Dr Scocket",,"Non","00001 · Hardware and tool Income","54300 · Hardware and tool","12100 · Inventory Asset",0.00,,14,"Count In Each (ce)","Count by the Count In Each",6317.50,"Dominus Company.Ltd",,14000.00,"","201220"
,"Active","Inventory Part","30mm Dr Scocket",,"Non","00001 · Hardware and tool Income","54300 · Hardware and tool","12100 · Inventory Asset",0.00,,9,"Count In Each (ce)","Count by the Count In Each",5866.25,"Dominus Company.Ltd",,13000.00,"","201219"
,"Active","Inventory Part","120CC Mini Pistol Grease Gun",,"Non","54300 · Hardware and tool","54300 · Hardware and tool","12100 · Inventory Asset",0.00,,5,"Count In Each (ce)","Count by the Count In Each",18667.50,"Dominus Company.Ltd",,40000.00,"","700017"
,"Active","Inventory Part","Drill Chuck With Key 13mm",,"Non","00001 · Hardware and tool Income","54300 · Hardware and tool","12100 · Inventory Asset",0.00,,8,"Count In Each (ce)","Count by the Count In Each",7552.50,"Dominus Company.Ltd",,16000.00,"","630104"
,"Active","Inventory Part","3/8"" Hex Arbors for Bi Metal Ho",,"Non","54300 · Hardware and tool","54300 · Hardware and tool","12100 · Inventory Asset",0.00,,5,"Count In Each (ce)","Count by the Count In Each",4987.50,"Dominus Company.Ltd",,11000.00,"","602001"
,"Active","Inventory Part","50mm Shank Mounted Circular Bru",,"Non","00001 · Hardware and tool Income","54300 · Hardware and tool","12100 · Inventory Asset",0.00,,9,"Count In Each (ce)","Count by the Count In Each",2802.50,"Dominus Company.Ltd",,6000.00,"","590601"
,"Active","Inventory Part","75mm Cup Brush With Shank",,"Non","00001 · Hardware and tool Income","54300 · Hardware and tool","12100 · Inventory Asset",0.00,,10,"Count In Each (ce)","Count by the Count In Each",3871.25,"Dominus Company.Ltd",,8000.00,"","590503"
,"Active","Inventory Part","25mm Wire End Brush With Shank",,"Non","00001 · Hardware and tool Income","54300 · Hardware and tool","12100 · Inventory Asset",0.00,,6,"Count In Each (ce)","Count by the Count In Each",2850.00,"Dominus Company.Ltd",,6000.00,"","590401"
,"Active","Inventory Part","100mm Cup Twist Wire Brush With",,"Non","00001 · Hardware and tool Income","54300 · Hardware and tool","12100 · Inventory Asset",0.00,,10,"Count In Each (ce)","Count by the Count In Each",8170.00,"Dominus Company.Ltd",,15000.00,"","590203"
,"Active","Inventory Part","75mm Cup Twist Wire Brush With",,"Non","00001 · Hardware and tool Income","54300 · Hardware and tool","12100 · Inventory Asset",0.00,,6,"Count In Each (ce)","Count by the Count In Each",5343.75,"Dominus Company.Ltd",,9811.04645,"","590201"
,"Active","Inventory Part","100mm Crimped Wire Bevel Brush",,"Non","00001 · Hardware and tool Income","54300 · Hardware and tool","12100 · Inventory Asset",0.00,,15,"Count In Each (ce)","Count by the Count In Each",4512.50,"Dominus Company.Ltd",,10000.00,"","590111"
,"Active","Inventory Part","100mm Cup Wire Brush With Nut",,"Non","00001 · Hardware and tool Income","54300 · Hardware and tool","12100 · Inventory Asset",0.00,,10,"Count In Each (ce)","Count by the Count In Each",6483.00,"Dominus Company.Ltd",,10000.00,"","590103"
,"Active","Inventory Part","75mm Cup Wire Brush With Nut",,"Non","00001 · Hardware and tool Income","54300 · Hardware and tool","12100 · Inventory Asset",0.00,,9,"Count In Each (ce)","Count by the Count In Each",5082.00,"Dominus Company.Ltd",,7500.00,"","590101"
,"Active","Inventory Part","Radial Flap Discs 120",,"Non","00001 · Hardware and tool Income","54300 · Hardware and tool","12100 · Inventory Asset",0.00,,10,"Count In Each (ce)","Count by the Count In Each",1900.00,"Dominus Company.Ltd",,4000.00,"","550524"
,"Active","Inventory Part","Radial Flap Discs 80",,"Non","00001 · Hardware and tool Income","54300 · Hardware and tool","12100 · Inventory Asset",0.00,,10,"Count In Each (ce)","Count by the Count In Each",1900.00,"Dominus Company.Ltd",,4000.00,"","550523"
,"Active","Inventory Part","Radial Flap Discs 60",,"Non","00001 · Hardware and tool Income","54300 · Hardware and tool","12100 · Inventory Asset",0.00,,9,"Count In Each (ce)","Count by the Count In Each",1900.00,"Dominus Company.Ltd",,4000.00,"","550522"
,"Active","Inventory Part","Radial Flap Discs 40",,"Non","00001 · Hardware and tool Income","54300 · Hardware and tool","12100 · Inventory Asset",0.00,,9,"Count In Each (ce)","Count by the Count In Each",1900.00,"Dominus Company.Ltd",,4000.00,"","550521"
,"Active","Inventory Part","19mm HSS Drill Bit",,"Non","00001 · Hardware and tool Income","54300 · Hardware and tool","12100 · Inventory Asset",0.00,,5,"Count In Each (ce)","Count by the Count In Each",24130.00,"Dominus Company.Ltd",,31000.00,"","H500339"
,"Active","Inventory Part","18mm HSS Drill Bit",,"Non","54300 · Hardware and tool","54300 · Hardware and tool","12100 · Inventory Asset",0.00,,4,"Count In Each (ce)","Count by the Count In Each",20353.75,"Dominus Company.Ltd",,30000.00,"","H500338"
,"Active","Inventory Part","17mm HSS Drill Bit",,"Non","00001 · Hardware and tool Income","54300 · Hardware and tool","12100 · Inventory Asset",0.00,,4,"Count In Each (ce)","Count by the Count In Each",18335.00,"Dominus Company.Ltd",,25000.00,"","H500337"
,"Active","Inventory Part","16mm HSS Drill Bit",,"Non","00001 · Hardware and tool Income","54300 · Hardware and tool","12100 · Inventory Asset",0.00,,4,"Count In Each (ce)","Count by the Count In Each",16245.00,"Dominus Company.Ltd",,22000.00,"","H500336"
,"Active","Inventory Part","15mm HSS Drill Bit",,"Non","00001 · Hardware and tool Income","54300 · Hardware and tool","12100 · Inventory Asset",0.00,,4,"Count In Each (ce)","Count by the Count In Each",15793.75,"Dominus Company.Ltd",,21000.00,"","H500335"
,"Active","Inventory Part","14mm HSS Drill Bit",,"Non","00001 · Hardware and tool Income","54300 · Hardware and tool","12100 · Inventory Asset",0.00,,14,"Count In Each (ce)","Count by the Count In Each",14986.25,"Dominus Company.Ltd",,21000.00,"","H500334"
,"Active","Inventory Part","12.5mm HSS Drill Bit",,"Non","00001 · Hardware and tool Income","54300 · Hardware and tool","12100 · Inventory Asset",0.00,,9,"Count In Each (ce)","Count by the Count In Each",9642.50,"Dominus Company.Ltd",,20000.00,"",
,"Active","Inventory Part","27mm Dr Scocket",,"Non","00001 · Hardware and tool Income","54300 · Hardware and tool","12100 · Inventory Asset",0.00,,10,"Count In Each (ce)","Count by the Count In Each",4275.00,"Dominus Company.Ltd",,11000.00,"","201218"
,"Active","Inventory Part","24mm Dr Scocket",,"Non","00001 · Hardware and tool Income","54300 · Hardware and tool","12100 · Inventory Asset",0.00,,9,"Count In Each (ce)","Count by the Count In Each",3262.00,"Dominus Company.Ltd",,10000.00,"","201217"
,"Active","Inventory Part","23mm Dr Scocket",,"Non","00001 · Hardware and tool Income","54300 · Hardware and tool","12100 · Inventory Asset",0.00,,9,"Count In Each (ce)","Count by the Count In Each",3262.00,"Dominus Company.Ltd",,10000.00,"","201216"
,"Active","Inventory Part","22mm Dr Scocket",,"Non","00001 · Hardware and tool Income","54300 · Hardware and tool","12100 · Inventory Asset",0.00,,7,"Count In Each (ce)","Count by the Count In Each",2992.00,"Dominus Company.Ltd",,9000.00,"","201215"
,"Active","Inventory Part","21mm Dr Scocket",,"Non","00001 · Hardware and tool Income","54300 · Hardware and tool","12100 · Inventory Asset",0.00,,31,"Count In Each (ce)","Count by the Count In Each",2655.00,"Dominus Company.Ltd",,8000.00,"","201214"
,"Active","Inventory Part","20mm Dr Scocket",,"Non","00001 · Hardware and tool Income","54300 · Hardware and tool","12100 · Inventory Asset",0.00,,8,"Count In Each (ce)","Count by the Count In Each",2655.00,"Dominus Company.Ltd",,8000.00,"","201213"
,"Active","Inventory Part","19mm Dr Scocket",,"Non","00001 · Hardware and tool Income","54300 · Hardware and tool","12100 · Inventory Asset",0.00,,10,"Count In Each (ce)","Count by the Count In Each",2452.00,"Dominus Company.Ltd",,8000.00,"","201212"
,"Active","Inventory Part","16mm Dr Scocket",,"Non","00001 · Hardware and tool Income","54300 · Hardware and tool","12100 · Inventory Asset",0.00,,10,"Count In Each (ce)","Count by the Count In Each",4550.00,"Dominus Company.Ltd",,6000.00,"","201209"
,"Active","Inventory Part","15mm Dr Scocket",,"Non","00001 · Hardware and tool Income","54300 · Hardware and tool","12100 · Inventory Asset",0.00,,10,"Count In Each (ce)","Count by the Count In Each",4550.00,"Dominus Company.Ltd",,6000.00,"","201208"
,"Active","Inventory Part","11mm Dr Socket",,"Non","00001 · Hardware and tool Income","54300 · Hardware and tool","12100 · Inventory Asset",0.00,,10,"Count In Each (ce)","Count by the Count In Each",4550.00,"Dominus Company.Ltd",,6000.00,"","201204"
,"Active","Inventory Part","9mm Dr. Socket",,"Non","00001 · Hardware and tool Income","54300 · Hardware and tool","12100 · Inventory Asset",0.00,,10,"Count In Each (ce)","Count by the Count In Each",4550.00,"Dominus Company.Ltd",,5000.00,"","201202"
,"Active","Inventory Part","11mm Ratchet Combination Spanne",,"Non","00001 · Hardware and tool Income","54300 · Hardware and tool","12100 · Inventory Asset",0.00,,6,"Count In Each (ce)","Count by the Count In Each",8580.00,"Dominus Company.Ltd",,16000.00,"","192304"
,"Active","Inventory Part","9mm Ratchet Combination Spanner",,"Non","00001 · Hardware and tool Income","54300 · Hardware and tool","12100 · Inventory Asset",0.00,,10,"Count In Each (ce)","Count by the Count In Each",8222.50,"Dominus Company.Ltd",,15000.00,"","192302"
,"Active","Inventory Part","8mm Ratche Combination Spanner",,"Non","00001 · Hardware and tool Income","54300 · Hardware and tool","12100 · Inventory Asset",0.00,,10,"Count In Each (ce)","Count by the Count In Each",5760.00,"Dominus Company.Ltd",,10000.00,"","192301"
,"Active","Inventory Part","Double Ring Spanner 21x23mm",,"Non","00001 · Hardware and tool Income","54300 · Hardware and tool","12100 · Inventory Asset",0.00,,5,"Count In Each (ce)","Count by the Count In Each",7020.00,"Dominus Company.Ltd",,15000.00,"","190609"
,"Active","Inventory Part","Double Ring Spanner 20x22mm",,"Non","00001 · Hardware and tool Income","54300 · Hardware and tool","12100 · Inventory Asset",0.00,,5,"Count In Each (ce)","Count by the Count In Each",5985.00,"Dominus Company.Ltd",,12000.00,"","190608"
,"Active","Inventory Part","Double Ring Spanner 16x17mm",,"Non","00001 · Hardware and tool Income","54300 · Hardware and tool","12100 · Inventory Asset",0.00,,15,"Count In Each (ce)","Count by the Count In Each",4702.00,"Dominus Company.Ltd",,10000.00,"","190606"
,"Active","Inventory Part","10.5"" Heavy Duty Hand Riveter",,"Non","00001 · Hardware and tool Income","54300 · Hardware and tool","12100 · Inventory Asset",0.00,,0,"count in box (cb)","Count by the count in Pack",16537.00,"Dominus Company.Ltd",,30000.00,"","160104"
,"Active","Inventory Part","Air Brush Kit",,"Non","00001 · Hardware and tool Income","54300 · Hardware and tool","12100 · Inventory Asset",0.00,,4,"count in box (cb)","Count by the count in Pack",67350.00,"Dominus Company.Ltd",,80000.00,"","AA831301"
,"Active","Inventory Part","300W Electric Torque Drill",,"Non","00001 · Hardware and tool Income","54300 · Hardware and tool","12100 · Inventory Asset",0.00,,0,"count in box (cb)","Count by the count in Pack",131750.00,"Dominus Company.Ltd",,150000.00,"","P800202"
,"Active","Inventory Part","Lithium CordlessScrewdriver 3.6",,"Non","00001 · Hardware and tool Income","54300 · Hardware and tool","12100 · Inventory Asset",0.00,,2,"count in box (cb)","Count by the count in Pack",71250.00,"Dominus Company.Ltd",,100000.00,"","P800106"
,"Active","Inventory Part","Viterche Angle Grinder",,"Non","00001 · Hardware and tool Income","54300 · Hardware and tool","12100 · Inventory Asset",0.00,,0,"count in box (cb)","Count by the count in Pack",79000.00,"Dominus Company.Ltd",,100000.00,"","P800400"
,"Active","Inventory Part","BAOBO Water Pump",,"Non","00001 · Hardware and tool Income","54300 · Hardware and tool","12100 · Inventory Asset",0.00,,1,"Count In Each (ce)","Count by the Count In Each",120000.00,"Raja",,16666.668,"",
,"Active","Inventory Part","14 x 21/2 Engine Nut",,"Non","000003 · Bolt and Nut Income","54520 · Bolt and Nut","12100 · Inventory Asset",0.00,,150,"Count In Each (ce)","Count by the Count In Each",469.00,"Roberts & Bros",,700.00,1,
,"Active","Inventory Part","14 x 11/4 Engine Nut",,"Non","000003 · Bolt and Nut Income","54520 · Bolt and Nut","12100 · Inventory Asset",0.00,,122,"Count In Each (ce)","Count by the Count In Each",275.00,"Roberts & Bros",,500.00,1,
,"Active","Inventory Part","10 x 21/2 BFC",,"Non","000003 · Bolt and Nut Income","54520 · Bolt and Nut","12100 · Inventory Asset",0.00,,294,"Count In Each (ce)","Count by the Count In Each",112.00,"Roberts & Bros",,250.00,"",
,"Active","Inventory Part","4"" Small Screwdriver *",,"Non","00001 · Hardware and tool Income","54300 · Hardware and tool","12100 · Inventory Asset",0.00,,33,"Count In Each (ce)","Count by the Count In Each",583.3334,"Raja",,1000.00,1,
,"Active","Inventory Part","4"" Small Screwdriver -",,"Non","00001 · Hardware and tool Income","54300 · Hardware and tool","12100 · Inventory Asset",0.00,,23,"Count In Each (ce)","Count by the Count In Each",583.33334,"Raja",,1000.00,1,
,"Active","Inventory Part","Double Box Spaner 14x17",,"Non","00001 · Hardware and tool Income","54300 · Hardware and tool","12100 · Inventory Asset",0.00,,5,"Count In Each (ce)","Count by the Count In Each",12000.00,"Raja",,15000.00,1,
,"Active","Inventory Part","Double Box Spaner 12x14",,"Non","00001 · Hardware and tool Income","54300 · Hardware and tool","12100 · Inventory Asset",0.00,,3,"Count In Each (ce)","Count by the Count In Each",11000.00,"Raja",,14000.00,1,
,"Active","Inventory Part","Double Box Spaner 10x12",,"Non","00001 · Hardware and tool Income","54300 · Hardware and tool","12100 · Inventory Asset",0.00,,1,"Count In Each (ce)","Count by the Count In Each",10000.00,"Raja",,13000.00,1,
,"Active","Inventory Part","Double Box Spaner 8/10",,"Non","00001 · Hardware and tool Income","54300 · Hardware and tool","12100 · Inventory Asset",0.00,,-1,"Count In Each (ce)","Count by the Count In Each",8500.00,"Raja",,12000.00,1,
,"Active","Inventory Part","25L Lock",,"Non","00001 · Hardware and tool Income","54300 · Hardware and tool","12100 · Inventory Asset",0.00,,4,"Count In Each (ce)","Count by the Count In Each",3400.00,"Raja",,5100.00,1,
,"Active","Inventory Part","25S Lock",,"Non","00001 · Hardware and tool Income","54300 · Hardware and tool","12100 · Inventory Asset",0.00,,7,"Count In Each (ce)","Count by the Count In Each",3150.00,"Raja",,4973.68431,1,
,"Active","Inventory Part","Plastic Habdle Cloths Scissor",,"Non","00001 · Hardware and tool Income","54300 · Hardware and tool","12100 · Inventory Asset",0.00,,8,"Count In Each (ce)","Count by the Count In Each",4200.00,"Raja",,6000.00,1,
,"Active","Inventory Part","20l Lock",,"Non","00001 · Hardware and tool Income","54300 · Hardware and tool","12100 · Inventory Asset",0.00,,9,"Count In Each (ce)","Count by the Count In Each",3150.00,"Raja",,5250.00011,1,
,"Active","Inventory Part","9 Pcs Torx Key",,"Non","00001 · Hardware and tool Income","54300 · Hardware and tool","12100 · Inventory Asset",0.00,,2,"count in box (cb)","Count by the count in Pack",8500.00,"Raja",,12000.00,1,
,"Active","Inventory Part","7"" Wire Stripping Plier",,"Non","00001 · Hardware and tool Income","54300 · Hardware and tool","12100 · Inventory Asset",0.00,,13,"Count In Each (ce)","Count by the Count In Each",5800.00,"Raja",,8000.00,1,
,"Active","Inventory Part","6"" Thin Jaw Cutter",,"Non","00001 · Hardware and tool Income","54300 · Hardware and tool","12100 · Inventory Asset",0.00,,14,"Count In Each (ce)","Count by the Count In Each",8000.00,"Raja",,11327.4336,1,
,"Active","Inventory Part","4""x110mm Diamond Blade Segment",,"Non","00001 · Hardware and tool Income","54300 · Hardware and tool","12100 · Inventory Asset",0.00,,0,"Count In Each (ce)","Count by the Count In Each",5950.00,"Dominus Company.Ltd",,7500.00,"",
,"Active","Inventory Part","60S Xingwang Lock Gold",,"Non","00001 · Hardware and tool Income","54300 · Hardware and tool","12100 · Inventory Asset",0.00,,0,"Count In Each (ce)","Count by the Count In Each",8200.00,"Raja",,10000.00,1,
,"Active","Inventory Part","50S Xingwang Lock Gold",,"Non","00001 · Hardware and tool Income","54300 · Hardware and tool","12100 · Inventory Asset",0.00,,0,"Count In Each (ce)","Count by the Count In Each",6400.00,"Raja",,8000.00,1,
,"Active","Inventory Part","40S Xingwang Lock Black",,"Non","00001 · Hardware and tool Income","54300 · Hardware and tool","12100 · Inventory Asset",0.00,,0,"Count In Each (ce)","Count by the Count In Each",5200.00,"Raja",,6500.00,1,
,"Active","Inventory Part","Welding On Off Button",,"Non","00001 · Hardware and tool Income","54300 · Hardware and tool","12100 · Inventory Asset",0.00,,7,"Count In Each (ce)","Count by the Count In Each",1200.00,"Raja",,2000.00,1,
,"Active","Inventory Part","60L Xingwang Lock",,"Non","00001 · Hardware and tool Income","54300 · Hardware and tool","12100 · Inventory Asset",0.00,,1,"Count In Each (ce)","Count by the Count In Each",8600.00,"Raja",,11000.00,1,
,"Active","Inventory Part","60S Xingwang Lock",,"Non","00001 · Hardware and tool Income","54300 · Hardware and tool","12100 · Inventory Asset",0.00,,4,"Count In Each (ce)","Count by the Count In Each",8200.00,"Raja",,10000.00,1,
,"Active","Inventory Part","50S Xingwang Lock",,"Non","00001 · Hardware and tool Income","54300 · Hardware and tool","12100 · Inventory Asset",0.00,,0,"Count In Each (ce)","Count by the Count In Each",6400.00,"Raja",,8000.00,1,
,"Active","Inventory Part","40L Xingwang Lock",,"Non","00001 · Hardware and tool Income","54300 · Hardware and tool","12100 · Inventory Asset",0.00,,3,"Count In Each (ce)","Count by the Count In Each",8400.00,"Raja",,10788.99108,1,"Bisu"
,"Active","Inventory Part","40S Xingwang Lock",,"Non","00001 · Hardware and tool Income","54300 · Hardware and tool","12100 · Inventory Asset",0.00,,0,"Count In Each (ce)","Count by the Count In Each",5200.00,"Raja",,6500.00,1,
,"Active","Inventory Part","60S Eloy Lock",,"Non","00001 · Hardware and tool Income","54300 · Hardware and tool","12100 · Inventory Asset",0.00,,4,"Count In Each (ce)","Count by the Count In Each",13000.00,"Raja",,15000.00,1,
,"Active","Inventory Part","50S Eloy Lock",,"Non","00001 · Hardware and tool Income","54300 · Hardware and tool","12100 · Inventory Asset",0.00,,4,"Count In Each (ce)","Count by the Count In Each",11000.00,"Raja",,13000.00,1,
,"Active","Inventory Part","40S Eloy Lock",,"Non","00001 · Hardware and tool Income","54300 · Hardware and tool","12100 · Inventory Asset",0.00,,6,"Count In Each (ce)","Count by the Count In Each",7950.00,"Raja",,10599.99974,1,"Bisu"
,"Active","Inventory Part","30L Eloy Lock",,"Non","00001 · Hardware and tool Income","54300 · Hardware and tool","12100 · Inventory Asset",0.00,,0,"Count In Each (ce)","Count by the Count In Each",6200.00,"Raja",,8500.00,1,
,"Active","Inventory Part","30S Eloy Lock",,"Non","00001 · Hardware and tool Income","54300 · Hardware and tool","12100 · Inventory Asset",0.00,,3,"Count In Each (ce)","Count by the Count In Each",6000.00,"Raja",,8400.00,1,
,"Active","Inventory Part","4"" 828 Cutting Wheel",,"Non","00001 · Hardware and tool Income","54300 · Hardware and tool","12100 · Inventory Asset",0.00,,69,"Count In Each (ce)","Count by the Count In Each",550.00,"Raja",,641.66669,1,
,"Active","Inventory Part","10pcs Double Half Spaner",,"Non","00001 · Hardware and tool Income","54300 · Hardware and tool","12100 · Inventory Asset",0.00,,2,"count in box (cb)","Count by the count in Pack",40000.00,"Raja",,50000.00,"",
,"Active","Inventory Part","Flap Disc A-40",,"Non","00001 · Hardware and tool Income","00001 · Hardware and tool Income","12100 · Inventory Asset",0.00,,10,"Count In Each (ce)","Count by the Count In Each",850.00,"Raja",,1600.00,1,
,"Active","Inventory Part","7""x30T Cutter",,"Non","00001 · Hardware and tool Income","54300 · Hardware and tool","12100 · Inventory Asset",0.00,,4,"Count In Each (ce)","Count by the Count In Each",5700.00,"Raja",,7000.00,1,
,"Active","Inventory Part","4""x30 T TCT Saw Blade 02",,"Non","00001 · Hardware and tool Income","54300 · Hardware and tool","12100 · Inventory Asset",0.00,,10,"Count In Each (ce)","Count by the Count In Each",3000.00,"Raja",,4655.1723,1,
,"Active","Inventory Part","4"" Screwbit",,"Non","00001 · Hardware and tool Income","54300 · Hardware and tool","12100 · Inventory Asset",0.00,,12,"Count In Each (ce)","Count by the Count In Each",1500.00,"Raja",,2500.00,1,
,"Active","Inventory Part","3/8 Box Spaner to Drill Chuck",,"Non","00001 · Hardware and tool Income","54300 · Hardware and tool","12100 · Inventory Asset",0.00,,18,"Count In Each (ce)","Count by the Count In Each",5000.00,"Raja",,7575.7575,1,
,"Active","Inventory Part","4"" MT TCT Screwdriver *",,"Non","00001 · Hardware and tool Income","54300 · Hardware and tool","12100 · Inventory Asset",0.00,,20,"Count In Each (ce)","Count by the Count In Each",2360.00,"Raja",,4000.00,1,
,"Active","Inventory Part","990A 4Flap Fan",,"Non","00001 · Hardware and tool Income","54300 · Hardware and tool","12100 · Inventory Asset",0.00,,1,"count in box (cb)","Count by the count in Pack",23000.00,"Raja",,30000.00,"",
,"Active","Inventory Part","Nibban 16"" Orbit Fan",,"Non","00001 · Hardware and tool Income","54300 · Hardware and tool","12100 · Inventory Asset",0.00,,3,"count in box (cb)","Count by the count in Pack",110000.00,"Raja",,130000.00,"",
,"Active","Inventory Part","9mm T Type Wrench Hoteche",,"Non","54300 · Hardware and tool","54300 · Hardware and tool","12100 · Inventory Asset",0.00,,16,"Count In Each (ce)","Count by the Count In Each",11250.00,"Dominus Company.Ltd",,15000.00,1,"191916"
,"Active","Inventory Part","10""x40T Cutter",,"Non","00001 · Hardware and tool Income","54300 · Hardware and tool","12100 · Inventory Asset",0.00,,7,"Count In Each (ce)","Count by the Count In Each",7500.00,"Raja",,10000.00,1,
,"Active","Inventory Part","7""x40T Cutter",,"Non","00001 · Hardware and tool Income","54300 · Hardware and tool","12100 · Inventory Asset",0.00,,0,"Count In Each (ce)","Count by the Count In Each",4500.00,"Raja",,6000.00,1,
,"Active","Inventory Part","Yellow metal Hammer Magnet",,"Non","00001 · Hardware and tool Income","54300 · Hardware and tool","12100 · Inventory Asset",0.00,,0,"Count In Each (ce)","Count by the Count In Each",3800.00,"Raja",,6000.00,"",
,"Active","Inventory Part","12mm L Type Wrench No Brand",,"Non","00001 · Hardware and tool Income","54300 · Hardware and tool","12100 · Inventory Asset",0.00,,1,"Count In Each (ce)","Count by the Count In Each",2200.00,"Raja",,3500.00,1,
,"Active","Inventory Part","9mm L Type Wrench No Brand",,"Non","00001 · Hardware and tool Income","54300 · Hardware and tool","12100 · Inventory Asset",0.00,,0,"Count In Each (ce)","Count by the Count In Each",2700.00,"Raja",,4354.83864,1,
,"Active","Inventory Part","10mm L Type Wrench No Brand",,"Non","00001 · Hardware and tool Income","54300 · Hardware and tool","12100 · Inventory Asset",0.00,,8,"Count In Each (ce)","Count by the Count In Each",3800.00,"Raja",,6000.00,1,"="
,"Active","Inventory Part","8mm L Type Wrench No Brand",,"Non","00001 · Hardware and tool Income","54300 · Hardware and tool","12100 · Inventory Asset",0.00,,10,"Count In Each (ce)","Count by the Count In Each",3000.00,"Raja",,4615.3845,1,
,"Active","Inventory Part","Battery Washer",,"Non","00001 · Hardware and tool Income","54300 · Hardware and tool","12100 · Inventory Asset",0.00,,0,"count in box (cb)","Count by the count in Pack",55000.00,"Raja",,70000.00,"",
,"Active","Inventory Part","105pcs grinding stone",,"Non","00001 · Hardware and tool Income","54300 · Hardware and tool","12100 · Inventory Asset",0.00,,2,"Count In Each (ce)","Count by the Count In Each",2900.00,"Raja",,5000.00,1,
,"Active","Inventory Part","14"" Cutter Belt",,"Non","00001 · Hardware and tool Income","54300 · Hardware and tool","12100 · Inventory Asset",0.00,,6,"Count In Each (ce)","Count by the Count In Each",2600.00,"Raja",,4000.00,1,
,"Active","Inventory Part","Shen Chao Brick Cutter",,"Non","00001 · Hardware and tool Income","54300 · Hardware and tool","12100 · Inventory Asset",0.00,,9,"Count In Each (ce)","Count by the Count In Each",3600.00,"Raja",,6136.3638,1,
,"Active","Inventory Part","13mm Impact Drill PID0019",,"Non","00001 · Hardware and tool Income","54300 · Hardware and tool","12100 · Inventory Asset",0.00,,0,"Count In Each (ce)","Count by the Count In Each",43400.00,"Dominus Company.Ltd",,52000.00,"","PID0019"
,"Active","Inventory Part","2000W Heat Air Gun",,"Non","00001 · Hardware and tool Income","54300 · Hardware and tool","12100 · Inventory Asset",0.00,,3,"Count In Each (ce)","Count by the Count In Each",78450.00,"Dominus Company.Ltd",,119468.73572,"","PHG0001"
,"Active","Inventory Part","Blower PBL0001",,"Non","54300 · Hardware and tool","54300 · Hardware and tool","12100 · Inventory Asset",0.00,,0,"Count In Each (ce)","Count by the Count In Each",23782.00,"Dominus Company.Ltd",,33000.00,"",
,"Active","Inventory Part","Grinder PAG0010",,"Non","00001 · Hardware and tool Income","54300 · Hardware and tool","12100 · Inventory Asset",0.00,,0,"Count In Each (ce)","Count by the Count In Each",39151.00,"Dominus Company.Ltd",,55000.00,"",
,"Active","Inventory Part","STRAIGHT JAW LOCKING PLIER",,"Non","00001 · Hardware and tool Income","54300 · Hardware and tool","12100 · Inventory Asset",0.00,,1,"Count In Each (ce)","Count by the Count In Each",12750.00,"Dominus Company.Ltd",,16000.00,"","110103"
,"Active","Inventory Part","PH2*100mm Gothrough Screwdrive",,"Non","00001 · Hardware and tool Income","54300 · Hardware and tool","12100 · Inventory Asset",0.00,,18,"Count In Each (ce)","Count by the Count In Each",5100.00,"Dominus Company.Ltd",,7373.49381,"","245610"
,"Active","Inventory Part","Boda Grinder G21-100",,"Non","00001 · Hardware and tool Income","54300 · Hardware and tool","12100 · Inventory Asset",0.00,,46,"Count In Each (ce)","Count by the Count In Each",113200.00,"Raja",,140000.00,"",
,"Active","Inventory Part","Air Tire Inflating Gun",,"Non","00001 · Hardware and tool Income","54300 · Hardware and tool","12100 · Inventory Asset",0.00,,4,"Count In Each (ce)","Count by the Count In Each",9500.00,"Dominus Company.Ltd",,25000.00,"","X-ATTG2"
,"Active","Inventory Part","400W Electric Blower",,"Non","00001 · Hardware and tool Income","54300 · Hardware and tool","12100 · Inventory Asset",0.00,,0,"count in box (cb)","Count by the count in Pack",64650.00,"Dominus Company.Ltd",,80000.00,"","P801501"
,"Active","Inventory Part","13mm Spaner And Box Spaner",,"Non","00001 · Hardware and tool Income","54300 · Hardware and tool","12100 · Inventory Asset",0.00,,1,"Count In Each (ce)","Count by the Count In Each",6000.00,"Raja",,8000.00,1,
,"Active","Inventory Part","12mm Spaner And Box Spaner",,"Non","00001 · Hardware and tool Income","54300 · Hardware and tool","12100 · Inventory Asset",0.00,,2,"Count In Each (ce)","Count by the Count In Each",5000.00,"Raja",,7000.00,1,
,"Active","Inventory Part","10mm Spaner And Box Spaner",,"Non","00001 · Hardware and tool Income","54300 · Hardware and tool","12100 · Inventory Asset",0.00,,2,"Count In Each (ce)","Count by the Count In Each",4900.00,"Raja",,6500.00,1,
,"Active","Inventory Part","8mm Spaner And Box Spaner",,"Non","00001 · Hardware and tool Income","54300 · Hardware and tool","12100 · Inventory Asset",0.00,,2,"Count In Each (ce)","Count by the Count In Each",5500.00,"Raja",,7857.1427,1,
,"Active","Inventory Part","14mm Spaner and Box Spaner",,"Non","00001 · Hardware and tool Income","54300 · Hardware and tool","12100 · Inventory Asset",0.00,,3,"Count In Each (ce)","Count by the Count In Each",7500.00,"Raja",,10000.00,1,
,"Active","Inventory Part","5"" Abarasive Paper Cover",,"Non","00001 · Hardware and tool Income","54300 · Hardware and tool","12100 · Inventory Asset",0.00,,5,"Count In Each (ce)","Count by the Count In Each",1750.00,"Raja",,2300.00,1,
,"Active","Inventory Part","Double hanle Grease gun Coupler",,"Non","00001 · Hardware and tool Income","54300 · Hardware and tool","12100 · Inventory Asset",0.00,,0,"Count In Each (ce)","Count by the Count In Each",6500.00,"Raja",,8500.00,1,
,"Active","Inventory Part","drill chuck Socket",,"Non","00001 · Hardware and tool Income","54300 · Hardware and tool","12100 · Inventory Asset",0.00,,9,"Count In Each (ce)","Count by the Count In Each",1500.00,"Raja",,2500.00,1,
,"Active","Inventory Part","Gas Torch no Iginition 2 way",,"Non","00001 · Hardware and tool Income","54300 · Hardware and tool","12100 · Inventory Asset",0.00,,0,"Count In Each (ce)","Count by the Count In Each",14000.00,"Raja",,16000.00,1,
,"Active","Inventory Part","Feeler Gauges 60'",,"Non","00001 · Hardware and tool Income","54300 · Hardware and tool","12100 · Inventory Asset",0.00,,2,"Count In Each (ce)","Count by the Count In Each",6500.00,"Raja",,8000.00,1,
,"Active","Inventory Part","P150 Ring Abarasive Paper",,"Non","00001 · Hardware and tool Income","54300 · Hardware and tool","12100 · Inventory Asset",0.00,,18,"Count In Each (ce)","Count by the Count In Each",1100.00,"Raja",,1500.00,"",
,"Active","Inventory Part","plug spaner 16x21 Short",,"Non","00001 · Hardware and tool Income","54300 · Hardware and tool","12100 · Inventory Asset",0.00,,0,"Count In Each (ce)","Count by the Count In Each",2800.00,"Raja",,4000.00,1,
,"Active","Inventory Part","5"" Abarasive Paper P240",,"Non","00001 · Hardware and tool Income","54300 · Hardware and tool","12100 · Inventory Asset",0.00,,495,"Count In Each (ce)","Count by the Count In Each",165.00,"Raja",,300.00,1,
,"Active","Inventory Part","Tap 16x1.75",,"Non","00001 · Hardware and tool Income","54300 · Hardware and tool","12100 · Inventory Asset",0.00,,2.56667,"Count In Each (ce)","Count by the Count In Each",15000.00,"Raja",,30000.00,1,
,"Active","Inventory Part","Tap 14x1.75",,"Non","00001 · Hardware and tool Income","54300 · Hardware and tool","12100 · Inventory Asset",0.00,,2.33333,"Count In Each (ce)","Count by the Count In Each",13000.00,"Raja",,30000.00,1,
,"Active","Inventory Part","Tap 14 x 1.25",,"Non","00001 · Hardware and tool Income","54300 · Hardware and tool","12100 · Inventory Asset",0.00,,4.34231,"Count In Each (ce)","Count by the Count In Each",13000.00,"Raja",,26000.00,1,
,"Active","Inventory Part","Tap 12x1.25",,"Non","00001 · Hardware and tool Income","54300 · Hardware and tool","12100 · Inventory Asset",0.00,,4.55556,"Count In Each (ce)","Count by the Count In Each",8500.00,"Raja",,18000.00,1,
,"Active","Inventory Part","Tap 10x1.25",,"Non","00001 · Hardware and tool Income","54300 · Hardware and tool","12100 · Inventory Asset",0.00,,3.41666,"Count In Each (ce)","Count by the Count In Each",6000.00,"Raja",,12000.00,1,
,"Active","Inventory Part","Composite cutter Knife Spare",,"Non","00001 · Hardware and tool Income","54300 · Hardware and tool","12100 · Inventory Asset",0.00,,0,"Count In Each (ce)","Count by the Count In Each",1200.00,"Raja",,1800.00,1,
,"Active","Inventory Part","Gas Torch no Iginition",,"Non","00001 · Hardware and tool Income","54300 · Hardware and tool","12100 · Inventory Asset",0.00,,10,"Count In Each (ce)","Count by the Count In Each",11000.00,"Raja",,15000.00,1,
,"Active","Inventory Part","Composite Cutter Knife",,"Non","00001 · Hardware and tool Income","54300 · Hardware and tool","12100 · Inventory Asset",0.00,,4.625,"Count In Each (ce)","Count by the Count In Each",2600.00,"Raja",,4000.00,1,
,"Active","Inventory Part","9""x40T Saw Blade",,"Non","00001 · Hardware and tool Income","54300 · Hardware and tool","12100 · Inventory Asset",0.00,,2,"Count In Each (ce)","Count by the Count In Each",11500.00,"Dominus Company.Ltd",,15000.00,1,
,"Active","Inventory Part","Air Spray Gun",,"Non","00001 · Hardware and tool Income","54300 · Hardware and tool","12100 · Inventory Asset",0.00,,0,"Count In Each (ce)","Count by the Count In Each",41450.00,"Dominus Company.Ltd",,48000.00,1,"A831407"
,"Active","Inventory Part","9""x80T Saw Blade",,"Non","00001 · Hardware and tool Income","54300 · Hardware and tool","12100 · Inventory Asset",0.00,,-4,"Count In Each (ce)","Count by the Count In Each",17700.00,"Dominus Company.Ltd",,25000.00,1,
,"Active","Inventory Part","Kony Magnet Puller",,"Non","00001 · Hardware and tool Income","54300 · Hardware and tool","12100 · Inventory Asset",0.00,,1,"count in box (cb)","Count by the count in Pack",21500.00,"Tools For You Group Myanmar",,25000.00,"",
,"Active","Inventory Part","Dc Sapner Switch",,"Non","00001 · Hardware and tool Income","54300 · Hardware and tool","12100 · Inventory Asset",0.00,,3,"Count In Each (ce)","Count by the Count In Each",6000.00,"Tools For You Group Myanmar",,8000.00,"",
,"Active","Inventory Part","Tire remover",,"Non","00001 · Hardware and tool Income","54300 · Hardware and tool","12100 · Inventory Asset",0.00,,1,"Count In Each (ce)","Count by the Count In Each",6000.00,"Tools For You Group Myanmar",,8000.00,"",
,"Active","Inventory Part","Dt-9205A Multimeter",,"Non","00001 · Hardware and tool Income","54300 · Hardware and tool","12100 · Inventory Asset",0.00,,1,"count in box (cb)","Count by the count in Pack",23500.00,"Tools For You Group Myanmar",,29375.00,"","DT-9205A"
,"Active","Inventory Part","10""/250mm A6 Type Groove Joint",,"Non","00001 · Hardware and tool Income","54300 · Hardware and tool","12100 · Inventory Asset",0.00,,1,"Count In Each (ce)","Count by the Count In Each",10250.00,"Dominus Company.Ltd",,13000.00,"","100412"
,"Active","Inventory Part","digital Clipper",,"Non","00001 · Hardware and tool Income","54300 · Hardware and tool","12100 · Inventory Asset",0.00,,-1,"Count In Each (ce)","Count by the Count In Each",15000.00,"Raja",,22000.00,"",
,"Active","Inventory Part","22"" /550mm Multifunction Protra",,"Non","00001 · Hardware and tool Income","54300 · Hardware and tool","12100 · Inventory Asset",0.00,,3,"Count In Each (ce)","Count by the Count In Each",27300.00,"Dominus Company.Ltd",,32760.00,1,"282314"
,"Active","Inventory Part","Angle Adjustable Digital Multim",,"Non","00001 · Hardware and tool Income","54300 · Hardware and tool","12100 · Inventory Asset",0.00,,0,"Count In Each (ce)","Count by the Count In Each",23850.00,"Dominus Company.Ltd",,30000.00,"","284802"
,"Active","Inventory Part","Digital Multimeter",,"Non","00001 · Hardware and tool Income","54300 · Hardware and tool","12100 · Inventory Asset",0.00,,2,"Count In Each (ce)","Count by the Count In Each",15950.00,"Dominus Company.Ltd",,25000.00,"","284803"
,"Active","Inventory Part","Grinder Wrench",,"Non","00001 · Hardware and tool Income","54300 · Hardware and tool","12100 · Inventory Asset",0.00,,0,"Count In Each (ce)","Count by the Count In Each",2950.00,"Dominus Company.Ltd",,3500.00,"",
,"Active","Inventory Part","HSS 1mm Twist Drill Bit",,"Non","00001 · Hardware and tool Income","54300 · Hardware and tool","12100 · Inventory Asset",0.00,,27,"Count In Each (ce)","Count by the Count In Each",750.00,"Dominus Company.Ltd",,1120.00,1,"500301"
,"Active","Inventory Part","5"" P600 Sanding Disc",,"Non","54300 · Hardware and tool","54300 · Hardware and tool","12100 · Inventory Asset",0.00,,45,"Count In Each (ce)","Count by the Count In Each",312.00,"Dominus Company.Ltd",,450.00,1,"560640"
,"Active","Inventory Part","5"" P400 Sanding Disc",,"Non","00001 · Hardware and tool Income","54300 · Hardware and tool","12100 · Inventory Asset",0.00,,45,"Count In Each (ce)","Count by the Count In Each",312.00,"Dominus Company.Ltd",,450.00,1,"560639"
,"Active","Inventory Part","5"" P320 Sanding Disc",,"Non","00001 · Hardware and tool Income","54300 · Hardware and tool","12100 · Inventory Asset",0.00,,25,"Count In Each (ce)","Count by the Count In Each",312.00,"Dominus Company.Ltd",,450.00,1,"560638"
,"Active","Inventory Part","5"" P240 Sanding Disc",,"Non","00001 · Hardware and tool Income","54300 · Hardware and tool","12100 · Inventory Asset",0.00,,45,"Count In Each (ce)","Count by the Count In Each",312.00,"Dominus Company.Ltd",,450.00,1,"560637"
,"Active","Inventory Part","5"" P180 Sanding Disc",,"Non","00001 · Hardware and tool Income","54300 · Hardware and tool","12100 · Inventory Asset",0.00,,50,"Count In Each (ce)","Count by the Count In Each",312.00,"Dominus Company.Ltd",,450.00,1,"560636"
,"Active","Inventory Part","5"" P120 Sanding Disc",,"Non","00001 · Hardware and tool Income","54300 · Hardware and tool","12100 · Inventory Asset",0.00,,50,"Count In Each (ce)","Count by the Count In Each",312.00,"Dominus Company.Ltd",,450.00,1,"560635"
,"Active","Inventory Part","5"" P80 Sanding Disc",,"Non","00001 · Hardware and tool Income","54300 · Hardware and tool","12100 · Inventory Asset",0.00,,50,"Count In Each (ce)","Count by the Count In Each",312.00,"Dominus Company.Ltd",,450.00,1,"560633"
,"Active","Inventory Part","125mm (5"") Sanding Disc 560632",,"Non","00001 · Hardware and tool Income","54300 · Hardware and tool","12100 · Inventory Asset",0.00,,50,"Count In Each (ce)","Count by the Count In Each",312.00,"Dominus Company.Ltd",,450.00,1,"560632"
,"Active","Inventory Part","125mm (5"") Sanding Disc",,"Non","00001 · Hardware and tool Income","54300 · Hardware and tool","12100 · Inventory Asset",0.00,,0,"Count In Each (ce)","Count by the Count In Each",312.00,"Dominus Company.Ltd",,450.00,1,"560631"
,"Active","Inventory Part","12Pcs Router Bits Set 8mm",,"Non","00001 · Hardware and tool Income","54300 · Hardware and tool","12100 · Inventory Asset",0.00,,0,"count in box (cb)","Count by the count in Pack",40450.00,"Dominus Company.Ltd",,52000.00,"","610101"
,"Active","Inventory Part","Double Open End Spanner 12x13mm",,"Non","00001 · Hardware and tool Income","54300 · Hardware and tool","12100 · Inventory Asset",0.00,,7,"Count In Each (ce)","Count by the Count In Each",3050.00,"Dominus Company.Ltd",,5000.00,"","190404"
,"Active","Inventory Part","13pcs Hss Drill Bits Set",,"Non","00001 · Hardware and tool Income","54300 · Hardware and tool","12100 · Inventory Asset",0.00,,10,"count in box (cb)","Count by the count in Pack",13500.00,"Dominus Company.Ltd",,15000.00,"","501001"
,"Active","Inventory Part","Clean Water Submersible Pump",,"Non","00001 · Hardware and tool Income","54300 · Hardware and tool","12100 · Inventory Asset",0.00,,0,"count in box (cb)","Count by the count in Pack",105300.00,"Dominus Company.Ltd",,150000.00,"","G840501"
,"Active","Inventory Part","High Pressure Washer",,"Non","00001 · Hardware and tool Income","54300 · Hardware and tool","12100 · Inventory Asset",0.00,,1,"count in box (cb)","Count by the count in Pack",168700.00,"Dominus Company.Ltd",,200000.00,"","G840403"
,"Active","Inventory Part","20mm Wood Drill Long",,"Non","00001 · Hardware and tool Income","54300 · Hardware and tool","12100 · Inventory Asset",0.00,,3,"Count In Each (ce)","Count by the Count In Each",3200.00,"Raja",,5000.00,"",
,"Active","Inventory Part","Spring Screwbitz holder",,"Non","00001 · Hardware and tool Income","54300 · Hardware and tool","12100 · Inventory Asset",0.00,,2,"Count In Each (ce)","Count by the Count In Each",3300.00,"Raja",,5000.00,"",
,"Active","Inventory Part","5 pcs Wire Brush",,"Non","00001 · Hardware and tool Income","54300 · Hardware and tool","12100 · Inventory Asset",0.00,,3,"Count In Each (ce)","Count by the Count In Each",5500.00,"Raja",,7000.00,"",
,"Active","Inventory Part","7.5m Ruler Box",,"Non","54300 · Hardware and tool","54300 · Hardware and tool","12100 · Inventory Asset",0.00,,7.66667,"Count In Each (ce)","Count by the Count In Each",10800.00,"Raja",,14727.27312,1,
,"Active","Inventory Part","Gas Torch",,"Non","00001 · Hardware and tool Income","54300 · Hardware and tool","12100 · Inventory Asset",0.00,,5,"Count In Each (ce)","Count by the Count In Each",8500.00,"Raja",,14166.66695,"",
,"Active","Inventory Part","16mm Wood Drill Bits",,"Non","00001 · Hardware and tool Income","54300 · Hardware and tool","12100 · Inventory Asset",0.00,,0,"Count In Each (ce)","Count by the Count In Each",2500.00,"Raja",,4000.00,"",
,"Active","Inventory Part","Cir Clip Plier Inter Bent 6",,"Non","00001 · Hardware and tool Income","54300 · Hardware and tool","12100 · Inventory Asset",0.00,,16,"Count In Each (ce)","Count by the Count In Each",7350.00,"Raja",,10000.00,"",
,"Active","Inventory Part","6"" Plier",,"Non","00001 · Hardware and tool Income","54300 · Hardware and tool","12100 · Inventory Asset",0.00,,6,"Count In Each (ce)","Count by the Count In Each",5000.00,"Raja",,6666.6665,"",
,"Active","Inventory Part","3Pcs 1/2 Drill Chuck",,"Non","00001 · Hardware and tool Income","54300 · Hardware and tool","12100 · Inventory Asset",0.00,,9,"Count In Each (ce)","Count by the Count In Each",11000.00,"Raja",,15000.00,"",
,"Active","Inventory Part","Double Open Wrench 24x27",,"Non","00001 · Hardware and tool Income","54300 · Hardware and tool","12100 · Inventory Asset",0.00,,1,"Count In Each (ce)","Count by the Count In Each",5500.00,"Raja",,7500.00,"",
,"Active","Inventory Part","Double ring Offset spanner2427",,"Non","00001 · Hardware and tool Income","54300 · Hardware and tool","12100 · Inventory Asset",0.00,,5,"Count In Each (ce)","Count by the Count In Each",4400.00,"Raja",,9545.45475,"",
,"Active","Inventory Part","Double Open Wrench 21x23",,"Non","00001 · Hardware and tool Income","54300 · Hardware and tool","12100 · Inventory Asset",0.00,,4,"Count In Each (ce)","Count by the Count In Each",3400.00,"Raja",,5500.00,"",
,"Active","Inventory Part","Double Ring Spanner 21x23",,"Non","00001 · Hardware and tool Income","54300 · Hardware and tool","12100 · Inventory Asset",0.00,,2,"Count In Each (ce)","Count by the Count In Each",4000.00,"Raja",,5500.00,"",
,"Active","Inventory Part","20m Fiberglass Tape",,"Non","00001 · Hardware and tool Income","54300 · Hardware and tool","12100 · Inventory Asset",0.00,,6,"Count In Each (ce)","Count by the Count In Each",16600.00,"Dominus Company.Ltd",,22000.00,"","281120"
,"Active","Inventory Part","X Power",,"Non","000008 · Lubricant and Oil Income","Lubricant and Oil","12100 · Inventory Asset",0.00,,0,"Count In Each (ce)","Count by the Count In Each",7300.00,"PYITAN PADAMYAR Lubricants",,8716.41827,1,
,"Active","Inventory Part","Modern 5L",,"Non","000008 · Lubricant and Oil Income","Lubricant and Oil","12100 · Inventory Asset",0.00,,0,"Count In Each (ce)","Count by the Count In Each",21000.00,"PYITAN PADAMYAR Lubricants",,25000.00,"",
,"Active","Inventory Part","Modern 4L",,"Non","000008 · Lubricant and Oil Income","Lubricant and Oil","12100 · Inventory Asset",0.00,,0,"Count In Each (ce)","Count by the Count In Each",21000.00,"PYITAN PADAMYAR Lubricants",,25000.00,"",
,"Active","Inventory Part","7"" Wool Polishing Bannet",,"Non","00001 · Hardware and tool Income","54300 · Hardware and tool","12100 · Inventory Asset",0.00,,4,"Count In Each (ce)","Count by the Count In Each",10200.00,"Dominus Company.Ltd",,13000.00,"","560402"
,"Active","Inventory Part","5"" Wool Polishing Bonnet",,"Non","00001 · Hardware and tool Income","54300 · Hardware and tool","12100 · Inventory Asset",0.00,,5,"Count In Each (ce)","Count by the Count In Each",7400.00,"Dominus Company.Ltd",,10000.00,"","560401"
,"Active","Inventory Part","180mm Polisher",,"Non","00001 · Hardware and tool Income","54300 · Hardware and tool","12100 · Inventory Asset",0.00,,1,"count in box (cb)","Count by the count in Pack",161900.00,"Dominus Company.Ltd",,340000.00,"","AG13001P"
,"Active","Inventory Part","T.C.T for WOOD 7""/180mmx60T",,"Non","00001 · Hardware and tool Income","54300 · Hardware and tool","12100 · Inventory Asset",0.00,,1,"Count In Each (ce)","Count by the Count In Each",10450.00,"Dominus Company.Ltd",,16076.92268,"",
,"Active","Inventory Part","PH2x150mm Go Through Screwdrive",,"Non","00001 · Hardware and tool Income","54300 · Hardware and tool","12100 · Inventory Asset",0.00,,13,"Count In Each (ce)","Count by the Count In Each",7700.00,"Dominus Company.Ltd",,9964.70552,1,"245615"
,"Active","Inventory Part","SL 6x150mm Go Through Screwdriv",,"Non","00001 · Hardware and tool Income","54300 · Hardware and tool","12100 · Inventory Asset",0.00,,10,"Count In Each (ce)","Count by the Count In Each",8500.00,"Dominus Company.Ltd",,12000.00,1,"244615"
,"Active","Inventory Part","PH3x200mm Go Through Screwdrive",,"Non","00001 · Hardware and tool Income","54300 · Hardware and tool","12100 · Inventory Asset",0.00,,10,"Count In Each (ce)","Count by the Count In Each",5350.00,"Dominus Company.Ltd",,6500.00,1,"245820"
,"Active","Inventory Part","SL 8x200mm Go Through Screwdriv",,"Non","00001 · Hardware and tool Income","54300 · Hardware and tool","12100 · Inventory Asset",0.00,,-1,"Count In Each (ce)","Count by the Count In Each",5350.00,"Dominus Company.Ltd",,6500.00,1,"244820"
,"Active","Inventory Part","5pcs Scroll Saw Blade",,"Non","00001 · Hardware and tool Income","54300 · Hardware and tool","12100 · Inventory Asset",0.00,,4,"Count In Each (ce)","Count by the Count In Each",4200.00,"Dominus Company.Ltd",,6000.00,"","620301"
,"Active","Inventory Part","750W Angle Grinder",,"Non","00001 · Hardware and tool Income","54300 · Hardware and tool","12100 · Inventory Asset",0.00,,0,"count in box (cb)","Count by the count in Pack",51500.00,"Dominus Company.Ltd",,60000.00,"","P800405"
,"Active","Inventory Part","13mm Impact Drill",,"Non","00001 · Hardware and tool Income","54300 · Hardware and tool","12100 · Inventory Asset",0.00,,0,"Count In Each (ce)","Count by the Count In Each",46800.00,"Dominus Company.Ltd",,55000.00,1,"P800218"
,"Active","Inventory Part","Screwdriver 6.5mm100mm(+) Slot",,"Non","00001 · Hardware and tool Income","54300 · Hardware and tool","12100 · Inventory Asset",0.00,,-1,"Count In Each (ce)","Count by the Count In Each",2700.00,"Dominus Company.Ltd",,4000.00,1,"241610"
,"Active","Inventory Part","Chain Cutter Slim",,"Non","00001 · Hardware and tool Income","54300 · Hardware and tool","12100 · Inventory Asset",0.00,,10,"Count In Each (ce)","Count by the Count In Each",13000.00,"Shwe La Yaung",,19117.6466,"",
,"Active","Inventory Part","Plug Spaner Gray",,"Non","00001 · Hardware and tool Income","54300 · Hardware and tool","12100 · Inventory Asset",0.00,,0,"Count In Each (ce)","Count by the Count In Each",1680.00,"Shwe La Yaung",,2000.00,"",
,"Active","Inventory Part","Valve handle With Carbite",,"Non","00001 · Hardware and tool Income","54300 · Hardware and tool","12100 · Inventory Asset",0.00,,1,"Count In Each (ce)","Count by the Count In Each",5600.00,"Shwe La Yaung",,7000.00,"",
,"Active","Inventory Part","Valve Handle Simple",,"Non","00001 · Hardware and tool Income","54300 · Hardware and tool","12100 · Inventory Asset",0.00,,1,"Count In Each (ce)","Count by the Count In Each",5600.00,"Shwe La Yaung",,7000.00,"",
,"Active","Inventory Part","3Pcs Valve Cutter",,"Non","54300 · Hardware and tool","54300 · Hardware and tool","12100 · Inventory Asset",0.00,,-1,"count in box (cb)","Count by the count in Pack",16800.00,"Shwe La Yaung",,20000.00,"",
,"Active","Inventory Part","39-41mm Govener Box Spaner",,"Non","00001 · Hardware and tool Income","54300 · Hardware and tool","12100 · Inventory Asset",0.00,,0,"Count In Each (ce)","Count by the Count In Each",14750.00,"Shwe La Yaung",,17000.00,"",
,"Active","Inventory Part","Tappet Key Adjuster 10mm",,"Non","54300 · Hardware and tool","54300 · Hardware and tool","12100 · Inventory Asset",0.00,,4,"Count In Each (ce)","Count by the Count In Each",2850.00,"Shwe La Yaung",,4000.00,"",
,"Active","Inventory Part","Tappet Key Adjuster 9mm",,"Non","00001 · Hardware and tool Income","54300 · Hardware and tool","12100 · Inventory Asset",0.00,,1,"Count In Each (ce)","Count by the Count In Each",2850.00,"Shwe La Yaung",,4000.00,"",
,"Active","Inventory Part","Timing Chain Cutter",,"Non","00001 · Hardware and tool Income","54300 · Hardware and tool","12100 · Inventory Asset",0.00,,0,"count in box (cb)","Count by the count in Pack",8800.00,"Shwe La Yaung",,10000.00,"",
,"Active","Inventory Part","Wynn Ball Eject Arms (inside)",,"Non","54300 · Hardware and tool","54300 · Hardware and tool","12100 · Inventory Asset",0.00,,0,"count in box (cb)","Count by the count in Pack",46000.00,"Shwe La Yaung",,60000.00,1,
,"Active","Inventory Part","20v Lithium Cordless angle Grin",,"Non","00001 · Hardware and tool Income","54300 · Hardware and tool","12100 · Inventory Asset",0.00,,1.68421,"Count In Each (ce)","Count by the Count In Each",340650.00,"Dominus Company.Ltd",,360000.00,0,"P800110"
,"Active","Inventory Part","Bit Holder Vesda",,"Non","00001 · Hardware and tool Income","54300 · Hardware and tool","12100 · Inventory Asset",0.00,,16,"Count In Each (ce)","Count by the Count In Each",4175.00,"Up To Date",,6500.00,1,
,"Active","Inventory Part","8PCS HEX KEY SET WITH KEYRING",,"Non","00001 · Hardware and tool Income","54300 · Hardware and tool","12100 · Inventory Asset",0.00,,0,"count in box (cb)","Count by the count in Pack",3450.00,"Dominus Company.Ltd",,5307.69218,"","260111"
,"Active","Inventory Part","7""185MM ALUMINUM RAFTER SQUARE",,"Non","00001 · Hardware and tool Income","54300 · Hardware and tool","12100 · Inventory Asset",0.00,,1,"Count In Each (ce)","Count by the Count In Each",13300.00,"Denso Service",,17300.00,"","282313"
,"Active","Inventory Part","Pruning Shears 7""/180mm",,"Non","00001 · Hardware and tool Income","54300 · Hardware and tool","12100 · Inventory Asset",0.00,,0,"Count In Each (ce)","Count by the Count In Each",8950.00,"Dominus Company.Ltd",,15000.00,"","353701"
,"Active","Inventory Part","INSULATED COMBINATION PLIER",,"Non","00001 · Hardware and tool Income","54300 · Hardware and tool","12100 · Inventory Asset",0.00,,0,"Count In Each (ce)","Count by the Count In Each",15500.00,"Dominus Company.Ltd",,30000.00,"","100303"
,"Active","Inventory Part","9""/230MM Multifunctional Wire S",,"Non","00001 · Hardware and tool Income","54300 · Hardware and tool","12100 · Inventory Asset",0.00,,4,"Count In Each (ce)","Count by the Count In Each",17150.00,"Dominus Company.Ltd",,25000.00,"","140301"
,"Active","Inventory Part","Crimping Plier 7""/180mm",,"Non","00001 · Hardware and tool Income","54300 · Hardware and tool","12100 · Inventory Asset",0.00,,11,"Count In Each (ce)","Count by the Count In Each",12400.00,"Dominus Company.Ltd",,20000.00,"","140201"
,"Active","Inventory Part","Circlip Plier (Internal Bent) 7",,"Non","00001 · Hardware and tool Income","54300 · Hardware and tool","12100 · Inventory Asset",0.00,,-1,"Count In Each (ce)","Count by the Count In Each",6900.00,"Dominus Company.Ltd",,8500.00,1,"101002-D"
,"Active","Inventory Part","Scroll Saw 410mm",,"Non","00001 · Hardware and tool Income","54300 · Hardware and tool","12100 · Inventory Asset",0.00,,0,"count in box (cb)","Count by the count in Pack",254250.00,"Dominus Company.Ltd",,270000.00,"","P-805209"
,"Active","Inventory Part","3pcs Spark Plug Spaner",,"Non","00001 · Hardware and tool Income","54300 · Hardware and tool","12100 · Inventory Asset",0.00,,1,"count in box (cb)","Count by the count in Pack",7200.00,"Dominus Company.Ltd",,10000.00,1,"201612"
,"Active","Inventory Part","5pcs Japan",,"Non","00001 · Hardware and tool Income","54300 · Hardware and tool","12100 · Inventory Asset",0.00,,0,"count in box (cb)","Count by the count in Pack",5150.00,"Dominus Company.Ltd",,6500.00,"","A832035"
,"Active","Inventory Part","Air Blow Gun",,"Non","00001 · Hardware and tool Income","54300 · Hardware and tool","12100 · Inventory Asset",0.00,,8,"count in box (cb)","Count by the count in Pack",5750.00,"Dominus Company.Ltd",,7000.00,"","X-DG-10"
,"Active","Inventory Part","5000pcs 10J Series Staple 4",,"Non","54300 · Hardware and tool","54300 · Hardware and tool","12100 · Inventory Asset",0.00,,2,"count in box (cb)","Count by the count in Pack",7100.00,"Dominus Company.Ltd",,14000.00,"","171013"
,"Active","Inventory Part","5000pcs 10J Series Staple 3",,"Non","00001 · Hardware and tool Income","54300 · Hardware and tool","12100 · Inventory Asset",0.00,,3,"count in box (cb)","Count by the count in Pack",6000.00,"Dominus Company.Ltd",,13000.00,"","171010"
,"Active","Inventory Part","5000pcs 10J Series Staple 2",,"Non","00001 · Hardware and tool Income","54300 · Hardware and tool","12100 · Inventory Asset",0.00,,0.33846,"count in box (cb)","Count by the count in Pack",5450.00,"Dominus Company.Ltd",,12000.00,"","171008"
,"Active","Inventory Part","5000pcs 10J Series Staple",,"Non","00001 · Hardware and tool Income","54300 · Hardware and tool","12100 · Inventory Asset",0.00,,-0.40914,"count in box (cb)","Count by the count in Pack",8500.00,"Dominus Company.Ltd",,11000.00,"","171006"
,"Active","Inventory Part","LI-ION CORDLESS HAIR",,"Non","00001 · Hardware and tool Income","54300 · Hardware and tool","12100 · Inventory Asset",0.00,,2,"Count In Each (ce)","Count by the Count In Each",45000.00,"Dominus Company.Ltd",,52000.00,"","P801405"
,"Active","Inventory Part","Fine Crown",,"Non","00001 · Hardware and tool Income","54300 · Hardware and tool","12100 · Inventory Asset",0.00,,1,"pair (pr)","Count by the pair",66150.00,"Dominus Company.Ltd",,75000.00,"","A831222"
,"Active","Inventory Part","4.5"" Thin Jaw Electronical Nipp",,"Non","00001 · Hardware and tool Income","54300 · Hardware and tool","12100 · Inventory Asset",0.00,,16,"Count In Each (ce)","Count by the Count In Each",11250.00,"Dominus Company.Ltd",,16071.42825,1,"140711"
,"Active","Inventory Part","18V Mini Grinder",,"Non","00001 · Hardware and tool Income","54300 · Hardware and tool","12100 · Inventory Asset",0.00,,0,"Count In Each (ce)","Count by the Count In Each",38100.00,"Dominus Company.Ltd",,45222.55116,"","P801207"
,"Active","Inventory Part","20V 2000MAH CHARGER",,"Non","00001 · Hardware and tool Income","50000 · Cost of Goods Sold","12100 · Inventory Asset",0.00,,0,"count in box (cb)","Count by the count in Pack",30950.00,"Dominus Company.Ltd",,40000.00,"","P800163"
,"Active","Inventory Part","P800409 Grinder Carbon",,"Non","00001 · Hardware and tool Income","54300 · Hardware and tool","12100 · Inventory Asset",0.00,,0,"pair (pr)","Count by the pair",1500.00,"Dominus Company.Ltd",,2500.00,1,
,"Active","Inventory Part","65mm Pendulum Jig Saw 01",,"Non","00001 · Hardware and tool Income","54300 · Hardware and tool","12100 · Inventory Asset",0.00,,1,"Count In Each (ce)","Count by the Count In Each",55350.00,"Dominus Company.Ltd",,65000.00,1,"P800701"
,"Active","Inventory Part","800105 Battery",,"Non","00001 · Hardware and tool Income","54300 · Hardware and tool","12100 · Inventory Asset",0.00,,0,"Count In Each (ce)","Count by the Count In Each",58400.00,"Dominus Company.Ltd",,65000.00,"","800105 B"
,"Active","Inventory Part","QC Chain Sprocket Red box",,"Non","000004 · Motor cycle Income","54200 · Motor Cycle","12100 · Inventory Asset",0.00,,0,"Count In Each (ce)","Count by the Count In Each",9600.00,"Thar Aung & Bros",,12000.00,0,
,"Active","Inventory Part","25580 NTN",,"Non","000007 · Ball & Bearing","54599 · Ball and Bearing","12100 · Inventory Asset",0.00,,5,"Count In Each (ce)","Count by the Count In Each",6000.00,"Kyaw Ball",,14000.00,1,
,"Active","Inventory Part","62/22 Koyo",,"Non","000007 · Ball & Bearing","54599 · Ball and Bearing","12100 · Inventory Asset",0.00,,0,"Count In Each (ce)","Count by the Count In Each",5500.00,"Kyaw Ball",,7500.00,1,
,"Active","Inventory Part","626DD NC",,"Non","000007 · Ball & Bearing","54599 · Ball and Bearing","12100 · Inventory Asset",0.00,,8,"Count In Each (ce)","Count by the Count In Each",400.00,"Kyaw San Min Co,Ltd",,1000.00,1,
,"Active","Inventory Part","627DD NC",,"Non","000007 · Ball & Bearing","54599 · Ball and Bearing","12100 · Inventory Asset",0.00,,8,"Count In Each (ce)","Count by the Count In Each",400.00,"Kyaw San Min Co,Ltd",,1000.00,1,
,"Active","Inventory Part","steering handle cover 02",,"Non","000004 · Motor cycle Income","54200 · Motor Cycle","12100 · Inventory Asset",0.00,,14,"Count In Each (ce)","Count by the Count In Each",850.00,"Thar Aung & Bros",,1500.00,1,
,"Active","Inventory Part","6 Screwdriver +",,"Non","00001 · Hardware and tool Income","54300 · Hardware and tool","12100 · Inventory Asset",0.00,,11,"Count In Each (ce)","Count by the Count In Each",3500.00,"Raja",,6000.00,1,
,"Active","Inventory Part","Diagonal Cutting Plier 6""/150mm",,"Non","00001 · Hardware and tool Income","54300 · Hardware and tool","12100 · Inventory Asset",0.00,,0,"Count In Each (ce)","Count by the Count In Each",7400.00,"Dominus Company.Ltd",,8500.00,1,"100107"
,"Active","Inventory Part","Grease Box 2",,"Non","000008 · Lubricant and Oil Income","Lubricant and Oil","12100 · Inventory Asset",0.00,,0,"Count In Each (ce)","Count by the Count In Each",300.00,"Thar Aung & Bros",,360.00,1,
,"Active","Inventory Part","Hero No.12 Welding",,"Non","00001 · Hardware and tool Income","54300 · Hardware and tool","12100 · Inventory Asset",0.00,,0,"count in box (cb)","Count by the count in Pack",5510.00,"Raja",,7000.00,1,
,"Active","Inventory Part","2Lbs Hammer With Handle",,"Non","00001 · Hardware and tool Income","54300 · Hardware and tool","12100 · Inventory Asset",0.00,,1,"Count In Each (ce)","Count by the Count In Each",3325.00,"Raja",,5000.00,0,
,"Active","Inventory Part","3Lbs Hammer With Handle",,"Non","00001 · Hardware and tool Income","54300 · Hardware and tool","12100 · Inventory Asset",0.00,,0,"Count In Each (ce)","Count by the Count In Each",4275.00,"Raja",,6500.00,0,
,"Active","Inventory Part","4Lbs Hammer With Handle",,"Non","00001 · Hardware and tool Income","54300 · Hardware and tool","12100 · Inventory Asset",0.00,,0,"Count In Each (ce)","Count by the Count In Each",5700.00,"Raja",,8000.00,0,
,"Active","Inventory Part","KYK Spark Plug",,"Non","000004 · Motor cycle Income","54200 · Motor Cycle","12100 · Inventory Asset",0.00,,7,"Count In Each (ce)","Count by the Count In Each",1400.00,"Thar Aung & Bros",,2800.00,1,
,"Active","Inventory Part","Digital Clamp Meter",,"Non","00001 · Hardware and tool Income","54300 · Hardware and tool","12100 · Inventory Asset",0.00,,0,"Count In Each (ce)","Count by the Count In Each",27750.00,"Dominus Company.Ltd",,40000.00,1,"284801"
,"Active","Inventory Part","5x190mm Automotive Circuit Test",,"Non","00001 · Hardware and tool Income","54300 · Hardware and tool","12100 · Inventory Asset",0.00,,0,"Count In Each (ce)","Count by the Count In Each",5450.00,"Dominus Company.Ltd",,7785.71413,1,"286006"
,"Active","Inventory Part","4x190mm AC Voltage Tester",,"Non","00001 · Hardware and tool Income","54300 · Hardware and tool","12100 · Inventory Asset",0.00,,-1,"Count In Each (ce)","Count by the Count In Each",3100.00,"Dominus Company.Ltd",,5276.59587,1,"286012"
,"Active","Inventory Part","75mm (3"") Corner Clamp",,"Non","00001 · Hardware and tool Income","54300 · Hardware and tool","12100 · Inventory Asset",0.00,,4,"Count In Each (ce)","Count by the Count In Each",12950.00,"Dominus Company.Ltd",,17000.00,1,"300302"
,"Active","Inventory Part","Quick Release Magnetic Bits Hol",,"Non","00001 · Hardware and tool Income","54300 · Hardware and tool","12100 · Inventory Asset",0.00,,8,"Count In Each (ce)","Count by the Count In Each",5750.00,"Dominus Company.Ltd",,12500.00,1,"251001"
,"Active","Inventory Part","Piezo Ignition Gas Torch",,"Non","00001 · Hardware and tool Income","54300 · Hardware and tool","12100 · Inventory Asset",0.00,,0,"Count In Each (ce)","Count by the Count In Each",22350.00,"Dominus Company.Ltd",,35000.00,1,"710411"
,"Active","Inventory Part","Manual Ignition Gas Torch",,"Non","00001 · Hardware and tool Income","54300 · Hardware and tool","12100 · Inventory Asset",0.00,,10,"Count In Each (ce)","Count by the Count In Each",24300.00,"Dominus Company.Ltd",,31104.00,1,"710410"
,"Active","Inventory Part","100mm 750W Angle Grinde",,"Non","00001 · Hardware and tool Income","54300 · Hardware and tool","12100 · Inventory Asset",0.00,,0,"Count In Each (ce)","Count by the Count In Each",53250.00,"Dominus Company.Ltd",,60000.00,1,"P800427"
,"Active","Inventory Part","8in1 Multi-Function Socket Wren",,"Non","00001 · Hardware and tool Income","54300 · Hardware and tool","12100 · Inventory Asset",0.00,,0,"Count In Each (ce)","Count by the Count In Each",27850.00,"Dominus Company.Ltd",,33000.00,1,"191481"
,"Active","Inventory Part","6Pcs Precision Screwdriver Set",,"Non","00001 · Hardware and tool Income","54300 · Hardware and tool","12100 · Inventory Asset",0.00,,-1,"count in box (cb)","Count by the count in Pack",7500.00,"Dominus Company.Ltd",,10588.23525,1,"242006"
,"Active","Inventory Part","Double Open End Spanner 8x9mm",,"Non","00001 · Hardware and tool Income","54300 · Hardware and tool","12100 · Inventory Asset",0.00,,11,"Count In Each (ce)","Count by the Count In Each",2700.00,"Dominus Company.Ltd",,3000.00,1,"190402"
,"Active","Inventory Part","160mm (6"") 4in1 Circlip Pliers",,"Non","00001 · Hardware and tool Income","54300 · Hardware and tool","12100 · Inventory Asset",0.00,,3,"Count In Each (ce)","Count by the Count In Each",7150.00,"Dominus Company.Ltd",,8000.00,1,"101004"
,"Active","Inventory Part","34Pcs Ratchet Screwdriver Set",,"Non","54300 · Hardware and tool","54300 · Hardware and tool","12100 · Inventory Asset",0.00,,3,"count in box (cb)","Count by the count in Pack",15150.00,"Dominus Company.Ltd",,26000.00,1,"250534"
,"Active","Inventory Part","10Pcs PH2-110mm Double End Scre",,"Non","00001 · Hardware and tool Income","54300 · Hardware and tool","12100 · Inventory Asset",0.00,,-2,"Count In Each (ce)","Count by the Count In Each",1100.00,"Dominus Company.Ltd",,2000.00,1,"251014"
,"Active","Inventory Part","6mm Tile & Glass Drill Bits",,"Non","00001 · Hardware and tool Income","54300 · Hardware and tool","12100 · Inventory Asset",0.00,,5,"Count In Each (ce)","Count by the Count In Each",2850.00,"Dominus Company.Ltd",,7000.00,1,"520406"
,"Active","Inventory Part","5mm Tile & Glass Drill Bits",,"Non","00001 · Hardware and tool Income","54300 · Hardware and tool","12100 · Inventory Asset",0.00,,10,"Count In Each (ce)","Count by the Count In Each",2400.00,"Dominus Company.Ltd",,3500.00,1,"520405"
,"Active","Inventory Part","4mm Tile & Glass Drill Bits",,"Non","00001 · Hardware and tool Income","54300 · Hardware and tool","12100 · Inventory Asset",0.00,,10,"Count In Each (ce)","Count by the Count In Each",2400.00,"Dominus Company.Ltd",,3000.00,1,"520404"
,"Active","Inventory Part","Arrow Magnetic Welding Holder 2",,"Non","00001 · Hardware and tool Income","54300 · Hardware and tool","12100 · Inventory Asset",0.00,,0,"Count In Each (ce)","Count by the Count In Each",6200.00,"Dominus Company.Ltd",,8000.00,1,"456063"
,"Active","Inventory Part","Polar",,"Non","000008 · Lubricant and Oil Income","Lubricant and Oil","12100 · Inventory Asset",0.00,,-1,"Count In Each (ce)","Count by the Count In Each",7500.00,"PYITAN PADAMYAR Lubricants",,8653.8465,1,
,"Active","Inventory Part","crocodile .5KG",,"Non","000008 · Lubricant and Oil Income","Lubricant and Oil","12100 · Inventory Asset",0.00,,0,"Count In Each (ce)","Count by the Count In Each",2200.00,"Three Star",,3500.00,1,
,"Active","Inventory Part","Silicon Glue Clean",,"Non","00001 · Hardware and tool Income","54300 · Hardware and tool","12100 · Inventory Asset",0.00,,21,"Count In Each (ce)","Count by the Count In Each",2350.00,,,3500.00,1,
,"Active","Inventory Part","WD-40 191ML",,"Non","00001 · Hardware and tool Income","54300 · Hardware and tool","12100 · Inventory Asset",0.00,,10,"Count In Each (ce)","Count by the Count In Each",6700.00,"Raja",,9000.00,1,
,"Active","Inventory Part","Trade Brake Oil .5",,"Non","000008 · Lubricant and Oil Income","Lubricant and Oil","12100 · Inventory Asset",0.00,,1,"Count In Each (ce)","Count by the Count In Each",3800.00,"Three Star",,5000.00,1,
,"Active","Inventory Part","Mini Air Conpressor",,"Non","00001 · Hardware and tool Income","54300 · Hardware and tool","12100 · Inventory Asset",0.00,,0,"Count In Each (ce)","Count by the Count In Each",44100.00,"Dominus Company.Ltd",,50000.00,"","690004"
,"Active","Inventory Part","6202 NTN",,"Non","000007 · Ball & Bearing","54599 · Ball and Bearing","12100 · Inventory Asset",0.00,,1,"Count In Each (ce)","Count by the Count In Each",1150.00,"Kyaw San Min Co,Ltd",,2500.00,1,
,"Active","Inventory Part","332/28 NTN",,"Non","000007 · Ball & Bearing","54599 · Ball and Bearing","12100 · Inventory Asset",0.00,,2,"Count In Each (ce)","Count by the Count In Each",8800.00,"Kyaw San Min Co,Ltd",,12000.00,1,
,"Active","Inventory Part","Tap M12x1.75",,"Non","00001 · Hardware and tool Income","54300 · Hardware and tool","12100 · Inventory Asset",0.00,,-2.16429,"Count In Each (ce)","Count by the Count In Each",2000.00,"Raja",,3500.00,1,
,"Active","Inventory Part","6 Pieces Drill & Tap Set",,"Non","00001 · Hardware and tool Income","54300 · Hardware and tool","12100 · Inventory Asset",0.00,,2.75,"count in box (cb)","Count by the count in Pack",11000.00,"Raja",,20000.00,1,
,"Active","Inventory Part","3 Pieces Step Drill Set L",,"Non","00001 · Hardware and tool Income","54300 · Hardware and tool","12100 · Inventory Asset",0.00,,1,"Count In Each (ce)","Count by the Count In Each",6000.00,"Raja",,8000.00,1,
,"Active","Inventory Part","3 Pieces Step Drill Set M",,"Non","00001 · Hardware and tool Income","54300 · Hardware and tool","12100 · Inventory Asset",0.00,,2,"Count In Each (ce)","Count by the Count In Each",4000.00,"Raja",,6000.00,1,
,"Active","Inventory Part","3 Pieces Step Drill Set Small",,"Non","00001 · Hardware and tool Income","54300 · Hardware and tool","12100 · Inventory Asset",0.00,,7,"Count In Each (ce)","Count by the Count In Each",3000.00,"Raja",,5000.00,1,
,"Active","Inventory Part","Wax Queen 2T",,"Non","Lubricant and Oil","50000 · Cost of Goods Sold","12100 · Inventory Asset",0.00,,8,"Count In Each (ce)","Count by the Count In Each",2000.00,"Wax Queen",,6000.00,1,
,"Active","Inventory Part","Tap 3/4x1.75",,"Non","00001 · Hardware and tool Income","54300 · Hardware and tool","12100 · Inventory Asset",0.00,,0,"Count In Each (ce)","Count by the Count In Each",2500.00,"Raja",,4000.00,1,
,"Active","Inventory Part","TL 2Coil (L,L)",,"Non","000004 · Motor cycle Income","54200 · Motor Cycle","12100 · Inventory Asset",0.00,,0,"Count In Each (ce)","Count by the Count In Each",6900.00,"Thar Aung & Bros",,8000.00,1,
,"Active","Inventory Part","63/22",,"Non","000007 · Ball & Bearing","54599 · Ball and Bearing","12100 · Inventory Asset",0.00,,9,"Count In Each (ce)","Count by the Count In Each",3500.00,"Kyaw San Min Co,Ltd",,8000.00,1,
,"Active","Inventory Part","Eco Q",,"Non","000008 · Lubricant and Oil Income","Lubricant and Oil","12100 · Inventory Asset",0.00,,-2,"Count In Each (ce)","Count by the Count In Each",4200.00,"PYITAN PADAMYAR Lubricants",,5108.10804,1,
,"Active","Inventory Part","30211 LLU",,"Non","000007 · Ball & Bearing","54599 · Ball and Bearing","12100 · Inventory Asset",0.00,,8,"Count In Each (ce)","Count by the Count In Each",7500.00,"Kyaw San Min Co,Ltd",,10000.00,1,
,"Active","Inventory Part","6210 LLU",,"Non","000007 · Ball & Bearing","54599 · Ball and Bearing","12100 · Inventory Asset",0.00,,-1,"Count In Each (ce)","Count by the Count In Each",5800.00,"Kyaw San Min Co,Ltd",,7000.00,1,
,"Active","Inventory Part","HOng Ren Tree Pruner",,"Non","00001 · Hardware and tool Income","54300 · Hardware and tool","12100 · Inventory Asset",0.00,,0,"Count In Each (ce)","Count by the Count In Each",10000.00,"Raja",,13000.00,"","ZS-12705"
,"Active","Inventory Part","KSD HG-Neutral 3366 Roll White-",,"Non","00001 · Hardware and tool Income","54300 · Hardware and tool","12100 · Inventory Asset",0.00,,0,"Count In Each (ce)","Count by the Count In Each",3500.00,"Steel Dragon",,7500.00,1,"Silicone-0093"
,"Active","Inventory Part","KSD HG-Neutral 3366 Roll -Black",,"Non","00001 · Hardware and tool Income","54300 · Hardware and tool","12100 · Inventory Asset",0.00,,3,"Count In Each (ce)","Count by the Count In Each",6460.00,"Steel Dragon",,7500.00,1,"Silioncone-0090"
,"Active","Inventory Part","KSD HG-Neutral 3366 Roll White",,"Non","00001 · Hardware and tool Income","54300 · Hardware and tool","12100 · Inventory Asset",0.00,,11,"Count In Each (ce)","Count by the Count In Each",6460.00,"Steel Dragon",,7500.00,1,"Silioncon-0091"
,"Active","Inventory Part","Ptt High Speed 2T",,"Non","00001 · Hardware and tool Income","Lubricant and Oil","12100 · Inventory Asset",0.00,,0,"Count In Each (ce)","Count by the Count In Each",4500.00,"Tunn Star",,7000.00,1,
,"Active","Inventory Part","pipe clip 1/2 White",,"Non","00001 · Hardware and tool Income","54300 · Hardware and tool","12100 · Inventory Asset",0.00,,200,"Count In Each (ce)","Count by the Count In Each",65.00,"Raja",,300.00,1,
,"Active","Inventory Part","10mm Ceramic Drill Bits",,"Non","00001 · Hardware and tool Income","54300 · Hardware and tool","12100 · Inventory Asset",0.00,,10,"Count In Each (ce)","Count by the Count In Each",3500.00,"Raja",,5000.00,1,
,"Active","Inventory Part","8mm Ceramic Drill Bits",,"Non","00001 · Hardware and tool Income","54300 · Hardware and tool","12100 · Inventory Asset",0.00,,32,"Count In Each (ce)","Count by the Count In Each",1050.00,"Raja",,1500.00,0,
,"Active","Inventory Part","6mm Ceramic Drill Bits",,"Non","00001 · Hardware and tool Income","54300 · Hardware and tool","12100 · Inventory Asset",0.00,,10,"Count In Each (ce)","Count by the Count In Each",700.00,"Raja",,1000.00,"",
,"Active","Inventory Part","Soder Core Wire",,"Non","00001 · Hardware and tool Income","54300 · Hardware and tool","12100 · Inventory Asset",0.00,,6,"Count In Each (ce)","Count by the Count In Each",4300.00,"Raja",,6000.00,1,
,"Active","Inventory Part","Winstar 100W Soldering Iron",,"Non","00001 · Hardware and tool Income","54300 · Hardware and tool","12100 · Inventory Asset",0.00,,0,"Count In Each (ce)","Count by the Count In Each",6500.00,"Raja",,8000.00,1,
,"Active","Inventory Part","Double Ring Offset Spanner 6x7",,"Non","00001 · Hardware and tool Income","54300 · Hardware and tool","12100 · Inventory Asset",0.00,,20,"Count In Each (ce)","Count by the Count In Each",1700.00,"Raja",,2797.46832,1,
,"Active","Inventory Part","Pea Carbon Cleaner Threebond",,"Non","000008 · Lubricant and Oil Income","Lubricant and Oil","12100 · Inventory Asset",0.00,,13,"Count In Each (ce)","Count by the Count In Each",2500.00,"Denso Service",,3500.00,1,
,"Active","Inventory Part","626 LLU",,"Non","000007 · Ball & Bearing","54599 · Ball and Bearing","12100 · Inventory Asset",0.00,,1,"Count In Each (ce)","Count by the Count In Each",1150.00,"Kyaw San Min Co,Ltd",,1700.00,1,
,"Active","Inventory Part","TCT Grinder 710",,"Non","00001 · Hardware and tool Income","54300 · Hardware and tool","12100 · Inventory Asset",0.00,,0,"Count In Each (ce)","Count by the Count In Each",25000.00,"Raja",,30000.00,1,
,"Active","Inventory Part","Soldering Flux",,"Non","00001 · Hardware and tool Income","54300 · Hardware and tool","12100 · Inventory Asset",0.00,,5,"count in box (cb)","Count by the count in Pack",450.00,"Raja",,1000.00,1,
,"Active","Inventory Part","60 PLU Soder Core Wire",,"Non","00001 · Hardware and tool Income","54300 · Hardware and tool","12100 · Inventory Asset",0.00,,18,"Count In Each (ce)","Count by the Count In Each",412.00,"Raja",,700.00,1,
,"Active","Inventory Part","60w Soldering Iron TCT",,"Non","00001 · Hardware and tool Income","54300 · Hardware and tool","12100 · Inventory Asset",0.00,,4,"Count In Each (ce)","Count by the Count In Each",6250.00,"Raja",,8196.72125,1,
,"Active","Inventory Part","Bifa Hammer Drill",,"Non","00001 · Hardware and tool Income","54300 · Hardware and tool","12100 · Inventory Asset",0.00,,0,"count in box (cb)","Count by the count in Pack",155000.00,"Raja",,200000.00,1,
,"Active","Inventory Part","6000DD DD LLU",,"Non","000007 · Ball & Bearing","54599 · Ball and Bearing","12100 · Inventory Asset",0.00,,2,"Count In Each (ce)","Count by the Count In Each",1000.00,"Kyaw San Min Co,Ltd",,2000.00,1,
,"Active","Inventory Part","NJ/209 NC DD LLU",,"Non","000007 · Ball & Bearing","54599 · Ball and Bearing","12100 · Inventory Asset",0.00,,4,"Count In Each (ce)","Count by the Count In Each",8100.00,"Kyaw San Min Co,Ltd",,10000.00,1,
,"Active","Inventory Part","6306 DD LLU",,"Non","000007 · Ball & Bearing","54599 · Ball and Bearing","12100 · Inventory Asset",0.00,,7,"Count In Each (ce)","Count by the Count In Each",3350.00,"Kyaw San Min Co,Ltd",,5000.00,1,
,"Active","Inventory Part","7x110mm SDS Plus Drill Bits",,"Non","00001 · Hardware and tool Income","54300 · Hardware and tool","12100 · Inventory Asset",0.00,,10,"Count In Each (ce)","Count by the Count In Each",4850.00,"Dominus Company.Ltd",,7000.00,"",
,"Active","Inventory Part","LA 1/8 Silver No.1800",,"Non","00001 · Hardware and tool Income","54300 · Hardware and tool","12100 · Inventory Asset",0.00,,11,"Count In Each (ce)","Count by the Count In Each",2241.66667,"Raja",,4000.00,1,
,"Active","Inventory Part","La 1/8 Blue 1602",,"Non","00001 · Hardware and tool Income","54300 · Hardware and tool","12100 · Inventory Asset",0.00,,3,"Count In Each (ce)","Count by the Count In Each",2241.66667,"Raja",,4000.00,1,
,"Active","Inventory Part","Brick Hole saw 16mm",,"Non","00001 · Hardware and tool Income","54300 · Hardware and tool","12100 · Inventory Asset",0.00,,4,"Count In Each (ce)","Count by the Count In Each",1360.00,"Raja",,2000.00,1,
,"Active","Inventory Part","13mm Hole Saw",,"Non","00001 · Hardware and tool Income","54300 · Hardware and tool","12100 · Inventory Asset",0.00,,3,"Count In Each (ce)","Count by the Count In Each",3800.00,"Steel Dragon",,4750.00,1,
,"Active","Inventory Part","Seat Set",,"Non","000004 · Motor cycle Income","54200 · Motor Cycle","12100 · Inventory Asset",0.00,,3,"Count In Each (ce)","Count by the Count In Each",6000.00,"Min Min",,7500.00,"",
,"Active","Inventory Part","Basket W 125",,"Non","000004 · Motor cycle Income","54200 · Motor Cycle","12100 · Inventory Asset",0.00,,5,"Count In Each (ce)","Count by the Count In Each",4000.00,"Min Min",,5000.00,"",
,"Active","Inventory Part","Wire Set Head Dr 110",,"Non","000004 · Motor cycle Income","54200 · Motor Cycle","12100 · Inventory Asset",0.00,,2,"Count In Each (ce)","Count by the Count In Each",3000.00,"Min Min",,4000.00,"",
,"Active","Inventory Part","Wire Set Head CZI",,"Non","000004 · Motor cycle Income","54200 · Motor Cycle","12100 · Inventory Asset",0.00,,2,"Count In Each (ce)","Count by the Count In Each",4500.00,"Min Min",,6000.00,"",
,"Active","Inventory Part","Wire Set Upper CZI 110",,"Non","000004 · Motor cycle Income","54200 · Motor Cycle","12100 · Inventory Asset",0.00,,2,"Count In Each (ce)","Count by the Count In Each",4000.00,"Min Min",,5000.00,"",
,"Active","Inventory Part","Wire Set Upper Down Ugly",,"Non","000004 · Motor cycle Income","54200 · Motor Cycle","12100 · Inventory Asset",0.00,,1,"Count In Each (ce)","Count by the Count In Each",5500.00,"Min Min",,7000.00,"",
,"Active","Inventory Part","Wire Set Upper Down CZI",,"Non","000004 · Motor cycle Income","54200 · Motor Cycle","12100 · Inventory Asset",0.00,,-1,"Count In Each (ce)","Count by the Count In Each",6000.00,"Min Min",,7500.00,"",
,"Active","Inventory Part","Wire Set Upper Down W125",,"Non","000004 · Motor cycle Income","54200 · Motor Cycle","12100 · Inventory Asset",0.00,,2,"Count In Each (ce)","Count by the Count In Each",4500.00,"Min Min",,6000.00,"",
,"Active","Inventory Part","Wire Set Upper CZI Kenbo",,"Non","000004 · Motor cycle Income","54200 · Motor Cycle","12100 · Inventory Asset",0.00,,2,"Count In Each (ce)","Count by the Count In Each",7500.00,"Min Min",,10000.00,"",
,"Active","Inventory Part","Wire Set Upper 110",,"Non","000004 · Motor cycle Income","54200 · Motor Cycle","12100 · Inventory Asset",0.00,,3,"Count In Each (ce)","Count by the Count In Each",5000.00,"Min Min",,6500.00,"",
,"Active","Inventory Part","Wire Set Down 110",,"Non","000004 · Motor cycle Income","54200 · Motor Cycle","12100 · Inventory Asset",0.00,,5,"Count In Each (ce)","Count by the Count In Each",4000.00,"Min Min",,5500.00,"",
,"Active","Inventory Part","Wire Set W 125",,"Non","000004 · Motor cycle Income","54200 · Motor Cycle","12100 · Inventory Asset",0.00,,1,"Count In Each (ce)","Count by the Count In Each",5000.00,"Min Min",,7000.00,"",
,"Active","Inventory Part","Back Mirror Steel Circle",,"Non","000004 · Motor cycle Income","54200 · Motor Cycle","12100 · Inventory Asset",0.00,,5,"Count In Each (ce)","Count by the Count In Each",2000.00,"Min Min",,4000.00,"",
,"Active","Inventory Part","Signal Bulb Set TVS",,"Non","000004 · Motor cycle Income","54200 · Motor Cycle","12100 · Inventory Asset",0.00,,1,"pair (pr)","Count by the pair",3500.00,"Min Min",,5000.00,"",
,"Active","Inventory Part","Signal Bulb Set L+R",,"Non","000004 · Motor cycle Income","54200 · Motor Cycle","12100 · Inventory Asset",0.00,,2,"pair (pr)","Count by the pair",3000.00,"Min Min",,4000.00,"",
,"Active","Inventory Part","Front Bulb Cover Y2K",,"Non","000004 · Motor cycle Income","54200 · Motor Cycle","12100 · Inventory Asset",0.00,,4,"Count In Each (ce)","Count by the Count In Each",1000.00,"Min Min",,1500.00,"",
,"Active","Inventory Part","Rear Bulb Cover Ugly",,"Non","000004 · Motor cycle Income","54200 · Motor Cycle","12100 · Inventory Asset",0.00,,1,"Count In Each (ce)","Count by the Count In Each",1500.00,"Min Min",,2000.00,"",
,"Active","Inventory Part","Rear Bulb Cover 110",,"Non","000004 · Motor cycle Income","54200 · Motor Cycle","12100 · Inventory Asset",0.00,,6,"Count In Each (ce)","Count by the Count In Each",1000.00,"Min Min",,1500.00,"",
,"Active","Inventory Part","Front Bulb Cover W100",,"Non","54200 · Motor Cycle","54200 · Motor Cycle","12100 · Inventory Asset",0.00,,3,"Count In Each (ce)","Count by the Count In Each",1500.00,"Min Min",,3000.00,"",
,"Active","Inventory Part","Front Bulb Set",,"Non","000004 · Motor cycle Income","54200 · Motor Cycle","12100 · Inventory Asset",0.00,,4,"Count In Each (ce)","Count by the Count In Each",9000.00,"Min Min",,12000.00,"",
,"Active","Inventory Part","Back Bulb Set TVS",,"Non","000004 · Motor cycle Income","54200 · Motor Cycle","12100 · Inventory Asset",0.00,,1,"Count In Each (ce)","Count by the Count In Each",15500.00,"Min Min",,18000.00,"",
,"Active","Inventory Part","Front Bulb Set Y2K2+125 6",,"Non","000004 · Motor cycle Income","54200 · Motor Cycle","12100 · Inventory Asset",0.00,,7,"Count In Each (ce)","Count by the Count In Each",2500.00,"Min Min",,3500.00,"",
,"Active","Inventory Part","Front Bulb Set W110",,"Non","000004 · Motor cycle Income","54200 · Motor Cycle","12100 · Inventory Asset",0.00,,0,"Count In Each (ce)","Count by the Count In Each",3000.00,"Min Min",,4000.00,"",
,"Active","Inventory Part","Front Bulb Set W125",,"Non","000004 · Motor cycle Income","54200 · Motor Cycle","12100 · Inventory Asset",0.00,,1,"Count In Each (ce)","Count by the Count In Each",3000.00,"Min Min",,4000.00,"",
,"Active","Inventory Part","Front Bulb Set W100",,"Non","000004 · Motor cycle Income","54200 · Motor Cycle","12100 · Inventory Asset",0.00,,1,"Count In Each (ce)","Count by the Count In Each",7000.00,"Min Min",,12000.00,"",
,"Active","Inventory Part","Front Bulb and Signal Set",,"Non","000004 · Motor cycle Income","54200 · Motor Cycle","12100 · Inventory Asset",0.00,,1,"Count In Each (ce)","Count by the Count In Each",9000.00,"Min Min",,12000.00,"",
,"Active","Inventory Part","Front Bulb Set 110",,"Non","000004 · Motor cycle Income","54200 · Motor Cycle","12100 · Inventory Asset",0.00,,2,"Count In Each (ce)","Count by the Count In Each",5500.00,"Min Min",,7000.00,"",
,"Active","Inventory Part","Front Bulb Set Knee Cover Bulb",,"Non","000004 · Motor cycle Income","54200 · Motor Cycle","12100 · Inventory Asset",0.00,,3,"Count In Each (ce)","Count by the Count In Each",3500.00,"Min Min",,5000.00,"",
,"Active","Inventory Part","Front Bulb + Signal Left Right",,"Non","000004 · Motor cycle Income","54200 · Motor Cycle","12100 · Inventory Asset",0.00,,3,"Count In Each (ce)","Count by the Count In Each",5500.00,"Min Min",,7000.00,"",
,"Active","Inventory Part","Speedometer Mirror 125 Unbox3+B",,"Non","000004 · Motor cycle Income","54200 · Motor Cycle","12100 · Inventory Asset",0.00,,2,"Count In Each (ce)","Count by the Count In Each",1200.00,"Min Min",,2000.00,"",
,"Active","Inventory Part","Speedometer Mirror Yuanxian",,"Non","000004 · Motor cycle Income","54200 · Motor Cycle","12100 · Inventory Asset",0.00,,1,"Count In Each (ce)","Count by the Count In Each",1200.00,"Min Min",,2000.00,"",
,"Active","Inventory Part","Speedometer Mirror CZI",,"Non","000004 · Motor cycle Income","54200 · Motor Cycle","12100 · Inventory Asset",0.00,,2,"Count In Each (ce)","Count by the Count In Each",1000.00,"Min Min",,1500.00,"",
,"Active","Inventory Part","Speedometer Mirror Ugly Box",,"Non","000004 · Motor cycle Income","54200 · Motor Cycle","12100 · Inventory Asset",0.00,,6,"Count In Each (ce)","Count by the Count In Each",1000.00,"Min Min",,1500.00,"",
,"Active","Inventory Part","Speedometer Mirror Y2K Bag",,"Non","000004 · Motor cycle Income","54200 · Motor Cycle","12100 · Inventory Asset",0.00,,5,"Count In Each (ce)","Count by the Count In Each",750.00,"Min Min",,1500.00,"",
,"Active","Inventory Part","Speedometer Mirror Bag",,"Non","000004 · Motor cycle Income","54200 · Motor Cycle","12100 · Inventory Asset",0.00,,9,"Count In Each (ce)","Count by the Count In Each",1200.00,"Min Min",,2000.00,"",
,"Active","Inventory Part","Speedometer 125",,"Non","000004 · Motor cycle Income","54200 · Motor Cycle","12100 · Inventory Asset",0.00,,0,"Count In Each (ce)","Count by the Count In Each",8000.00,"Min Min",,10000.00,"",
,"Active","Inventory Part","SpeedometerFishbone1+Ugly2+W100",,"Non","000004 · Motor cycle Income","54200 · Motor Cycle","12100 · Inventory Asset",0.00,,3,"Count In Each (ce)","Count by the Count In Each",9000.00,"Min Min",,12000.00,"",
,"Active","Inventory Part","Speedometer CZI Y2K",,"Non","000004 · Motor cycle Income","54200 · Motor Cycle","12100 · Inventory Asset",0.00,,4,"Count In Each (ce)","Count by the Count In Each",6000.00,"Min Min",,8000.00,"",
,"Active","Inventory Part","Speedometer CZI Box2+no Box 2",,"Non","000004 · Motor cycle Income","54200 · Motor Cycle","12100 · Inventory Asset",0.00,,4,"Count In Each (ce)","Count by the Count In Each",8000.00,"Min Min",,10000.00,"",
,"Active","Inventory Part","Speedometer Y2K",,"Non","000004 · Motor cycle Income","54200 · Motor Cycle","12100 · Inventory Asset",0.00,,1,"Count In Each (ce)","Count by the Count In Each",5500.00,"Min Min",,7000.00,"",
,"Active","Inventory Part","Polish Spray Long",,"Non","000004 · Motor cycle Income","54200 · Motor Cycle","12100 · Inventory Asset",0.00,,1,"Count In Each (ce)","Count by the Count In Each",3500.00,"Min Min",,5000.00,"",
,"Active","Inventory Part","Bosny No.72",,"Non","00001 · Hardware and tool Income","54300 · Hardware and tool","12100 · Inventory Asset",0.00,,2,"Count In Each (ce)","Count by the Count In Each",1500.00,"Raja",,4000.00,"",
,"Active","Inventory Part","Bosny Clear No,190",,"Non","00001 · Hardware and tool Income","54300 · Hardware and tool","12100 · Inventory Asset",0.00,,0,"Count In Each (ce)","Count by the Count In Each",2125.00,"Raja",,4000.00,1,
,"Active","Inventory Part","Fancy Back Mirror Yonghe",,"Non","000004 · Motor cycle Income","54200 · Motor Cycle","12100 · Inventory Asset",0.00,,-4,"Count In Each (ce)","Count by the Count In Each",2350.00,"Min Min",,3000.00,"",
,"Active","Inventory Part","Fancy Back Mirror XJB",,"Non","000004 · Motor cycle Income","54200 · Motor Cycle","12100 · Inventory Asset",0.00,,0,"Count In Each (ce)","Count by the Count In Each",2350.00,"Min Min",,3000.00,"",
,"Active","Inventory Part","Chain Sprocket Set",,"Non","000004 · Motor cycle Income","54200 · Motor Cycle","12100 · Inventory Asset",0.00,,2,"Count In Each (ce)","Count by the Count In Each",4500.00,"Min Min",,6000.00,"",
,"Active","Inventory Part","Front Sprocket Cover",,"Non","000004 · Motor cycle Income","54200 · Motor Cycle","12100 · Inventory Asset",0.00,,-1,"Count In Each (ce)","Count by the Count In Each",2000.00,"Min Min",,3000.00,"",
,"Active","Inventory Part","Front Fork Set Steering Bar Set",,"Non","000004 · Motor cycle Income","54200 · Motor Cycle","12100 · Inventory Asset",0.00,,1,"Count In Each (ce)","Count by the Count In Each",9000.00,"Min Min",,15000.00,"",
,"Active","Inventory Part","Motorcycle Tool Box",,"Non","000004 · Motor cycle Income","54200 · Motor Cycle","12100 · Inventory Asset",0.00,,1,"Count In Each (ce)","Count by the Count In Each",2000.00,"Min Min",,4000.00,"",
,"Active","Inventory Part","Engine Cover Metal Okenbo",,"Non","000004 · Motor cycle Income","54200 · Motor Cycle","12100 · Inventory Asset",0.00,,9,"Count In Each (ce)","Count by the Count In Each",2500.00,"Min Min",,3500.00,"",
,"Active","Inventory Part","Front Brake Hub Cover",,"Non","000004 · Motor cycle Income","54200 · Motor Cycle","12100 · Inventory Asset",0.00,,9,"Count In Each (ce)","Count by the Count In Each",2500.00,"Min Min",,3500.00,"",
,"Active","Inventory Part","Rear Brake Hub Cover",,"Non","000004 · Motor cycle Income","54200 · Motor Cycle","12100 · Inventory Asset",0.00,,3,"Count In Each (ce)","Count by the Count In Each",3500.00,"Min Min",,4500.00,"",
,"Active","Inventory Part","Rear Body Joice JPR 125",,"Non","000004 · Motor cycle Income","54200 · Motor Cycle","12100 · Inventory Asset",0.00,,0,"Count In Each (ce)","Count by the Count In Each",9500.00,"Min Min",,12000.00,"",
,"Active","Inventory Part","Megnet Side Cover Kenbo",,"Non","000004 · Motor cycle Income","54200 · Motor Cycle","12100 · Inventory Asset",0.00,,2,"Count In Each (ce)","Count by the Count In Each",4000.00,"Min Min",,5500.00,"",
,"Active","Inventory Part","Engine Cover Plastic",,"Non","000004 · Motor cycle Income","54200 · Motor Cycle","12100 · Inventory Asset",0.00,,8,"Count In Each (ce)","Count by the Count In Each",600.00,"Min Min",,1000.00,"",
,"Active","Inventory Part","Frong Wheel Hub With Ball",,"Non","000004 · Motor cycle Income","54200 · Motor Cycle","12100 · Inventory Asset",0.00,,1,"Count In Each (ce)","Count by the Count In Each",4500.00,"Min Min",,6500.00,"",
,"Active","Inventory Part","Front Wheel Hub Without Ball",,"Non","000004 · Motor cycle Income","54200 · Motor Cycle","12100 · Inventory Asset",0.00,,2,"Count In Each (ce)","Count by the Count In Each",3500.00,"Min Min",,5000.00,"",
,"Active","Inventory Part","Engine Head",,"Non","000004 · Motor cycle Income","54200 · Motor Cycle","12100 · Inventory Asset",0.00,,0,"Count In Each (ce)","Count by the Count In Each",6000.00,"Min Min",,7500.00,"",
,"Active","Inventory Part","Megnet Side Cover Luojia",,"Non","000004 · Motor cycle Income","54200 · Motor Cycle","12100 · Inventory Asset",0.00,,2,"Count In Each (ce)","Count by the Count In Each",6000.00,"Min Min",,7500.00,"",
,"Active","Inventory Part","Rear Engine Side",,"Non","000004 · Motor cycle Income","54200 · Motor Cycle","12100 · Inventory Asset",0.00,,0,"Count In Each (ce)","Count by the Count In Each",8000.00,"Min Min",,10000.00,"",
,"Active","Inventory Part","Air Cleaner Assy",,"Non","000004 · Motor cycle Income","54200 · Motor Cycle","12100 · Inventory Asset",0.00,,0,"Count In Each (ce)","Count by the Count In Each",2000.00,"Min Min",,5000.00,"",
,"Active","Inventory Part","Fuel Tank 110 Y2K",,"Non","000004 · Motor cycle Income","54200 · Motor Cycle","12100 · Inventory Asset",0.00,,0,"Count In Each (ce)","Count by the Count In Each",3500.00,"Min Min",,5000.00,"",
,"Active","Inventory Part","Fuel Tank 125 Ugly",,"Non","000004 · Motor cycle Income","54200 · Motor Cycle","12100 · Inventory Asset",0.00,,2,"Count In Each (ce)","Count by the Count In Each",5000.00,"Min Min",,10000.00,"",
,"Active","Inventory Part","Fuel Tank Dream 125",,"Non","000004 · Motor cycle Income","54200 · Motor Cycle","12100 · Inventory Asset",0.00,,1,"Count In Each (ce)","Count by the Count In Each",7000.00,"Min Min",,10000.00,"",
,"Active","Inventory Part","Centre Stand Only",,"Non","000004 · Motor cycle Income","54200 · Motor Cycle","12100 · Inventory Asset",0.00,,1,"Count In Each (ce)","Count by the Count In Each",1000.00,"Min Min",,1500.00,"",
,"Active","Inventory Part","Steering bar Only",,"Non","000004 · Motor cycle Income","54200 · Motor Cycle","12100 · Inventory Asset",0.00,,2,"Count In Each (ce)","Count by the Count In Each",800.00,"Min Min",,3000.00,"",
,"Active","Inventory Part","Steering Handle Bar Dream",,"Non","000004 · Motor cycle Income","54200 · Motor Cycle","12100 · Inventory Asset",0.00,,2,"Count In Each (ce)","Count by the Count In Each",6500.00,"Min Min",,9000.00,"",
,"Active","Inventory Part","Steering Handle Bar Kneel Light",,"Non","000004 · Motor cycle Income","54200 · Motor Cycle","12100 · Inventory Asset",0.00,,2,"Count In Each (ce)","Count by the Count In Each",6500.00,"Min Min",,9000.00,"",
,"Active","Inventory Part","Steering Handle Bar 110",,"Non","000004 · Motor cycle Income","54200 · Motor Cycle","12100 · Inventory Asset",0.00,,4,"Count In Each (ce)","Count by the Count In Each",5500.00,"Min Min",,7000.00,"",
,"Active","Inventory Part","Chain Cover Box Dream 125",,"Non","000004 · Motor cycle Income","54200 · Motor Cycle","12100 · Inventory Asset",0.00,,-1,"Count In Each (ce)","Count by the Count In Each",6000.00,"Min Min",,10000.00,"",
,"Active","Inventory Part","Crocodile Grease 1KG",,"Non","000008 · Lubricant and Oil Income","Lubricant and Oil","12100 · Inventory Asset",0.00,,0,"Count In Each (ce)","Count by the Count In Each",3000.00,"Htoo 3",,5000.00,"",
,"Active","Inventory Part","Chain Sprocket Honda",,"Non","000004 · Motor cycle Income","54200 · Motor Cycle","12100 · Inventory Asset",0.00,,0,"Count In Each (ce)","Count by the Count In Each",18000.00,"Min Min",,23000.00,"",
,"Active","Inventory Part","Chain Sprocket PHR",,"Non","000004 · Motor cycle Income","54200 · Motor Cycle","12100 · Inventory Asset",0.00,,0,"Count In Each (ce)","Count by the Count In Each",10000.00,"Min Min",,12000.00,"",
,"Active","Inventory Part","Chain Sprocket Ninja",,"Non","000004 · Motor cycle Income","54200 · Motor Cycle","12100 · Inventory Asset",0.00,,0,"Count In Each (ce)","Count by the Count In Each",8000.00,"Min Min",,11000.00,"",
,"Active","Inventory Part","Chain Sprocket 555",,"Non","000004 · Motor cycle Income","54200 · Motor Cycle","12100 · Inventory Asset",0.00,,0,"Count In Each (ce)","Count by the Count In Each",10000.00,"Min Min",,13000.00,"",
,"Active","Inventory Part","Chaing Sprocket Yamaha",,"Non","000004 · Motor cycle Income","54200 · Motor Cycle","12100 · Inventory Asset",0.00,,2,"Count In Each (ce)","Count by the Count In Each",17500.00,"Min Min",,23000.00,"",
,"Active","Inventory Part","Chain Sprocket Jianxing",,"Non","000004 · Motor cycle Income","54200 · Motor Cycle","12100 · Inventory Asset",0.00,,2,"Count In Each (ce)","Count by the Count In Each",8000.00,"Min Min",,10000.00,"",
,"Active","Inventory Part","Chain Sprocket GYG",,"Non","000004 · Motor cycle Income","54200 · Motor Cycle","12100 · Inventory Asset",0.00,,-1,"Count In Each (ce)","Count by the Count In Each",6000.00,"Min Min",,12000.00,"",
,"Active","Inventory Part","Chain Sprocket Yinmai",,"Non","000004 · Motor cycle Income","54200 · Motor Cycle","12100 · Inventory Asset",0.00,,0,"Count In Each (ce)","Count by the Count In Each",14000.00,"Min Min",,20000.00,"",
,"Active","Inventory Part","Gear Arm Set",,"Non","000004 · Motor cycle Income","54200 · Motor Cycle","12100 · Inventory Asset",0.00,,0,"Count In Each (ce)","Count by the Count In Each",5000.00,"Min Min",,6000.00,"",
,"Active","Inventory Part","Govener Pinion Set Sunk1+ SFC 2",,"Non","000004 · Motor cycle Income","54200 · Motor Cycle","12100 · Inventory Asset",0.00,,0,"Count In Each (ce)","Count by the Count In Each",7500.00,"Min Min",,10000.00,"",
,"Active","Inventory Part","Govenor Long Neck Triangle Pape",,"Non","000004 · Motor cycle Income","54200 · Motor Cycle","12100 · Inventory Asset",0.00,,0,"Count In Each (ce)","Count by the Count In Each",13000.00,"Min Min",,15000.00,"",
,"Active","Inventory Part","Govenor Triangle Set GYG",,"Non","000004 · Motor cycle Income","54200 · Motor Cycle","12100 · Inventory Asset",0.00,,1,"Count In Each (ce)","Count by the Count In Each",15500.00,"Min Min",,20000.00,"",
,"Active","Inventory Part","Govenor Triangle JPR",,"Non","000004 · Motor cycle Income","54200 · Motor Cycle","12100 · Inventory Asset",0.00,,1,"Count In Each (ce)","Count by the Count In Each",6000.00,"Min Min",,8000.00,"",
,"Active","Inventory Part","Govenor triangle Set JPR",,"Non","000004 · Motor cycle Income","54200 · Motor Cycle","12100 · Inventory Asset",0.00,,0,"Count In Each (ce)","Count by the Count In Each",11500.00,"Min Min",,15000.00,"",
,"Active","Inventory Part","Megnet Assy KCC",,"Non","000004 · Motor cycle Income","54200 · Motor Cycle","12100 · Inventory Asset",0.00,,3,"Count In Each (ce)","Count by the Count In Each",12000.00,"Min Min",,15000.00,"",
,"Active","Inventory Part","Brounc Set Super Cobra",,"Non","000004 · Motor cycle Income","54200 · Motor Cycle","12100 · Inventory Asset",0.00,,0,"Count In Each (ce)","Count by the Count In Each",14000.00,"Min Min",,18000.00,"",
,"Active","Inventory Part","Bround Set Golfer",,"Non","000004 · Motor cycle Income","54200 · Motor Cycle","12100 · Inventory Asset",0.00,,1,"Count In Each (ce)","Count by the Count In Each",14000.00,"Min Min",,18000.00,"",
,"Active","Inventory Part","Bround Set Kcc Red Box",,"Non","000004 · Motor cycle Income","54200 · Motor Cycle","12100 · Inventory Asset",0.00,,1,"Count In Each (ce)","Count by the Count In Each",12000.00,"Min Min",,15000.00,"",
,"Active","Inventory Part","Bround Set JD",,"Non","000004 · Motor cycle Income","54200 · Motor Cycle","12100 · Inventory Asset",0.00,,1,"Count In Each (ce)","Count by the Count In Each",11000.00,"Min Min",,15000.00,"",
,"Active","Inventory Part","Bround Set KCC No Box",,"Non","000004 · Motor cycle Income","54200 · Motor Cycle","12100 · Inventory Asset",0.00,,1,"Count In Each (ce)","Count by the Count In Each",13500.00,"Min Min",,17000.00,"",
,"Active","Inventory Part","Bround Set Crocodile",,"Non","000004 · Motor cycle Income","54200 · Motor Cycle","12100 · Inventory Asset",0.00,,1,"pair (pr)","Count by the pair",13500.00,"Min Min",,18000.00,"",
,"Active","Inventory Part","Rear Bround JPR",,"Non","000004 · Motor cycle Income","54200 · Motor Cycle","12100 · Inventory Asset",0.00,,0,"Count In Each (ce)","Count by the Count In Each",6000.00,"Min Min",,7500.00,"",
,"Active","Inventory Part","Cylinder Kit Set KCC",,"Non","000004 · Motor cycle Income","54200 · Motor Cycle","12100 · Inventory Asset",0.00,,-2,"Count In Each (ce)","Count by the Count In Each",15500.00,"Min Min",,18000.00,"",
,"Active","Inventory Part","Rear Hub With Ball",,"Non","000004 · Motor cycle Income","54200 · Motor Cycle","12100 · Inventory Asset",0.00,,0,"Count In Each (ce)","Count by the Count In Each",6600.00,"Min Min",,8000.00,"",
,"Active","Inventory Part","Rear Hub No Ball",,"Non","000004 · Motor cycle Income","54200 · Motor Cycle","12100 · Inventory Asset",0.00,,3,"Count In Each (ce)","Count by the Count In Each",4000.00,"Min Min",,5000.00,"",
,"Active","Inventory Part","Fronk Hub",,"Non","000004 · Motor cycle Income","54200 · Motor Cycle","12100 · Inventory Asset",0.00,,1,"Count In Each (ce)","Count by the Count In Each",4000.00,"Min Min",,5000.00,"",
,"Active","Inventory Part","Brake Hub Sunk",,"Non","000004 · Motor cycle Income","54200 · Motor Cycle","12100 · Inventory Asset",0.00,,1,"Count In Each (ce)","Count by the Count In Each",5500.00,"Min Min",,6500.00,"",
,"Active","Inventory Part","Brake Hub JPR",,"Non","000004 · Motor cycle Income","54200 · Motor Cycle","12100 · Inventory Asset",0.00,,2,"Count In Each (ce)","Count by the Count In Each",6000.00,"Min Min",,7500.00,"",
,"Active","Inventory Part","Crank Set Jianxing + KCC",,"Non","000004 · Motor cycle Income","54200 · Motor Cycle","12100 · Inventory Asset",0.00,,0,"Count In Each (ce)","Count by the Count In Each",13000.00,"Min Min",,16000.00,"",
,"Active","Inventory Part","Crank Set 555 Crank Set Golfer",,"Non","000004 · Motor cycle Income","54200 · Motor Cycle","12100 · Inventory Asset",0.00,,0,"Count In Each (ce)","Count by the Count In Each",12500.00,"Min Min",,15000.00,"",
,"Active","Inventory Part","Meganet Paper Box",,"Non","000004 · Motor cycle Income","54200 · Motor Cycle","12100 · Inventory Asset",0.00,,1,"Count In Each (ce)","Count by the Count In Each",6000.00,"Min Min",,7500.00,"",
,"Active","Inventory Part","Meganet JPR4+Luojia 1",,"Non","000004 · Motor cycle Income","54200 · Motor Cycle","12100 · Inventory Asset",0.00,,5,"Count In Each (ce)","Count by the Count In Each",4500.00,"Min Min",,6000.00,"",
,"Active","Inventory Part","Driven Pinuin Plastic Box",,"Non","000004 · Motor cycle Income","54200 · Motor Cycle","12100 · Inventory Asset",0.00,,0,"Count In Each (ce)","Count by the Count In Each",6000.00,"Min Min",,7500.00,"",
,"Active","Inventory Part","Driven Pinion JPR",,"Non","000004 · Motor cycle Income","54200 · Motor Cycle","12100 · Inventory Asset",0.00,,2,"Count In Each (ce)","Count by the Count In Each",3500.00,"Min Min",,4000.00,"",
,"Active","Inventory Part","Driven Pinion SFC",,"Non","000004 · Motor cycle Income","54200 · Motor Cycle","12100 · Inventory Asset",0.00,,0,"Count In Each (ce)","Count by the Count In Each",3500.00,"Min Min",,4000.00,"",
,"Active","Inventory Part","Magnet 8 Coils SGAC",,"Non","000004 · Motor cycle Income","54200 · Motor Cycle","12100 · Inventory Asset",0.00,,0,"Count In Each (ce)","Count by the Count In Each",6000.00,"Min Min",,7000.00,"",
,"Active","Inventory Part","Magnet 6 Coils Kenbo Yellow 1Pi",,"Non","000004 · Motor cycle Income","54200 · Motor Cycle","12100 · Inventory Asset",0.00,,-1,"Count In Each (ce)","Count by the Count In Each",3000.00,"Min Min",,4500.00,"",
,"Active","Inventory Part","Magnet 8 Coils Purple Box",,"Non","000004 · Motor cycle Income","54200 · Motor Cycle","12100 · Inventory Asset",0.00,,2,"Count In Each (ce)","Count by the Count In Each",6000.00,"Min Min",,8000.00,"",
,"Active","Inventory Part","Magnet 8 Coils Dota Yellow 2Pin",,"Non","000004 · Motor cycle Income","54200 · Motor Cycle","12100 · Inventory Asset",0.00,,2,"Count In Each (ce)","Count by the Count In Each",6000.00,"Min Min",,8000.00,"",
,"Active","Inventory Part","Magnet 6 Coils Zamani 2+Jpr 1",,"Non","000004 · Motor cycle Income","54200 · Motor Cycle","12100 · Inventory Asset",0.00,,2,"Count In Each (ce)","Count by the Count In Each",4000.00,"Min Min",,5000.00,"",
,"Active","Inventory Part","Magnet 2 Coil Dota Yellow 1Pin",,"Non","000004 · Motor cycle Income","54200 · Motor Cycle","12100 · Inventory Asset",0.00,,2,"count in box (cb)","Count by the count in Pack",5000.00,"Min Min",,6000.00,"",
,"Active","Inventory Part","Magnet 6 Coils BVZ",,"Non","000004 · Motor cycle Income","54200 · Motor Cycle","12100 · Inventory Asset",0.00,,0,"Count In Each (ce)","Count by the Count In Each",4000.00,"Min Min",,5000.00,"",
,"Active","Inventory Part","Govener Clutch Assy Snow",,"Non","000004 · Motor cycle Income","54200 · Motor Cycle","12100 · Inventory Asset",0.00,,-1,"Count In Each (ce)","Count by the Count In Each",9500.00,"Min Min",,13000.00,"",
,"Active","Inventory Part","Govener Clutch Assy Dota",,"Non","000004 · Motor cycle Income","54200 · Motor Cycle","12100 · Inventory Asset",0.00,,-1,"Count In Each (ce)","Count by the Count In Each",12000.00,"Min Min",,15000.00,"",
,"Active","Inventory Part","Govener Clutch Assy Luojia",,"Non","000004 · Motor cycle Income","54200 · Motor Cycle","12100 · Inventory Asset",0.00,,-1,"Count In Each (ce)","Count by the Count In Each",13000.00,"Min Min",,15000.00,"",
,"Active","Inventory Part","Front Down Brake Pump YSS",,"Non","000004 · Motor cycle Income","54200 · Motor Cycle","12100 · Inventory Asset",0.00,,2,"Count In Each (ce)","Count by the Count In Each",5000.00,"Min Min",,6000.00,"",
,"Active","Inventory Part","Caburator KCC",,"Non","000004 · Motor cycle Income","54200 · Motor Cycle","12100 · Inventory Asset",0.00,,0,"Count In Each (ce)","Count by the Count In Each",8000.00,"Min Min",,10000.00,"",
,"Active","Inventory Part","Caburator 555",,"Non","000004 · Motor cycle Income","54200 · Motor Cycle","12100 · Inventory Asset",0.00,,5,"Count In Each (ce)","Count by the Count In Each",9500.00,"Min Min",,12000.00,"",
,"Active","Inventory Part","Motorcycle Air Cleaner Assy",,"Non","000004 · Motor cycle Income","54200 · Motor Cycle","12100 · Inventory Asset",0.00,,2,"Count In Each (ce)","Count by the Count In Each",2500.00,"Min Min",,3500.00,"",
,"Active","Inventory Part","Brake Bulb Triangle",,"Non","000004 · Motor cycle Income","54200 · Motor Cycle","12100 · Inventory Asset",0.00,,1,"Count In Each (ce)","Count by the Count In Each",1500.00,"Min Min",,2500.00,"",
,"Active","Inventory Part","SX Light",,"Non","000004 · Motor cycle Income","54200 · Motor Cycle","12100 · Inventory Asset",0.00,,2,"Count In Each (ce)","Count by the Count In Each",1400.00,"Min Min",,2000.00,"",
,"Active","Inventory Part","Horn Bulb",,"Non","000004 · Motor cycle Income","54200 · Motor Cycle","12100 · Inventory Asset",0.00,,10,"Count In Each (ce)","Count by the Count In Each",1300.00,"Min Min",,2000.00,"",
,"Active","Inventory Part","Front Bulb White Box HMA",,"Non","000004 · Motor cycle Income","54200 · Motor Cycle","12100 · Inventory Asset",0.00,,6,"Count In Each (ce)","Count by the Count In Each",700.00,"Min Min",,1000.00,"",
,"Active","Inventory Part","LED Front Bulb HIG",,"Non","000004 · Motor cycle Income","54200 · Motor Cycle","12100 · Inventory Asset",0.00,,0,"Count In Each (ce)","Count by the Count In Each",2000.00,"Min Min",,3000.00,"",
,"Active","Inventory Part","Led Front Bulb RTD",,"Non","000004 · Motor cycle Income","54200 · Motor Cycle","12100 · Inventory Asset",0.00,,0,"Count In Each (ce)","Count by the Count In Each",3000.00,"Min Min",,4500.00,"",
,"Active","Inventory Part","Led Brake Bulb Special",,"Non","000004 · Motor cycle Income","54200 · Motor Cycle","12100 · Inventory Asset",0.00,,3,"Count In Each (ce)","Count by the Count In Each",1500.00,"Min Min",,2000.00,"",
,"Active","Inventory Part","Fish Eye Bulb Blue Box",,"Non","000004 · Motor cycle Income","54200 · Motor Cycle","12100 · Inventory Asset",0.00,,3,"Count In Each (ce)","Count by the Count In Each",1800.00,"Min Min",,2500.00,"",
,"Active","Inventory Part","Led Bulb DEJ",,"Non","000004 · Motor cycle Income","54200 · Motor Cycle","12100 · Inventory Asset",0.00,,1,"Count In Each (ce)","Count by the Count In Each",3000.00,"Min Min",,3500.00,"",
,"Active","Inventory Part","Front Bulb DSC",,"Non","000004 · Motor cycle Income","54200 · Motor Cycle","12100 · Inventory Asset",0.00,,1,"Count In Each (ce)","Count by the Count In Each",1000.00,"Min Min",,1500.00,"",
,"Active","Inventory Part","Front Bulb Spider King White Bo",,"Non","000004 · Motor cycle Income","54200 · Motor Cycle","12100 · Inventory Asset",0.00,,2,"Count In Each (ce)","Count by the Count In Each",1000.00,"Min Min",,1500.00,"",
,"Active","Inventory Part","Head Light Monster",,"Non","000004 · Motor cycle Income","54200 · Motor Cycle","12100 · Inventory Asset",0.00,,3,"Count In Each (ce)","Count by the Count In Each",2000.00,"Min Min",,3500.00,"",
,"Active","Inventory Part","Led Bulb White Box",,"Non","000004 · Motor cycle Income","54200 · Motor Cycle","12100 · Inventory Asset",0.00,,1,"Count In Each (ce)","Count by the Count In Each",2000.00,"Min Min",,2500.00,"",
,"Active","Inventory Part","Led 3 Bulb Black Box",,"Non","000004 · Motor cycle Income","54200 · Motor Cycle","12100 · Inventory Asset",0.00,,2,"Count In Each (ce)","Count by the Count In Each",2000.00,"Min Min",,2500.00,"",
,"Active","Inventory Part","LeD 5 Bulbs WYB",,"Non","000004 · Motor cycle Income","54200 · Motor Cycle","12100 · Inventory Asset",0.00,,1,"Count In Each (ce)","Count by the Count In Each",3500.00,"Min Min",,4000.00,"",
,"Active","Inventory Part","Led 5 Bulbs Red Box",,"Non","000004 · Motor cycle Income","54200 · Motor Cycle","12100 · Inventory Asset",0.00,,3,"Count In Each (ce)","Count by the Count In Each",3500.00,"Min Min",,4000.00,"",
,"Active","Inventory Part","Led 5 Bulbs Yellow Box",,"Non","000004 · Motor cycle Income","54200 · Motor Cycle","12100 · Inventory Asset",0.00,,1,"Count In Each (ce)","Count by the Count In Each",3500.00,"Min Min",,4000.00,"",
,"Active","Inventory Part","Led Bulb Black Blx",,"Non","000004 · Motor cycle Income","54200 · Motor Cycle","12100 · Inventory Asset",0.00,,1,"Count In Each (ce)","Count by the Count In Each",5500.00,"Min Min",,6000.00,"",
,"Active","Inventory Part","HJG Bulb Black box",,"Non","000004 · Motor cycle Income","54200 · Motor Cycle","12100 · Inventory Asset",0.00,,2,"Count In Each (ce)","Count by the Count In Each",1800.00,"Min Min",,2500.00,"",
,"Active","Inventory Part","Signal Brake Bulb Flasher 7Pin",,"Non","000004 · Motor cycle Income","54200 · Motor Cycle","12100 · Inventory Asset",0.00,,0,"Count In Each (ce)","Count by the Count In Each",5500.00,"Min Min",,7500.00,"",
,"Active","Inventory Part","Signal Brake Bulb Flasher 5Pin",,"Non","000004 · Motor cycle Income","54200 · Motor Cycle","12100 · Inventory Asset",0.00,,0,"Count In Each (ce)","Count by the Count In Each",5000.00,"Min Min",,6500.00,"",
,"Active","Inventory Part","Front Fork Shork Absorber TGL",,"Non","000004 · Motor cycle Income","54200 · Motor Cycle","12100 · Inventory Asset",0.00,,0,"Count In Each (ce)","Count by the Count In Each",12000.00,"Min Min",,15000.00,"",
,"Active","Inventory Part","Front Fork Shork Absorber YSS",,"Non","000004 · Motor cycle Income","54200 · Motor Cycle","12100 · Inventory Asset",0.00,,1,"Count In Each (ce)","Count by the Count In Each",10500.00,"Min Min",,13000.00,"",
,"Active","Inventory Part","Front Fork Shork Absorber SGAC",,"Non","000004 · Motor cycle Income","54200 · Motor Cycle","12100 · Inventory Asset",0.00,,1,"Count In Each (ce)","Count by the Count In Each",13000.00,"Min Min",,15000.00,"",
,"Active","Inventory Part","Front Fork Shork Absorber 555",,"Non","000004 · Motor cycle Income","54200 · Motor Cycle","12100 · Inventory Asset",0.00,,0,"Count In Each (ce)","Count by the Count In Each",17000.00,"Min Min",,22000.00,"",
,"Active","Inventory Part","Rear Shork Absorber Reflex",,"Non","000004 · Motor cycle Income","54200 · Motor Cycle","12100 · Inventory Asset",0.00,,0,"Count In Each (ce)","Count by the Count In Each",11500.00,"Min Min",,15000.00,"",
,"Active","Inventory Part","Rear Shork Absorber 555",,"Non","000004 · Motor cycle Income","54200 · Motor Cycle","12100 · Inventory Asset",0.00,,0,"Count In Each (ce)","Count by the Count In Each",20000.00,"Min Min",,25000.00,"",
,"Active","Inventory Part","Rear Shork Absorber GYG",,"Non","54200 · Motor Cycle","54200 · Motor Cycle","12100 · Inventory Asset",0.00,,0,"Count In Each (ce)","Count by the Count In Each",15500.00,"Min Min",,18000.00,"",
,"Active","Inventory Part","Rear Shork Absorber BNK",,"Non","000004 · Motor cycle Income","54200 · Motor Cycle","12100 · Inventory Asset",0.00,,0,"Count In Each (ce)","Count by the Count In Each",22000.00,"Min Min",,25000.00,"",
,"Active","Inventory Part","Mileadge Cable Seven Fish",,"Non","000004 · Motor cycle Income","54200 · Motor Cycle","12100 · Inventory Asset",0.00,,1,"Count In Each (ce)","Count by the Count In Each",800.00,"Min Min",,1500.00,"",
,"Active","Inventory Part","Mileadge Cable Kenbo",,"Non","000004 · Motor cycle Income","54200 · Motor Cycle","12100 · Inventory Asset",0.00,,1,"Count In Each (ce)","Count by the Count In Each",800.00,"Min Min",,1500.00,"",
,"Active","Inventory Part","Choke Cable TVS",,"Non","000004 · Motor cycle Income","54200 · Motor Cycle","12100 · Inventory Asset",0.00,,1,"Count In Each (ce)","Count by the Count In Each",2000.00,"Min Min",,2500.00,"",
,"Active","Inventory Part","Mileadge 110 Jianxing",,"Non","000004 · Motor cycle Income","54200 · Motor Cycle","12100 · Inventory Asset",0.00,,6,"Count In Each (ce)","Count by the Count In Each",700.00,"Min Min",,1500.00,"",
,"Active","Inventory Part","Cable Comb Trottle Jingxing",,"Non","000004 · Motor cycle Income","54200 · Motor Cycle","12100 · Inventory Asset",0.00,,5,"Count In Each (ce)","Count by the Count In Each",1800.00,"Min Min",,2500.00,"",
,"Active","Inventory Part","Clutch Cable Tricycle",,"Non","000004 · Motor cycle Income","54200 · Motor Cycle","12100 · Inventory Asset",0.00,,2,"Count In Each (ce)","Count by the Count In Each",1200.00,"Min Min",,5000.00,"",
,"Active","Inventory Part","Clutch Cable AOF",,"Non","000004 · Motor cycle Income","54200 · Motor Cycle","12100 · Inventory Asset",0.00,,4,"Count In Each (ce)","Count by the Count In Each",1300.00,"Min Min",,2000.00,"",
,"Active","Inventory Part","Clutch Cable Yamaha",,"Non","000004 · Motor cycle Income","54200 · Motor Cycle","12100 · Inventory Asset",0.00,,4,"Count In Each (ce)","Count by the Count In Each",2500.00,"Min Min",,3500.00,"",
,"Active","Inventory Part","Mileadge Cable SBC Thai 125",,"Non","000004 · Motor cycle Income","54200 · Motor Cycle","12100 · Inventory Asset",0.00,,3,"Count In Each (ce)","Count by the Count In Each",1500.00,"Min Min",,2000.00,"",
,"Active","Inventory Part","Govenor Ball Assy Set",,"Non","000004 · Motor cycle Income","54200 · Motor Cycle","12100 · Inventory Asset",0.00,,8,"Count In Each (ce)","Count by the Count In Each",700.00,"Min Min",,1500.00,"",
,"Active","Inventory Part","Intake Pipe",,"Non","000004 · Motor cycle Income","54200 · Motor Cycle","12100 · Inventory Asset",0.00,,6,"Count In Each (ce)","Count by the Count In Each",1500.00,"Min Min",,2000.00,"",
,"Active","Inventory Part","Oil Pump",,"Non","000004 · Motor cycle Income","54200 · Motor Cycle","12100 · Inventory Asset",0.00,,3,"Count In Each (ce)","Count by the Count In Each",1800.00,"Min Min",,2500.00,"",
,"Active","Inventory Part","Centre Stand Rod",,"Non","000004 · Motor cycle Income","54200 · Motor Cycle","12100 · Inventory Asset",0.00,,7,"Count In Each (ce)","Count by the Count In Each",500.00,"Min Min",,800.00,"",
,"Active","Inventory Part","Jpr Click Disc Pad",,"Non","000004 · Motor cycle Income","54200 · Motor Cycle","12100 · Inventory Asset",0.00,,5,"Count In Each (ce)","Count by the Count In Each",600.00,"Min Min",,1000.00,"",
,"Active","Inventory Part","Kick Startor Pedal Shaft",,"Non","000004 · Motor cycle Income","54200 · Motor Cycle","12100 · Inventory Asset",0.00,,14,"Count In Each (ce)","Count by the Count In Each",1700.00,"Min Min",,2500.00,"",
,"Active","Inventory Part","Fancy Exhaust Cover",,"Non","000004 · Motor cycle Income","54200 · Motor Cycle","12100 · Inventory Asset",0.00,,1,"Count In Each (ce)","Count by the Count In Each",2500.00,"Min Min",,3500.00,"",
,"Active","Inventory Part","Fancy Engine Cooler",,"Non","000004 · Motor cycle Income","54200 · Motor Cycle","12100 · Inventory Asset",0.00,,1,"Count In Each (ce)","Count by the Count In Each",5000.00,"Min Min",,7500.00,"",
,"Active","Inventory Part","Fancy Steering Nut",,"Non","000004 · Motor cycle Income","54200 · Motor Cycle","12100 · Inventory Asset",0.00,,6,"Count In Each (ce)","Count by the Count In Each",1300.00,"Min Min",,2000.00,"",
,"Active","Inventory Part","Fancy Halmet Hanger",,"Non","000004 · Motor cycle Income","54200 · Motor Cycle","12100 · Inventory Asset",0.00,,0,"Count In Each (ce)","Count by the Count In Each",1000.00,"Min Min",,1500.00,"",
,"Active","Inventory Part","Fancy Side Stand",,"Non","000004 · Motor cycle Income","54200 · Motor Cycle","12100 · Inventory Asset",0.00,,0,"Count In Each (ce)","Count by the Count In Each",2000.00,"Min Min",,2500.00,"",
,"Active","Inventory Part","Fancy Kick Startor Padle",,"Non","000004 · Motor cycle Income","54200 · Motor Cycle","12100 · Inventory Asset",0.00,,5,"Count In Each (ce)","Count by the Count In Each",1800.00,"Min Min",,3000.00,"",
,"Active","Inventory Part","Fancy Gear Padle",,"Non","000004 · Motor cycle Income","54200 · Motor Cycle","12100 · Inventory Asset",0.00,,4,"Count In Each (ce)","Count by the Count In Each",2500.00,"Min Min",,3500.00,"",
,"Active","Inventory Part","Rear Sprocket Honda",,"Non","000004 · Motor cycle Income","54200 · Motor Cycle","12100 · Inventory Asset",0.00,,5,"Count In Each (ce)","Count by the Count In Each",2300.00,"Min Min",,7500.00,"",
,"Active","Inventory Part","Click Govenor Ball",,"Non","54200 · Motor Cycle","54200 · Motor Cycle","12100 · Inventory Asset",0.00,,6,"Count In Each (ce)","Count by the Count In Each",5500.00,"Min Min",,7000.00,"",
,"Active","Inventory Part","Sprocket 14T Honda",,"Non","000004 · Motor cycle Income","54200 · Motor Cycle","12100 · Inventory Asset",0.00,,2,"Count In Each (ce)","Count by the Count In Each",1500.00,"Min Min",,3500.00,"",
,"Active","Inventory Part","Sprocket Spacer Honda",,"Non","000004 · Motor cycle Income","54200 · Motor Cycle","12100 · Inventory Asset",0.00,,3,"Count In Each (ce)","Count by the Count In Each",700.00,"Min Min",,1000.00,"",
,"Active","Inventory Part","Honda Gasket Circle",,"Non","000004 · Motor cycle Income","54200 · Motor Cycle","12100 · Inventory Asset",0.00,,9,"Count In Each (ce)","Count by the Count In Each",450.00,"Min Min",,1000.00,"",
,"Active","Inventory Part","Honda Gasket Square",,"Non","000004 · Motor cycle Income","54200 · Motor Cycle","12100 · Inventory Asset",0.00,,9,"Count In Each (ce)","Count by the Count In Each",900.00,"Min Min",,1500.00,"",
,"Active","Inventory Part","Front Signal Bulb Cover Kenbo+Y",,"Non","000004 · Motor cycle Income","54200 · Motor Cycle","12100 · Inventory Asset",0.00,,19,"Count In Each (ce)","Count by the Count In Each",1800.00,"Min Min",,2500.00,"",
,"Active","Inventory Part","Luojia Front Signal Bulb Set",,"Non","000004 · Motor cycle Income","54200 · Motor Cycle","12100 · Inventory Asset",0.00,,2,"Count In Each (ce)","Count by the Count In Each",6000.00,"Min Min",,7500.00,"",
,"Active","Inventory Part","Luojia Rear Signal Cover",,"Non","000004 · Motor cycle Income","54200 · Motor Cycle","12100 · Inventory Asset",0.00,,3,"Count In Each (ce)","Count by the Count In Each",1000.00,"Min Min",,1500.00,"",
,"Active","Inventory Part","Lever Brake Honda",,"Non","54200 · Motor Cycle","54200 · Motor Cycle","12100 · Inventory Asset",0.00,,0,"Count In Each (ce)","Count by the Count In Each",1000.00,"Min Min",,2000.00,"",
,"Active","Inventory Part","Kick Startor Pedal Spring",,"Non","000004 · Motor cycle Income","54200 · Motor Cycle","12100 · Inventory Asset",0.00,,13,"Count In Each (ce)","Count by the Count In Each",350.00,"Min Min",,500.00,"",
,"Active","Inventory Part","Steering Ball Set",,"Non","000004 · Motor cycle Income","54200 · Motor Cycle","12100 · Inventory Asset",0.00,,5,"Count In Each (ce)","Count by the Count In Each",300.00,"Min Min",,500.00,"",
,"Active","Inventory Part","Steering Ball Set Yamaha",,"Non","000004 · Motor cycle Income","54200 · Motor Cycle","12100 · Inventory Asset",0.00,,5,"Count In Each (ce)","Count by the Count In Each",3500.00,"Min Min",,4500.00,"",
,"Active","Inventory Part","Mileadge Pinion Assy",,"Non","000004 · Motor cycle Income","54200 · Motor Cycle","12100 · Inventory Asset",0.00,,12,"Count In Each (ce)","Count by the Count In Each",300.00,"Min Min",,500.00,"",
,"Active","Inventory Part","Bush Full Set",,"Non","000004 · Motor cycle Income","54200 · Motor Cycle","12100 · Inventory Asset",0.00,,6,"Count In Each (ce)","Count by the Count In Each",600.00,"Min Min",,1000.00,"",
,"Active","Inventory Part","Bush FCCI",,"Non","000004 · Motor cycle Income","54200 · Motor Cycle","12100 · Inventory Asset",0.00,,10,"Count In Each (ce)","Count by the Count In Each",600.00,"Min Min",,1000.00,"",
,"Active","Inventory Part","Bush Crocodile",,"Non","000004 · Motor cycle Income","54200 · Motor Cycle","12100 · Inventory Asset",0.00,,5,"Count In Each (ce)","Count by the Count In Each",600.00,"Min Min",,1000.00,"",
,"Active","Inventory Part","Bush  Asan",,"Non","000004 · Motor cycle Income","54200 · Motor Cycle","12100 · Inventory Asset",0.00,,6,"Count In Each (ce)","Count by the Count In Each",600.00,"Min Min",,1000.00,"",
,"Active","Inventory Part","Horn Switch Robot",,"Non","000004 · Motor cycle Income","54200 · Motor Cycle","12100 · Inventory Asset",0.00,,4,"Count In Each (ce)","Count by the Count In Each",500.00,"Min Min",,800.00,"",
,"Active","Inventory Part","On Off Robot",,"Non","000004 · Motor cycle Income","54200 · Motor Cycle","12100 · Inventory Asset",0.00,,-16,"Count In Each (ce)","Count by the Count In Each",500.00,"Min Min",,800.00,"",
,"Active","Inventory Part","Signal Switch Robot",,"Non","000004 · Motor cycle Income","54200 · Motor Cycle","12100 · Inventory Asset",0.00,,10,"Count In Each (ce)","Count by the Count In Each",500.00,"Min Min",,800.00,"",
,"Active","Inventory Part","Dimmer Switch 125",,"Non","000004 · Motor cycle Income","54200 · Motor Cycle","12100 · Inventory Asset",0.00,,19,"Count In Each (ce)","Count by the Count In Each",250.00,"Min Min",,500.00,"",
,"Active","Inventory Part","Dimmer Switch Robot",,"Non","000004 · Motor cycle Income","54200 · Motor Cycle","12100 · Inventory Asset",0.00,,5,"Count In Each (ce)","Count by the Count In Each",500.00,"Min Min",,800.00,"",
,"Active","Inventory Part","On Off Switch Honda",,"Non","000004 · Motor cycle Income","54200 · Motor Cycle","12100 · Inventory Asset",0.00,,9,"Count In Each (ce)","Count by the Count In Each",500.00,"Min Min",,1500.00,"",
,"Active","Inventory Part","Start Switch Honda",,"Non","000004 · Motor cycle Income","54200 · Motor Cycle","12100 · Inventory Asset",0.00,,6,"Count In Each (ce)","Count by the Count In Each",1500.00,"Min Min",,2000.00,"",
,"Active","Inventory Part","Dimmer Switch Honda",,"Non","000004 · Motor cycle Income","54200 · Motor Cycle","12100 · Inventory Asset",0.00,,6,"Count In Each (ce)","Count by the Count In Each",1500.00,"Min Min",,2000.00,"",
,"Active","Inventory Part","Signal Switch Honda",,"Non","000004 · Motor cycle Income","54200 · Motor Cycle","12100 · Inventory Asset",0.00,,3,"Count In Each (ce)","Count by the Count In Each",300.00,"Min Min",,2000.00,"",
,"Active","Inventory Part","Hub Ruber Yinxing",,"Non","000004 · Motor cycle Income","54200 · Motor Cycle","12100 · Inventory Asset",0.00,,1,"Count In Each (ce)","Count by the Count In Each",1100.00,"Min Min",,1500.00,"",
,"Active","Inventory Part","Kick Padle Cover Honda",,"Non","000004 · Motor cycle Income","54200 · Motor Cycle","12100 · Inventory Asset",0.00,,1,"Count In Each (ce)","Count by the Count In Each",200.00,"Min Min",,500.00,"",
,"Active","Inventory Part","Lock Full Set",,"Non","000004 · Motor cycle Income","54200 · Motor Cycle","12100 · Inventory Asset",0.00,,3,"Count In Each (ce)","Count by the Count In Each",2000.00,"Min Min",,3000.00,"",
,"Active","Inventory Part","Lock Jin Bad Tricycle Blue Bag",,"Non","000004 · Motor cycle Income","54200 · Motor Cycle","12100 · Inventory Asset",0.00,,4,"Count In Each (ce)","Count by the Count In Each",1500.00,"Min Min",,2000.00,"",
,"Active","Inventory Part","Lock Kaizer",,"Non","000004 · Motor cycle Income","54200 · Motor Cycle","12100 · Inventory Asset",0.00,,1,"Count In Each (ce)","Count by the Count In Each",15000.00,"Min Min",,20000.00,"",
,"Active","Inventory Part","Lock Smart",,"Non","000004 · Motor cycle Income","54200 · Motor Cycle","12100 · Inventory Asset",0.00,,1,"Count In Each (ce)","Count by the Count In Each",10000.00,"Min Min",,13000.00,"",
,"Active","Inventory Part","Lock Snow",,"Non","000004 · Motor cycle Income","54200 · Motor Cycle","12100 · Inventory Asset",0.00,,0,"Count In Each (ce)","Count by the Count In Each",2800.00,"Min Min",,4000.00,"",
,"Active","Inventory Part","Lock SJ",,"Non","54200 · Motor Cycle","54200 · Motor Cycle","12100 · Inventory Asset",0.00,,1,"Count In Each (ce)","Count by the Count In Each",3300.00,"Min Min",,4000.00,"",
,"Active","Inventory Part","Lock Kyalsin",,"Non","000004 · Motor cycle Income","54200 · Motor Cycle","12100 · Inventory Asset",0.00,,0,"Count In Each (ce)","Count by the Count In Each",1800.00,"Min Min",,3000.00,"",
,"Active","Inventory Part","Lock YY",,"Non","000004 · Motor cycle Income","54200 · Motor Cycle","12100 · Inventory Asset",0.00,,7,"Count In Each (ce)","Count by the Count In Each",3200.00,"Min Min",,4000.00,"",
,"Active","Inventory Part","Lock Crocodile",,"Non","000004 · Motor cycle Income","54200 · Motor Cycle","12100 · Inventory Asset",0.00,,1,"Count In Each (ce)","Count by the Count In Each",2800.00,"Min Min",,3500.00,"",
,"Active","Inventory Part","Lock Kenbo",,"Non","000004 · Motor cycle Income","54200 · Motor Cycle","12100 · Inventory Asset",0.00,,0,"Count In Each (ce)","Count by the Count In Each",3500.00,"Min Min",,4500.00,"",
,"Active","Inventory Part","Lock Seven Fish",,"Non","000004 · Motor cycle Income","54200 · Motor Cycle","12100 · Inventory Asset",0.00,,2,"Count In Each (ce)","Count by the Count In Each",3000.00,"Min Min",,4000.00,"",
,"Active","Inventory Part","Lock SGAC",,"Non","000004 · Motor cycle Income","54200 · Motor Cycle","12100 · Inventory Asset",0.00,,1,"Count In Each (ce)","Count by the Count In Each",2500.00,"Min Min",,3500.00,"",
,"Active","Inventory Part","Lock RESV Tricycle",,"Non","000004 · Motor cycle Income","54200 · Motor Cycle","12100 · Inventory Asset",0.00,,2,"Count In Each (ce)","Count by the Count In Each",1300.00,"Min Min",,2000.00,"",
,"Active","Inventory Part","Lock Lifan Tricycle",,"Non","000004 · Motor cycle Income","54200 · Motor Cycle","12100 · Inventory Asset",0.00,,1,"Count In Each (ce)","Count by the Count In Each",1500.00,"Min Min",,2000.00,"",
,"Active","Inventory Part","Lock FSC",,"Non","000004 · Motor cycle Income","54200 · Motor Cycle","12100 · Inventory Asset",0.00,,1,"Count In Each (ce)","Count by the Count In Each",3000.00,"Min Min",,3500.00,"",
,"Active","Inventory Part","Front Fork Oil Seal Honda",,"Non","000004 · Motor cycle Income","54200 · Motor Cycle","12100 · Inventory Asset",0.00,,-4,"Count In Each (ce)","Count by the Count In Each",300.00,"Min Min",,500.00,"",
,"Active","Inventory Part","SGAC 1/2 Set",,"Non","000004 · Motor cycle Income","54200 · Motor Cycle","12100 · Inventory Asset",0.00,,7,"Count In Each (ce)","Count by the Count In Each",600.00,"Min Min",,1000.00,"",
,"Active","Inventory Part","Ninja Gasket 1/2 Set",,"Non","000004 · Motor cycle Income","54200 · Motor Cycle","12100 · Inventory Asset",0.00,,7,"Count In Each (ce)","Count by the Count In Each",750.00,"Min Min",,1200.00,"",
,"Active","Inventory Part","Engine Parking Full Set JPR+RG+",,"Non","000004 · Motor cycle Income","54200 · Motor Cycle","12100 · Inventory Asset",0.00,,-1,"Count In Each (ce)","Count by the Count In Each",900.00,"Min Min",,1500.00,"",
,"Active","Inventory Part","Switch Set Left And Right",,"Non","000004 · Motor cycle Income","54200 · Motor Cycle","12100 · Inventory Asset",0.00,,0,"Count In Each (ce)","Count by the Count In Each",3500.00,"Min Min",,5000.00,"",
,"Active","Inventory Part","Kick Start Shaft Oil Seal",,"Non","000004 · Motor cycle Income","54200 · Motor Cycle","12100 · Inventory Asset",0.00,,0,"Count In Each (ce)","Count by the Count In Each",100.00,"Min Min",,200.00,"",
,"Active","Inventory Part","Gear Shaft Oil Seal",,"Non","000004 · Motor cycle Income","54200 · Motor Cycle","12100 · Inventory Asset",0.00,,6,"Count In Each (ce)","Count by the Count In Each",100.00,"Min Min",,200.00,"",
,"Active","Inventory Part","Caburator Float Ball Pin",,"Non","000004 · Motor cycle Income","54200 · Motor Cycle","12100 · Inventory Asset",0.00,,0,"Count In Each (ce)","Count by the Count In Each",250.00,"Min Min",,400.00,"",
,"Active","Inventory Part","Engine Oil Pump Pinion EO",,"Non","000004 · Motor cycle Income","54200 · Motor Cycle","12100 · Inventory Asset",0.00,,0,"Count In Each (ce)","Count by the Count In Each",700.00,"Min Min",,1000.00,"",
,"Active","Inventory Part","Engine Oil Pump EO",,"Non","000004 · Motor cycle Income","000004 · Motor cycle Income","12100 · Inventory Asset",0.00,,5,"Count In Each (ce)","Count by the Count In Each",1500.00,"Min Min",,2000.00,"",
,"Active","Inventory Part","Tappet Pinion",,"Non","000004 · Motor cycle Income","54200 · Motor Cycle","12100 · Inventory Asset",0.00,,4,"Count In Each (ce)","Count by the Count In Each",500.00,"Min Min",,1000.00,"",
,"Active","Inventory Part","Govenor Ball Side",,"Non","000004 · Motor cycle Income","54200 · Motor Cycle","12100 · Inventory Asset",0.00,,0,"Count In Each (ce)","Count by the Count In Each",1300.00,"Min Min",,2000.00,"",
,"Active","Inventory Part","Front Basket Nut Bush",,"Non","000004 · Motor cycle Income","54200 · Motor Cycle","12100 · Inventory Asset",0.00,,4,"Count In Each (ce)","Count by the Count In Each",700.00,"Min Min",,1000.00,"",
,"Active","Inventory Part","Tappet Chain Spacer",,"Non","000004 · Motor cycle Income","54200 · Motor Cycle","12100 · Inventory Asset",0.00,,6,"Count In Each (ce)","Count by the Count In Each",300.00,"Min Min",,500.00,"",
,"Active","Inventory Part","Tappet Bracket 125",,"Non","000004 · Motor cycle Income","54200 · Motor Cycle","12100 · Inventory Asset",0.00,,10,"Count In Each (ce)","Count by the Count In Each",600.00,"Min Min",,1000.00,"",
,"Active","Inventory Part","Tappet Bracket 110",,"Non","000004 · Motor cycle Income","54200 · Motor Cycle","12100 · Inventory Asset",0.00,,8,"Count In Each (ce)","Count by the Count In Each",600.00,"Min Min",,1000.00,"",
,"Active","Inventory Part","Tappet Arm Shaft",,"Non","000004 · Motor cycle Income","54200 · Motor Cycle","12100 · Inventory Asset",0.00,,5,"Count In Each (ce)","Count by the Count In Each",300.00,"Min Min",,500.00,"",
,"Active","Inventory Part","Govenor Parts",,"Non","000004 · Motor cycle Income","54200 · Motor Cycle","12100 · Inventory Asset",0.00,,3,"Count In Each (ce)","Count by the Count In Each",1400.00,"Min Min",,2000.00,"",
,"Active","Inventory Part","Caburator Oil Seal",,"Non","000004 · Motor cycle Income","54200 · Motor Cycle","12100 · Inventory Asset",0.00,,0,"Count In Each (ce)","Count by the Count In Each",300.00,"Min Min",,500.00,"",
,"Active","Inventory Part","Lubricant Oil Pump Big Roller",,"Non","000004 · Motor cycle Income","54200 · Motor Cycle","12100 · Inventory Asset",0.00,,6,"Count In Each (ce)","Count by the Count In Each",500.00,"Min Min",,1000.00,"",
,"Active","Inventory Part","Shork Oil Seal Kenbo",,"Non","000004 · Motor cycle Income","54200 · Motor Cycle","12100 · Inventory Asset",0.00,,3,"Count In Each (ce)","Count by the Count In Each",1400.00,"Min Min",,2000.00,"",
,"Active","Inventory Part","Shork Oil Seal Honda",,"Non","000004 · Motor cycle Income","54200 · Motor Cycle","12100 · Inventory Asset",0.00,,8,"Count In Each (ce)","Count by the Count In Each",250.00,"Min Min",,500.00,"",
,"Active","Inventory Part","Lock Cover Plastic",,"Non","000004 · Motor cycle Income","54200 · Motor Cycle","12100 · Inventory Asset",0.00,,1,"Count In Each (ce)","Count by the Count In Each",500.00,"Min Min",,1000.00,"",
,"Active","Inventory Part","Pasar 1Pin",,"Non","000004 · Motor cycle Income","54200 · Motor Cycle","12100 · Inventory Asset",0.00,,-1,"Count In Each (ce)","Count by the Count In Each",500.00,"Min Min",,1000.00,0,
,"Active","Inventory Part","Pasar2Pin",,"Non","000004 · Motor cycle Income","54200 · Motor Cycle","12100 · Inventory Asset",0.00,,9,"Count In Each (ce)","Count by the Count In Each",500.00,"Min Min",,1000.00,"",
,"Active","Inventory Part","110 Rear Lock",,"Non","000004 · Motor cycle Income","54200 · Motor Cycle","12100 · Inventory Asset",0.00,,5,"Count In Each (ce)","Count by the Count In Each",500.00,"Min Min",,1000.00,"",
,"Active","Inventory Part","Mileadge Pinion",,"Non","000004 · Motor cycle Income","54200 · Motor Cycle","12100 · Inventory Asset",0.00,,6,"Count In Each (ce)","Count by the Count In Each",700.00,"Min Min",,1000.00,"",
,"Active","Inventory Part","Caburator Needle Set JPR+Jianxi",,"Non","000004 · Motor cycle Income","54200 · Motor Cycle","12100 · Inventory Asset",0.00,,6,"Count In Each (ce)","Count by the Count In Each",300.00,"Min Min",,500.00,"",
,"Active","Inventory Part","Caburator Needle Set 110 Kenbo",,"Non","000004 · Motor cycle Income","54200 · Motor Cycle","12100 · Inventory Asset",0.00,,4,"Count In Each (ce)","Count by the Count In Each",900.00,"Min Min",,1500.00,"",
,"Active","Inventory Part","Caburator Needle Set 110 RG",,"Non","000004 · Motor cycle Income","54200 · Motor Cycle","12100 · Inventory Asset",0.00,,11,"Count In Each (ce)","Count by the Count In Each",300.00,"Min Min",,500.00,"",
,"Active","Inventory Part","Caburator Needle Set 110 GP",,"Non","000004 · Motor cycle Income","54200 · Motor Cycle","12100 · Inventory Asset",0.00,,2,"Count In Each (ce)","Count by the Count In Each",500.00,"Min Min",,800.00,"",
,"Active","Inventory Part","Caburator Needle Set 125 GP",,"Non","000004 · Motor cycle Income","54200 · Motor Cycle","12100 · Inventory Asset",0.00,,9,"Count In Each (ce)","Count by the Count In Each",800.00,"Min Min",,1500.00,"",
,"Active","Inventory Part","Caburator Needle Set 110+125 7F",,"Non","000004 · Motor cycle Income","54200 · Motor Cycle","12100 · Inventory Asset",0.00,,13,"Count In Each (ce)","Count by the Count In Each",400.00,"Min Min",,700.00,"",
,"Active","Inventory Part","Caburator Needle Set 110 JPR",,"Non","000004 · Motor cycle Income","54200 · Motor Cycle","12100 · Inventory Asset",0.00,,13,"Count In Each (ce)","Count by the Count In Each",300.00,"Min Min",,500.00,"",
,"Active","Inventory Part","Timing Chain Total Honda+Kenbo",,"Non","000004 · Motor cycle Income","54200 · Motor Cycle","12100 · Inventory Asset",0.00,,3,"Count In Each (ce)","Count by the Count In Each",1500.00,"Min Min",,2000.00,"",
,"Active","Inventory Part","Timing Chain 92L DID",,"Non","000004 · Motor cycle Income","54200 · Motor Cycle","12100 · Inventory Asset",0.00,,4,"Count In Each (ce)","Count by the Count In Each",3000.00,"Min Min",,4000.00,"",
,"Active","Inventory Part","Timing Chain 88L Honda",,"Non","000004 · Motor cycle Income","54200 · Motor Cycle","12100 · Inventory Asset",0.00,,7,"Count In Each (ce)","Count by the Count In Each",2000.00,"Min Min",,3000.00,"",
,"Active","Inventory Part","Timing Chain 90L 555",,"Non","000004 · Motor cycle Income","54200 · Motor Cycle","12100 · Inventory Asset",0.00,,-6,"Count In Each (ce)","Count by the Count In Each",2000.00,"Min Min",,3000.00,"",
,"Active","Inventory Part","NTN 6203",,"Non","000004 · Motor cycle Income","54200 · Motor Cycle","12100 · Inventory Asset",0.00,,5,"Count In Each (ce)","Count by the Count In Each",300.00,"Min Min",,500.00,"",
,"Active","Inventory Part","GYG 6000",,"Non","000004 · Motor cycle Income","54200 · Motor Cycle","12100 · Inventory Asset",0.00,,4,"Count In Each (ce)","Count by the Count In Each",500.00,"Min Min",,1000.00,"",
,"Active","Inventory Part","TTD 6200",,"Non","000004 · Motor cycle Income","54200 · Motor Cycle","12100 · Inventory Asset",0.00,,0,"Count In Each (ce)","Count by the Count In Each",500.00,"Min Min",,1000.00,"",
,"Active","Inventory Part","NSK 6000",,"Non","000004 · Motor cycle Income","000004 · Motor cycle Income","12100 · Inventory Asset",0.00,,6,"Count In Each (ce)","Count by the Count In Each",300.00,"Min Min",,500.00,"",
,"Active","Inventory Part","ATT 6300",,"Non","000004 · Motor cycle Income","54200 · Motor Cycle","12100 · Inventory Asset",0.00,,0,"Count In Each (ce)","Count by the Count In Each",500.00,"Min Min",,1000.00,"",
,"Active","Inventory Part","Crocodile 6300",,"Non","000004 · Motor cycle Income","54200 · Motor Cycle","12100 · Inventory Asset",0.00,,0,"Count In Each (ce)","Count by the Count In Each",350.00,"Min Min",,500.00,"",
,"Active","Inventory Part","RG 6000",,"Non","000004 · Motor cycle Income","54200 · Motor Cycle","12100 · Inventory Asset",0.00,,4,"Count In Each (ce)","Count by the Count In Each",350.00,"Min Min",,500.00,"",
,"Active","Inventory Part","Crocodile 6001",,"Non","000004 · Motor cycle Income","54200 · Motor Cycle","12100 · Inventory Asset",0.00,,14,"Count In Each (ce)","Count by the Count In Each",650.00,"Min Min",,1000.00,"",
,"Active","Inventory Part","Vakve Guide GYG",,"Non","000004 · Motor cycle Income","54200 · Motor Cycle","12100 · Inventory Asset",0.00,,8,"Count In Each (ce)","Count by the Count In Each",500.00,"Min Min",,1000.00,"",
,"Active","Inventory Part","Valve Guide Crocodile",,"Non","000004 · Motor cycle Income","54200 · Motor Cycle","12100 · Inventory Asset",0.00,,8,"Count In Each (ce)","Count by the Count In Each",600.00,"Min Min",,1000.00,"",
,"Active","Inventory Part","Valve Guide Racer",,"Non","000004 · Motor cycle Income","54200 · Motor Cycle","12100 · Inventory Asset",0.00,,7,"Count In Each (ce)","Count by the Count In Each",500.00,"Min Min",,1000.00,"",
,"Active","Inventory Part","Valve Guide Seven Fish",,"Non","000004 · Motor cycle Income","54200 · Motor Cycle","12100 · Inventory Asset",0.00,,4,"Count In Each (ce)","Count by the Count In Each",650.00,"Min Min",,1500.00,"",
,"Active","Inventory Part","Valve Guide DSC",,"Non","000004 · Motor cycle Income","54200 · Motor Cycle","12100 · Inventory Asset",0.00,,5,"Count In Each (ce)","Count by the Count In Each",500.00,"Min Min",,1000.00,"",
,"Active","Inventory Part","Valve Guide RG",,"Non","000004 · Motor cycle Income","54200 · Motor Cycle","12100 · Inventory Asset",0.00,,-1,"Count In Each (ce)","Count by the Count In Each",600.00,"Min Min",,1000.00,"",
,"Active","Inventory Part","Valve + Valve Guide RG",,"Non","000004 · Motor cycle Income","54200 · Motor Cycle","12100 · Inventory Asset",0.00,,0,"Count In Each (ce)","Count by the Count In Each",500.00,"Min Min",,1000.00,"",
,"Active","Inventory Part","Valve only GYG+RG+Crocodile",,"Non","000004 · Motor cycle Income","54200 · Motor Cycle","12100 · Inventory Asset",0.00,,-1,"Count In Each (ce)","Count by the Count In Each",1000.00,"Min Min",,1500.00,"",
,"Active","Inventory Part","Valve Yingxing",,"Non","000004 · Motor cycle Income","54200 · Motor Cycle","12100 · Inventory Asset",0.00,,17,"Count In Each (ce)","Count by the Count In Each",2000.00,"Min Min",,3000.00,"",
,"Active","Inventory Part","Valve Lion King",,"Non","000004 · Motor cycle Income","54200 · Motor Cycle","12100 · Inventory Asset",0.00,,-2,"Count In Each (ce)","Count by the Count In Each",1000.00,"Min Min",,1500.00,"",
,"Active","Inventory Part","Valve DSC",,"Non","000004 · Motor cycle Income","54200 · Motor Cycle","12100 · Inventory Asset",0.00,,0,"Count In Each (ce)","Count by the Count In Each",1200.00,"Min Min",,2000.00,"",
,"Active","Inventory Part","Valve Kenbo",,"Non","000004 · Motor cycle Income","54200 · Motor Cycle","12100 · Inventory Asset",0.00,,12,"Count In Each (ce)","Count by the Count In Each",1800.00,"Min Min",,3000.00,"",
,"Active","Inventory Part","Valve SGAC",,"Non","000004 · Motor cycle Income","54200 · Motor Cycle","12100 · Inventory Asset",0.00,,0,"Count In Each (ce)","Count by the Count In Each",1000.00,"Min Min",,1500.00,"",
,"Active","Inventory Part","Valve Pag",,"Non","000004 · Motor cycle Income","54200 · Motor Cycle","12100 · Inventory Asset",0.00,,1,"Count In Each (ce)","Count by the Count In Each",1200.00,"Min Min",,2000.00,"",
,"Active","Inventory Part","Valve KCC",,"Non","000004 · Motor cycle Income","54200 · Motor Cycle","12100 · Inventory Asset",0.00,,0,"Count In Each (ce)","Count by the Count In Each",1000.00,"Min Min",,1500.00,"",
,"Active","Inventory Part","Valve Racer",,"Non","000004 · Motor cycle Income","54200 · Motor Cycle","12100 · Inventory Asset",0.00,,2,"Count In Each (ce)","Count by the Count In Each",600.00,"Min Min",,1000.00,"",
,"Active","Inventory Part","Ring .25 RG",,"Non","000004 · Motor cycle Income","54200 · Motor Cycle","12100 · Inventory Asset",0.00,,0,"Count In Each (ce)","Count by the Count In Each",1800.00,"Min Min",,2500.00,"",
,"Active","Inventory Part","Ring STD Lion King STD",,"Non","000004 · Motor cycle Income","54200 · Motor Cycle","12100 · Inventory Asset",0.00,,0,"Count In Each (ce)","Count by the Count In Each",1500.00,"Min Min",,2000.00,"",
,"Active","Inventory Part","Ring STD+.50 KCC",,"Non","000004 · Motor cycle Income","54200 · Motor Cycle","12100 · Inventory Asset",0.00,,0,"Count In Each (ce)","Count by the Count In Each",1800.00,"Min Min",,3000.00,"",
,"Active","Inventory Part","Ring Only",,"Non","000004 · Motor cycle Income","54200 · Motor Cycle","12100 · Inventory Asset",0.00,,2,"Count In Each (ce)","Count by the Count In Each",1200.00,"Min Min",,2000.00,"",
,"Active","Inventory Part","125 Ring .25 GYG",,"Non","000004 · Motor cycle Income","54200 · Motor Cycle","12100 · Inventory Asset",0.00,,6,"Count In Each (ce)","Count by the Count In Each",2000.00,"Min Min",,3000.00,"",
,"Active","Inventory Part","124 Ring STD DSC",,"Non","000004 · Motor cycle Income","54200 · Motor Cycle","12100 · Inventory Asset",0.00,,0,"Count In Each (ce)","Count by the Count In Each",1800.00,"Min Min",,3000.00,"",
,"Active","Inventory Part","124 Ring .25 DSC",,"Non","000004 · Motor cycle Income","54200 · Motor Cycle","12100 · Inventory Asset",0.00,,7,"Count In Each (ce)","Count by the Count In Each",1800.00,"Min Min",,3000.00,"",
,"Active","Inventory Part","124 Ring .25 Esome",,"Non","000004 · Motor cycle Income","54200 · Motor Cycle","12100 · Inventory Asset",0.00,,11,"Count In Each (ce)","Count by the Count In Each",1200.00,"Min Min",,2000.00,"",
,"Active","Inventory Part","124 Ring STD Crocodile",,"Non","000004 · Motor cycle Income","54200 · Motor Cycle","12100 · Inventory Asset",0.00,,15,"Count In Each (ce)","Count by the Count In Each",1900.00,"Min Min",,3000.00,"",
,"Active","Inventory Part","124 Ring STD 555",,"Non","000004 · Motor cycle Income","54200 · Motor Cycle","12100 · Inventory Asset",0.00,,3,"Count In Each (ce)","Count by the Count In Each",2200.00,"Min Min",,4000.00,"",
,"Active","Inventory Part","124 Piston Ring STD Jianxing",,"Non","000004 · Motor cycle Income","54200 · Motor Cycle","12100 · Inventory Asset",0.00,,10,"Count In Each (ce)","Count by the Count In Each",1800.00,"Min Min",,3000.00,"",
,"Active","Inventory Part","Ring STD Aikoni",,"Non","000004 · Motor cycle Income","54200 · Motor Cycle","12100 · Inventory Asset",0.00,,0,"Count In Each (ce)","Count by the Count In Each",1900.00,"Min Min",,3000.00,"",
,"Active","Inventory Part","Piston Only",,"Non","000004 · Motor cycle Income","54200 · Motor Cycle","12100 · Inventory Asset",0.00,,4,"Count In Each (ce)","Count by the Count In Each",1500.00,"Min Min",,2500.00,"",
,"Active","Inventory Part","124 Piston STD KCC",,"Non","54200 · Motor Cycle","54200 · Motor Cycle","12100 · Inventory Asset",0.00,,2,"Count In Each (ce)","Count by the Count In Each",2000.00,"Min Min",,3000.00,"",
,"Active","Inventory Part","124 Piston GYG JX",,"Non","54200 · Motor Cycle","54200 · Motor Cycle","12100 · Inventory Asset",0.00,,9,"Count In Each (ce)","Count by the Count In Each",1900.00,"Min Min",,3000.00,"",
,"Active","Inventory Part","W-125 Piston Ring .5 + STD KCC",,"Non","000004 · Motor cycle Income","54200 · Motor Cycle","12100 · Inventory Asset",0.00,,-1,"Count In Each (ce)","Count by the Count In Each",5500.00,"Min Min",,6500.00,"",
,"Active","Inventory Part","110 Piston STD +.5 Racer",,"Non","000004 · Motor cycle Income","54200 · Motor Cycle","12100 · Inventory Asset",0.00,,0,"Count In Each (ce)","Count by the Count In Each",1700.00,"Min Min",,2500.00,"",
,"Active","Inventory Part","124 Piston STD DSC",,"Non","000004 · Motor cycle Income","54200 · Motor Cycle","12100 · Inventory Asset",0.00,,2,"Count In Each (ce)","Count by the Count In Each",2300.00,"Min Min",,3000.00,"",
,"Active","Inventory Part","110 Piston .5 555",,"Non","000004 · Motor cycle Income","54200 · Motor Cycle","12100 · Inventory Asset",0.00,,0,"Count In Each (ce)","Count by the Count In Each",2200.00,"Min Min",,3000.00,"",
,"Active","Inventory Part","124 Piston STD Crocodile",,"Non","54200 · Motor Cycle","54200 · Motor Cycle","12100 · Inventory Asset",0.00,,2,"Count In Each (ce)","Count by the Count In Each",2000.00,"Min Min",,3000.00,"",
,"Active","Inventory Part","110 Piston  +5 Racer",,"Non","000004 · Motor cycle Income","54200 · Motor Cycle","12100 · Inventory Asset",0.00,,0,"Count In Each (ce)","Count by the Count In Each",2000.00,"Min Min",,2500.00,"",
,"Active","Inventory Part","110 Piston .25 STD RG",,"Non","000004 · Motor cycle Income","54200 · Motor Cycle","12100 · Inventory Asset",0.00,,0,"Count In Each (ce)","Count by the Count In Each",1800.00,"Min Min",,2500.00,"",
,"Active","Inventory Part","110 Piston .25 GYG",,"Non","000004 · Motor cycle Income","54200 · Motor Cycle","12100 · Inventory Asset",0.00,,0,"Count In Each (ce)","Count by the Count In Each",2000.00,"Min Min",,2500.00,"",
,"Active","Inventory Part","110 Piston STD Esome",,"Non","000004 · Motor cycle Income","54200 · Motor Cycle","12100 · Inventory Asset",0.00,,-1,"Count In Each (ce)","Count by the Count In Each",2000.00,"Min Min",,2500.00,"",
,"Active","Inventory Part","110 Piston 0.25 Esome",,"Non","000004 · Motor cycle Income","54200 · Motor Cycle","12100 · Inventory Asset",0.00,,0,"Count In Each (ce)","Count by the Count In Each",2000.00,"Min Min",,2500.00,"",
,"Active","Inventory Part","Short Armeture",,"Non","000004 · Motor cycle Income","54200 · Motor Cycle","12100 · Inventory Asset",0.00,,-1,"Count In Each (ce)","Count by the Count In Each",3300.00,"Min Min",,4000.00,"",
,"Active","Inventory Part","Start Ball Golfer",,"Non","000004 · Motor cycle Income","54200 · Motor Cycle","12100 · Inventory Asset",0.00,,1,"Count In Each (ce)","Count by the Count In Each",400.00,"Min Min",,700.00,"",
,"Active","Inventory Part","Regulator 4Pin Crocodile",,"Non","000004 · Motor cycle Income","54200 · Motor Cycle","12100 · Inventory Asset",0.00,,4,"Count In Each (ce)","Count by the Count In Each",1700.00,"Min Min",,2500.00,"",
,"Active","Inventory Part","Kenbo Camshaft",,"Non","000004 · Motor cycle Income","54200 · Motor Cycle","12100 · Inventory Asset",0.00,,2,"Count In Each (ce)","Count by the Count In Each",2500.00,"Min Min",,5000.00,"",
,"Active","Inventory Part","Camshaft Luojia",,"Non","000004 · Motor cycle Income","54200 · Motor Cycle","12100 · Inventory Asset",0.00,,-2,"Count In Each (ce)","Count by the Count In Each",4500.00,"Min Min",,6000.00,"",
,"Active","Inventory Part","Start Lock Socket",,"Non","000004 · Motor cycle Income","54200 · Motor Cycle","12100 · Inventory Asset",0.00,,3,"Count In Each (ce)","Count by the Count In Each",1000.00,"Min Min",,1500.00,"",
,"Active","Inventory Part","Socket Alarm",,"Non","000004 · Motor cycle Income","54200 · Motor Cycle","12100 · Inventory Asset",0.00,,2,"Count In Each (ce)","Count by the Count In Each",1000.00,"Min Min",,1500.00,"",
,"Active","Inventory Part","Driven Pinion Crocodile",,"Non","000004 · Motor cycle Income","54200 · Motor Cycle","12100 · Inventory Asset",0.00,,4,"Count In Each (ce)","Count by the Count In Each",1900.00,"Min Min",,3000.00,"",
,"Active","Inventory Part","Camshaft KLG",,"Non","000004 · Motor cycle Income","54200 · Motor Cycle","12100 · Inventory Asset",0.00,,0,"Count In Each (ce)","Count by the Count In Each",4500.00,"Min Min",,6000.00,"",
,"Active","Inventory Part","Conner Shaft Only Kenbo",,"Non","000004 · Motor cycle Income","54200 · Motor Cycle","12100 · Inventory Asset",0.00,,5,"Count In Each (ce)","Count by the Count In Each",1800.00,"Min Min",,2500.00,"",
,"Active","Inventory Part","Oil Pump JPR",,"Non","000004 · Motor cycle Income","54200 · Motor Cycle","12100 · Inventory Asset",0.00,,4,"Count In Each (ce)","Count by the Count In Each",1000.00,"Min Min",,1500.00,"",
,"Active","Inventory Part","Startor Ball Set With Screw SFC",,"Non","54200 · Motor Cycle","54200 · Motor Cycle","12100 · Inventory Asset",0.00,,3,"Count In Each (ce)","Count by the Count In Each",2000.00,"Min Min",,2500.00,"",
,"Active","Inventory Part","Startor Ball Set No Screw SFC",,"Non","000004 · Motor cycle Income","54200 · Motor Cycle","12100 · Inventory Asset",0.00,,4,"Count In Each (ce)","Count by the Count In Each",1100.00,"Min Min",,2500.00,"",
,"Active","Inventory Part","Caburator Parts",,"Non","000004 · Motor cycle Income","54200 · Motor Cycle","12100 · Inventory Asset",0.00,,0,"Count In Each (ce)","Count by the Count In Each",1700.00,"Min Min",,2500.00,"",
,"Active","Inventory Part","Front Fork Parts D2N",,"Non","000004 · Motor cycle Income","54200 · Motor Cycle","12100 · Inventory Asset",0.00,,0,"Count In Each (ce)","Count by the Count In Each",1700.00,"Min Min",,2500.00,"",
,"Active","Inventory Part","Short Armeture JPR",,"Non","000004 · Motor cycle Income","54200 · Motor Cycle","12100 · Inventory Asset",0.00,,-1,"Count In Each (ce)","Count by the Count In Each",3000.00,"Min Min",,3500.00,"",
,"Active","Inventory Part","Long Armeture JPR",,"Non","000004 · Motor cycle Income","54200 · Motor Cycle","12100 · Inventory Asset",0.00,,-1,"Count In Each (ce)","Count by the Count In Each",3800.00,"Min Min",,5000.00,"",
,"Active","Inventory Part","SGAC Rocker Arm",,"Non","000004 · Motor cycle Income","54200 · Motor Cycle","12100 · Inventory Asset",0.00,,7,"Count In Each (ce)","Count by the Count In Each",1300.00,"Min Min",,2000.00,"",
,"Active","Inventory Part","Gear Arm 125 Crocodile",,"Non","000004 · Motor cycle Income","54200 · Motor Cycle","12100 · Inventory Asset",0.00,,2,"Count In Each (ce)","Count by the Count In Each",2300.00,"Min Min",,3000.00,"",
,"Active","Inventory Part","Gear Arm 110 Crocodile",,"Non","000004 · Motor cycle Income","54200 · Motor Cycle","12100 · Inventory Asset",0.00,,0,"Count In Each (ce)","Count by the Count In Each",2300.00,"Min Min",,3000.00,"",
,"Active","Inventory Part","Oil Meter 2Pin Snow",,"Non","000004 · Motor cycle Income","54200 · Motor Cycle","12100 · Inventory Asset",0.00,,7,"Count In Each (ce)","Count by the Count In Each",1000.00,"Min Min",,3000.00,"",
,"Active","Inventory Part","Oil Meter 2Pin SFL",,"Non","000004 · Motor cycle Income","54200 · Motor Cycle","12100 · Inventory Asset",0.00,,2,"Count In Each (ce)","Count by the Count In Each",1000.00,"Min Min",,3000.00,"",
,"Active","Inventory Part","Oil Meter 3PIn Crocodile",,"Non","000004 · Motor cycle Income","54200 · Motor Cycle","12100 · Inventory Asset",0.00,,4,"Count In Each (ce)","Count by the Count In Each",1200.00,"Min Min",,3000.00,"",
,"Active","Inventory Part","Oil Meter 3Pin JPR",,"Non","000004 · Motor cycle Income","54200 · Motor Cycle","12100 · Inventory Asset",0.00,,2,"Count In Each (ce)","Count by the Count In Each",1200.00,"Min Min",,3000.00,"",
,"Active","Inventory Part","Start Coil Package",,"Non","000004 · Motor cycle Income","54200 · Motor Cycle","12100 · Inventory Asset",0.00,,0,"Count In Each (ce)","Count by the Count In Each",1000.00,"Min Min",,1500.00,"",
,"Active","Inventory Part","Start Coil Purple",,"Non","000004 · Motor cycle Income","54200 · Motor Cycle","12100 · Inventory Asset",0.00,,4,"Count In Each (ce)","Count by the Count In Each",1000.00,"Min Min",,1500.00,"",
,"Active","Inventory Part","Seven Fish Ligh Coil",,"Non","000004 · Motor cycle Income","54200 · Motor Cycle","12100 · Inventory Asset",0.00,,5,"Count In Each (ce)","Count by the Count In Each",1500.00,"Min Min",,2000.00,"",
,"Active","Inventory Part","Lion King Light Coil",,"Non","000004 · Motor cycle Income","54200 · Motor Cycle","12100 · Inventory Asset",0.00,,6,"Count In Each (ce)","Count by the Count In Each",1500.00,"Min Min",,2000.00,"",
,"Active","Inventory Part","Light Coil Purple",,"Non","000004 · Motor cycle Income","54200 · Motor Cycle","12100 · Inventory Asset",0.00,,5,"Count In Each (ce)","Count by the Count In Each",1000.00,"Min Min",,1500.00,"",
,"Active","Inventory Part","UBM Plug Coil",,"Non","000004 · Motor cycle Income","54200 · Motor Cycle","12100 · Inventory Asset",0.00,,-1,"Count In Each (ce)","Count by the Count In Each",1800.00,"Min Min",,2500.00,"",
,"Active","Inventory Part","Golfer Plug Coil",,"Non","000004 · Motor cycle Income","54200 · Motor Cycle","12100 · Inventory Asset",0.00,,0,"Count In Each (ce)","Count by the Count In Each",1800.00,"Min Min",,2500.00,"",
,"Active","Inventory Part","DSC Solonoide Square",,"Non","000004 · Motor cycle Income","54200 · Motor Cycle","12100 · Inventory Asset",0.00,,1,"Count In Each (ce)","Count by the Count In Each",1800.00,"Min Min",,2500.00,"",
,"Active","Inventory Part","KCC Solonoide Square",,"Non","000004 · Motor cycle Income","54200 · Motor Cycle","12100 · Inventory Asset",0.00,,2,"Count In Each (ce)","Count by the Count In Each",1500.00,"Min Min",,2000.00,"",
,"Active","Inventory Part","King Solonoide Square",,"Non","000004 · Motor cycle Income","54200 · Motor Cycle","12100 · Inventory Asset",0.00,,7,"Count In Each (ce)","Count by the Count In Each",1800.00,"Min Min",,2500.00,"",
,"Active","Inventory Part","Snow Solonoide Square",,"Non","000004 · Motor cycle Income","54200 · Motor Cycle","12100 · Inventory Asset",0.00,,2,"Count In Each (ce)","Count by the Count In Each",1500.00,"Min Min",,2000.00,"",
,"Active","Inventory Part","Aikoni Solonoide Round",,"Non","000004 · Motor cycle Income","54200 · Motor Cycle","12100 · Inventory Asset",0.00,,2,"Count In Each (ce)","Count by the Count In Each",1800.00,"Min Min",,2500.00,"",
,"Active","Inventory Part","CDI",,"Non","000004 · Motor cycle Income","54200 · Motor Cycle","12100 · Inventory Asset",0.00,,1,"Count In Each (ce)","Count by the Count In Each",1500.00,"Min Min",,2500.00,"",
,"Active","Inventory Part","Aikoni CDI",,"Non","000004 · Motor cycle Income","54200 · Motor Cycle","12100 · Inventory Asset",0.00,,-1,"Count In Each (ce)","Count by the Count In Each",2200.00,"Min Min",,3000.00,"",
,"Active","Inventory Part","Regulator",,"Non","54200 · Motor Cycle","54200 · Motor Cycle","12100 · Inventory Asset",0.00,,-6,"Count In Each (ce)","Count by the Count In Each",500.00,"Min Min",,1000.00,"",
,"Active","Inventory Part","Honda Regulator",,"Non","000004 · Motor cycle Income","54200 · Motor Cycle","12100 · Inventory Asset",0.00,,1,"Count In Each (ce)","Count by the Count In Each",2800.00,"Min Min",,3500.00,"",
,"Active","Inventory Part","Luojia Regulator",,"Non","000004 · Motor cycle Income","54200 · Motor Cycle","12100 · Inventory Asset",0.00,,1,"Count In Each (ce)","Count by the Count In Each",900.00,"Min Min",,1500.00,"",
,"Active","Inventory Part","XINGSHEN Regulator",,"Non","000004 · Motor cycle Income","54200 · Motor Cycle","12100 · Inventory Asset",0.00,,1,"Count In Each (ce)","Count by the Count In Each",500.00,"Min Min",,1000.00,"",
,"Active","Inventory Part","RG Regulator Small",,"Non","000004 · Motor cycle Income","54200 · Motor Cycle","12100 · Inventory Asset",0.00,,2,"Count In Each (ce)","Count by the Count In Each",1000.00,"Min Min",,1500.00,"",
,"Active","Inventory Part","MK Regulator Small",,"Non","000004 · Motor cycle Income","54200 · Motor Cycle","12100 · Inventory Asset",0.00,,4,"Count In Each (ce)","Count by the Count In Each",1200.00,"Min Min",,2000.00,"",
,"Active","Inventory Part","Golfer Regulator with Wire Sock",,"Non","000004 · Motor cycle Income","54200 · Motor Cycle","12100 · Inventory Asset",0.00,,7,"Count In Each (ce)","Count by the Count In Each",2500.00,"Min Min",,3000.00,"",
,"Active","Inventory Part","UBM CDI 5Pin",,"Non","000004 · Motor cycle Income","54200 · Motor Cycle","12100 · Inventory Asset",0.00,,0,"Count In Each (ce)","Count by the Count In Each",2000.00,"Min Min",,2500.00,"",
,"Active","Inventory Part","UBM CDI 4PIn",,"Non","000004 · Motor cycle Income","54200 · Motor Cycle","12100 · Inventory Asset",0.00,,0,"Count In Each (ce)","Count by the Count In Each",2500.00,"Min Min",,3000.00,"",
,"Active","Inventory Part","DWS CDI 5Pin",,"Non","000004 · Motor cycle Income","54200 · Motor Cycle","12100 · Inventory Asset",0.00,,2,"Count In Each (ce)","Count by the Count In Each",2000.00,"Min Min",,2500.00,"",
,"Active","Inventory Part","DWS CDI 4Pin",,"Non","000004 · Motor cycle Income","54200 · Motor Cycle","12100 · Inventory Asset",0.00,,0,"Count In Each (ce)","Count by the Count In Each",2700.00,"Min Min",,3500.00,"",
,"Active","Inventory Part","CDI 5Pin 555",,"Non","000004 · Motor cycle Income","54200 · Motor Cycle","12100 · Inventory Asset",0.00,,2,"Count In Each (ce)","Count by the Count In Each",1500.00,"Min Min",,2000.00,"",
,"Active","Inventory Part","CDI 4Pin 555",,"Non","000004 · Motor cycle Income","54200 · Motor Cycle","12100 · Inventory Asset",0.00,,7,"Count In Each (ce)","Count by the Count In Each",1800.00,"Min Min",,2500.00,"",
,"Active","Inventory Part","DSC Spark Plug",,"Non","000004 · Motor cycle Income","54200 · Motor Cycle","12100 · Inventory Asset",0.00,,-3,"Count In Each (ce)","Count by the Count In Each",800.00,"Min Min",,1500.00,"",
,"Active","Inventory Part","U-Mi Water Pump Spark Plug",,"Non","000004 · Motor cycle Income","54200 · Motor Cycle","12100 · Inventory Asset",0.00,,5,"Count In Each (ce)","Count by the Count In Each",1000.00,"Min Min",,1500.00,"",
,"Active","Inventory Part","Sogo Spark Plug",,"Non","000004 · Motor cycle Income","54200 · Motor Cycle","12100 · Inventory Asset",0.00,,4,"Count In Each (ce)","Count by the Count In Each",1000.00,"Min Min",,1500.00,"",
,"Active","Inventory Part","NGK Spark Plug",,"Non","000004 · Motor cycle Income","54200 · Motor Cycle","12100 · Inventory Asset",0.00,,12,"Count In Each (ce)","Count by the Count In Each",500.00,"Min Min",,1000.00,"",
,"Active","Inventory Part","Honda Spark Plug Water Pump",,"Non","000004 · Motor cycle Income","54200 · Motor Cycle","12100 · Inventory Asset",0.00,,13,"Count In Each (ce)","Count by the Count In Each",1200.00,"Min Min",,2000.00,"",
,"Active","Inventory Part","Honda Spark Plug Blue Box",,"Non","000004 · Motor cycle Income","54200 · Motor Cycle","12100 · Inventory Asset",0.00,,6,"Count In Each (ce)","Count by the Count In Each",2000.00,"Min Min",,2500.00,"",
,"Active","Inventory Part","Honda Spark Plug Red Box",,"Non","000004 · Motor cycle Income","54200 · Motor Cycle","12100 · Inventory Asset",0.00,,14,"Count In Each (ce)","Count by the Count In Each",1000.00,"Min Min",,2000.00,"",
,"Active","Inventory Part","King Crocodil Plug Long+Short",,"Non","000004 · Motor cycle Income","54200 · Motor Cycle","12100 · Inventory Asset",0.00,,23,"Count In Each (ce)","Count by the Count In Each",600.00,"Min Min",,1500.00,"",
,"Active","Inventory Part","Ninja Spark Plug Click",,"Non","000004 · Motor cycle Income","54200 · Motor Cycle","12100 · Inventory Asset",0.00,,19,"Count In Each (ce)","Count by the Count In Each",3300.00,"Min Min",,5000.00,"",
,"Active","Inventory Part","Champion Spark Plug Long",,"Non","000004 · Motor cycle Income","54200 · Motor Cycle","12100 · Inventory Asset",0.00,,11,"Count In Each (ce)","Count by the Count In Each",900.00,"Min Min",,1500.00,"",
,"Active","Inventory Part","AOF Spark Plug Long",,"Non","000004 · Motor cycle Income","54200 · Motor Cycle","12100 · Inventory Asset",0.00,,33,"Count In Each (ce)","Count by the Count In Each",600.00,"Min Min",,1000.00,"",
,"Active","Inventory Part","Wax Queen Engine Cleaner",,"Non","000008 · Lubricant and Oil Income","Lubricant and Oil","12100 · Inventory Asset",0.00,,1,"Count In Each (ce)","Count by the Count In Each",2000.00,"Wax Queen",,2500.00,1,
,"Active","Inventory Part","Scooter Gear Oil",,"Non","000008 · Lubricant and Oil Income","Lubricant and Oil","12100 · Inventory Asset",0.00,,0,"Count In Each (ce)","Count by the Count In Each",1700.00,"Motul Ptn",,2500.00,1,
,"Active","Inventory Part","Scooter Expert 10W40",,"Non","000008 · Lubricant and Oil Income","Lubricant and Oil","12100 · Inventory Asset",0.00,,-1,"Count In Each (ce)","Count by the Count In Each",7800.00,"Motul Ptn",,10000.00,1,
,"Active","Inventory Part","Motul Scooter 4T 10W40",,"Non","000008 · Lubricant and Oil Income","Lubricant and Oil","12100 · Inventory Asset",0.00,,0,"Count In Each (ce)","Count by the Count In Each",5400.00,"Motul Ptn",,9000.00,1,
,"Active","Inventory Part","Scooter LE10W30",,"Non","000008 · Lubricant and Oil Income","Lubricant and Oil","12100 · Inventory Asset",0.00,,0,"Count In Each (ce)","Count by the Count In Each",6200.00,"Motul Ptn",,8000.00,1,
,"Active","Inventory Part","3000 Plus 10W40",,"Non","000008 · Lubricant and Oil Income","Lubricant and Oil","12100 · Inventory Asset",0.00,,-1,"Count In Each (ce)","Count by the Count In Each",6800.00,"Motul Ptn",,9000.00,1,
,"Active","Inventory Part","10"" Cable Cutter(Haiboshi)",,"Non","00001 · Hardware and tool Income","54300 · Hardware and tool","12100 · Inventory Asset",0.00,,0,"Count In Each (ce)","Count by the Count In Each",4000.00,"Han Asia",,5000.00,1,
,"Active","Inventory Part","18"" Cable Cutter(WY)(W053)",,"Non","00001 · Hardware and tool Income","54300 · Hardware and tool","12100 · Inventory Asset",0.00,,2,"Count In Each (ce)","Count by the Count In Each",15500.00,"Han Asia",,20000.00,1,
,"Active","Inventory Part","24"" Cable Cutter (Wy)(W-0426)",,"Non","00001 · Hardware and tool Income","54300 · Hardware and tool","12100 · Inventory Asset",0.00,,1,"Count In Each (ce)","Count by the Count In Each",19500.00,"Han Asia",,23000.00,"",
,"Active","Inventory Part","SD-605 2"" x 2"" Plastic In",,"Non","00001 · Hardware and tool Income","54300 · Hardware and tool","12100 · Inventory Asset",0.00,,16,"Count In Each (ce)","Count by the Count In Each",100.00,"Steel Dragon",,200.00,0,"D-3625"
,"Active","Inventory Part","Combination Square 45' vs 90'",,"Non","00001 · Hardware and tool Income","54300 · Hardware and tool","12100 · Inventory Asset",0.00,,0,"Count In Each (ce)","Count by the Count In Each",3000.00,"Raja",,4000.00,1,
,"Active","Inventory Part","Magnetic Welding Holder 5""",,"Non","00001 · Hardware and tool Income","54300 · Hardware and tool","12100 · Inventory Asset",0.00,,8,"Count In Each (ce)","Count by the Count In Each",6000.00,"Raja",,12000.00,1,
,"Active","Inventory Part","Ps-Lon Pipe Glue",,"Non","00001 · Hardware and tool Income","54300 · Hardware and tool","12100 · Inventory Asset",0.00,,0,"Count In Each (ce)","Count by the Count In Each",400.00,"Raja",,600.00,1,
,"Active","Inventory Part","Center Bush Roller Puller",,"Non","000004 · Motor cycle Income","54200 · Motor Cycle","12100 · Inventory Asset",0.00,,9,"Count In Each (ce)","Count by the Count In Each",19000.00,"Thar Aung & Bros",,23750.00,1,
,"Active","Inventory Part","450 W Spray Gun",,"Non","00001 · Hardware and tool Income","54300 · Hardware and tool","12100 · Inventory Asset",0.00,,1,"Count In Each (ce)","Count by the Count In Each",78750.00,"Dominus Company.Ltd",,83000.00,1,"PP801304"
,"Active","Inventory Part","sd-603 11/2"" x 11/2"" Plastic Su",,"Non","00001 · Hardware and tool Income","54300 · Hardware and tool","12100 · Inventory Asset",0.00,,4,"Count In Each (ce)","Count by the Count In Each",75.00,"Steel Dragon",,150.00,1,"D-3620"
,"Active","Inventory Part","Air Pump Tube Tip with Pipe",,"Non","000004 · Motor cycle Income","54200 · Motor Cycle","12100 · Inventory Asset",0.00,,8,"Count In Each (ce)","Count by the Count In Each",300.00,"Thar Aung & Bros",,500.00,1,
,"Active","Inventory Part","Click Seat Cover Ballon Velvet",,"Non","000004 · Motor cycle Income","54200 · Motor Cycle","12100 · Inventory Asset",0.00,,5,"Count In Each (ce)","Count by the Count In Each",1600.00,"Thar Aung & Bros",,3000.00,1,
,"Active","Inventory Part","Click Seat Cover",,"Non","000004 · Motor cycle Income","54200 · Motor Cycle","12100 · Inventory Asset",0.00,,1,"Count In Each (ce)","Count by the Count In Each",1900.00,"Thar Aung & Bros",,3000.00,1,
,"Active","Inventory Part","628 LLU AK - NTN",,"Non","000007 · Ball & Bearing","54599 · Ball and Bearing","12100 · Inventory Asset",0.00,,9,"Count In Each (ce)","Count by the Count In Each",900.00,"Kyaw San Min Co,Ltd",,1700.00,1,
,"Active","Inventory Part","627 LLU AK - NTN",,"Non","000007 · Ball & Bearing","54599 · Ball and Bearing","12100 · Inventory Asset",0.00,,8,"Count In Each (ce)","Count by the Count In Each",850.00,"Kyaw San Min Co,Ltd",,1700.00,1,
,"Active","Inventory Part","6204 LLU AK-NTN",,"Non","000007 · Ball & Bearing","54599 · Ball and Bearing","12100 · Inventory Asset",0.00,,8,"Count In Each (ce)","Count by the Count In Each",2500.00,"Kyaw San Min Co,Ltd",,5434.7825,1,
,"Active","Inventory Part","6 Tons Welded Bottle Jacks",,"Non","00001 · Hardware and tool Income","54300 · Hardware and tool","12100 · Inventory Asset",0.00,,0,"Count In Each (ce)","Count by the Count In Each",59800.00,"Dominus Company.Ltd",,66000.00,1,"H650106"
,"Active","Inventory Part","4 Tons Welded Bottle Jacks",,"Non","00001 · Hardware and tool Income","54300 · Hardware and tool","12100 · Inventory Asset",0.00,,3,"Count In Each (ce)","Count by the Count In Each",49950.00,"Dominus Company.Ltd",,55000.00,1,"H650104"
,"Active","Inventory Part","2 Tons Welded Bottle Jacks",,"Non","00001 · Hardware and tool Income","54300 · Hardware and tool","12100 · Inventory Asset",0.00,,3,"Count In Each (ce)","Count by the Count In Each",41950.00,"Dominus Company.Ltd",,50000.00,1,"H650102"
,"Active","Inventory Part","13mm Impact Drill Carbon","ID005/MT606/P800203/ED042","Non","00001 · Hardware and tool Income","54300 · Hardware and tool","12100 · Inventory Asset",0.00,"ID005/MT606/P800203/ED042",8,"pair (pr)","Count by the pair",600.00,"Dominus Company.Ltd",,1000.00,1,"PSP-10037CA"
,"Active","Inventory Part","10pcs Box Spaner Box",,"Non","00001 · Hardware and tool Income","54300 · Hardware and tool","12100 · Inventory Asset",0.00,,0,"Count In Each (ce)","Count by the Count In Each",11000.00,"Raja",,19764.7058,1,
,"Active","Inventory Part","G21 Grinder Armature",,"Non","00001 · Hardware and tool Income","54300 · Hardware and tool","12100 · Inventory Asset",0.00,,0,"Count In Each (ce)","Count by the Count In Each",7500.00,"Raja",,10000.00,1,
,"Active","Inventory Part","Pencil Sharpener Knife",,"Non","00001 · Hardware and tool Income","54300 · Hardware and tool","12100 · Inventory Asset",0.00,,5,"Count In Each (ce)","Count by the Count In Each",33.00,"Raja",,100.00,1,
,"Active","Inventory Part","CD Maker Pin",,"Non","00001 · Hardware and tool Income","54300 · Hardware and tool","12100 · Inventory Asset",0.00,,34,"Count In Each (ce)","Count by the Count In Each",2385.71429,"Raja",,3500.00,1,
,"Active","Inventory Part","14"" Carbon",,"Non","00001 · Hardware and tool Income","54300 · Hardware and tool","12100 · Inventory Asset",0.00,,0,"Count In Each (ce)","Count by the Count In Each",250.00,"Raja",,500.00,1,
,"Active","Inventory Part","G21 Grinder Carbon",,"Non","00001 · Hardware and tool Income","54300 · Hardware and tool","12100 · Inventory Asset",0.00,,212,"Count In Each (ce)","Count by the Count In Each",700.00,"Raja",,1400.00,1,
,"Active","Inventory Part","10x11/4"" L Key",,"Non","000003 · Bolt and Nut Income","54520 · Bolt and Nut","12100 · Inventory Asset",0.00,,124,"Count In Each (ce)","Count by the Count In Each",35.00,"Roberts & Bros",,200.00,1,
,"Active","Inventory Part","10x1"" L Key",,"Non","000003 · Bolt and Nut Income","54520 · Bolt and Nut","12100 · Inventory Asset",0.00,,4,"Count In Each (ce)","Count by the Count In Each",30.00,"Roberts & Bros",,100.00,1,
,"Active","Inventory Part","SD-605 2"" x 2"" Rubber Sut",,"Non","00001 · Hardware and tool Income","54300 · Hardware and tool","12100 · Inventory Asset",0.00,,20,"Count In Each (ce)","Count by the Count In Each",250.00,"Steel Dragon",,350.00,1,"D-7205"
,"Active","Inventory Part","6305DD  LLU",,"Non","000007 · Ball & Bearing","54599 · Ball and Bearing","12100 · Inventory Asset",0.00,,-2,"Count In Each (ce)","Count by the Count In Each",1400.00,"Kyaw San Min Co,Ltd",,3000.00,1,
,"Active","Inventory Part","okamoshi Screwbits",,"Non","00001 · Hardware and tool Income","54300 · Hardware and tool","12100 · Inventory Asset",0.00,,8,"Count In Each (ce)","Count by the Count In Each",500.00,"Raja",,1000.00,1,
,"Active","Inventory Part","KTL Cable Comb Trottle 125",,"Non","000004 · Motor cycle Income","54200 · Motor Cycle","12100 · Inventory Asset",0.00,,4,"Count In Each (ce)","Count by the Count In Each",2900.00,"Sein Kabar",,4000.00,1,"Th00140"
,"Active","Inventory Part","6303DD NTN",,"Non","000007 · Ball & Bearing","54599 · Ball and Bearing","12100 · Inventory Asset",0.00,,0,"Count In Each (ce)","Count by the Count In Each",1375.00,"Kyaw San Min Co,Ltd",,2500.00,1,
,"Active","Inventory Part","6207DD LLU",,"Non","000007 · Ball & Bearing","54599 · Ball and Bearing","12100 · Inventory Asset",0.00,,0,"Count In Each (ce)","Count by the Count In Each",2750.00,"Kyaw San Min Co,Ltd",,4000.00,1,
,"Active","Inventory Part","O-Ring Green Box",,"Non","000007 · Ball & Bearing","54599 · Ball and Bearing","12100 · Inventory Asset",0.00,,-0.24,"Count In Each (ce)","Count by the Count In Each",10500.00,"Kyaw San Min Co,Ltd",,20000.00,0,
,"Active","Inventory Part","Pipe Clip 7""",,"Non","00001 · Hardware and tool Income","54300 · Hardware and tool","12100 · Inventory Asset",0.00,,16,"Count In Each (ce)","Count by the Count In Each",700.00,"Raja",,1000.00,1,
,"Active","Inventory Part","7mm Haibao Drill Bit",,"Non","00001 · Hardware and tool Income","54300 · Hardware and tool","12100 · Inventory Asset",0.00,,17,"Count In Each (ce)","Count by the Count In Each",1800.00,"Raja",,3000.00006,1,
,"Active","Inventory Part","AA Battery",,"Non","00001 · Hardware and tool Income","54300 · Hardware and tool","12100 · Inventory Asset",0.00,,35,"Count In Each (ce)","Count by the Count In Each",92.00,"Raja",,100.00,1,
,"Active","Inventory Part","Roller Cabinet",,"Non","00001 · Hardware and tool Income","54300 · Hardware and tool","12100 · Inventory Asset",0.00,,0,"Count In Each (ce)","Count by the Count In Each",146000.00,"ko chit Phawl",,170000.00,"",
,"Active","Inventory Part","Rear Hub Bush",,"Non","000004 · Motor cycle Income","54200 · Motor Cycle","12100 · Inventory Asset",0.00,,7,"Count In Each (ce)","Count by the Count In Each",350.00,"Thar Aung & Bros",,500.00,1,
,"Active","Inventory Part","front Hub Bush",,"Non","000004 · Motor cycle Income","54200 · Motor Cycle","12100 · Inventory Asset",0.00,,72,"Count In Each (ce)","Count by the Count In Each",350.00,"Thar Aung & Bros",,500.00,1,
,"Active","Inventory Part","629 LLU NTN",,"Non","000007 · Ball & Bearing","54599 · Ball and Bearing","12100 · Inventory Asset",0.00,,5,"Count In Each (ce)","Count by the Count In Each",1000.00,"Kyaw San Min Co,Ltd",,1700.00,1,
,"Active","Inventory Part","18.25.5",,"Non","000007 · Ball & Bearing","54599 · Ball and Bearing","12100 · Inventory Asset",0.00,,7,"Count In Each (ce)","Count by the Count In Each",1100.00,"Kyaw San Min Co,Ltd",,1500.00,1,
,"Active","Inventory Part","SD-629 320 Steel Abarasive Whee",,"Non","00001 · Hardware and tool Income","54300 · Hardware and tool","12100 · Inventory Asset",0.00,,0,"Count In Each (ce)","Count by the Count In Each",350.00,"Steel Dragon",,500.00,1,"D3985"
,"Active","Inventory Part","SD-629 80 Steel Abarasive Wheel",,"Non","00001 · Hardware and tool Income","54300 · Hardware and tool","12100 · Inventory Asset",0.00,,0,"Count In Each (ce)","Count by the Count In Each",350.00,"Steel Dragon",,500.00,1,"D3980"
,"Active","Inventory Part","Flat Chisel SDS-Plus 14x250x40m",,"Non","00001 · Hardware and tool Income","54300 · Hardware and tool","12100 · Inventory Asset",0.00,,1,"Count In Each (ce)","Count by the Count In Each",5850.00,"Dominus Company.Ltd",,7000.00,1,"H540103"
,"Active","Inventory Part","Flat Chisel SDS-Plus 14x250x20m",,"Non","00001 · Hardware and tool Income","54300 · Hardware and tool","12100 · Inventory Asset",0.00,,2,"Count In Each (ce)","Count by the Count In Each",5350.00,"Dominus Company.Ltd",,6500.00,1,"H540102"
,"Active","Inventory Part","8x160 SDS Hoteche",,"Non","00001 · Hardware and tool Income","54300 · Hardware and tool","12100 · Inventory Asset",0.00,,2,"Count In Each (ce)","Count by the Count In Each",2650.00,"Dominus Company.Ltd",,3500.00,1,"SDS08160H"
,"Active","Inventory Part","Brick Twist Drill 14mm",,"Non","00001 · Hardware and tool Income","54300 · Hardware and tool","12100 · Inventory Asset",0.00,,-2,"Count In Each (ce)","Count by the Count In Each",2000.00,"Raja",,4000.00,1,
,"Active","Inventory Part","Brick Twist Drill 16mm",,"Non","00001 · Hardware and tool Income","54300 · Hardware and tool","12100 · Inventory Asset",0.00,,9,"Count In Each (ce)","Count by the Count In Each",3000.00,"Raja",,5000.0001,1,
,"Active","Inventory Part","45mm Hole Saw",,"Non","00001 · Hardware and tool Income","54300 · Hardware and tool","12100 · Inventory Asset",0.00,,3,"Count In Each (ce)","Count by the Count In Each",4500.00,"Raja",,5500.00,1,
,"Active","Inventory Part","40mm Hole Saw",,"Non","00001 · Hardware and tool Income","54300 · Hardware and tool","12100 · Inventory Asset",0.00,,2,"Count In Each (ce)","Count by the Count In Each",4000.00,"Raja",,5000.00,1,
,"Active","Inventory Part","30mm Hole Saw",,"Non","00001 · Hardware and tool Income","54300 · Hardware and tool","12100 · Inventory Asset",0.00,,1,"Count In Each (ce)","Count by the Count In Each",3000.00,"Raja",,5000.00,1,
,"Active","Inventory Part","35mm Hole Saw",,"Non","00001 · Hardware and tool Income","54300 · Hardware and tool","12100 · Inventory Asset",0.00,,1,"Count In Each (ce)","Count by the Count In Each",3500.00,"Raja",,4500.00,1,
,"Active","Inventory Part","3/8 Drill On Off",,"Non","00001 · Hardware and tool Income","54300 · Hardware and tool","12100 · Inventory Asset",0.00,,7,"Count In Each (ce)","Count by the Count In Each",2200.00,"Raja",,3000.00,1,
,"Active","Inventory Part","Grinder On Off",,"Non","00001 · Hardware and tool Income","54300 · Hardware and tool","12100 · Inventory Asset",0.00,,0,"Count In Each (ce)","Count by the Count In Each",800.00,"Raja",,1500.00,1,
,"Active","Inventory Part","Wax Queen Mirror Cleaner",,"Non","000008 · Lubricant and Oil Income","Lubricant and Oil","12100 · Inventory Asset",0.00,,20,"Count In Each (ce)","Count by the Count In Each",600.00,"Wax Queen",,1000.00,1,
,"Active","Inventory Part","wax Queen Brake Oil",,"Non","000008 · Lubricant and Oil Income","Lubricant and Oil","12100 · Inventory Asset",0.00,,0,"Count In Each (ce)","Count by the Count In Each",5800.00,"Wax Queen",,7000.00,"",
,"Active","Inventory Part","3/4 Grinder Nut",,"Non","00001 · Hardware and tool Income","54300 · Hardware and tool","12100 · Inventory Asset",0.00,,9,"pair (pr)","Count by the pair",1650.00,"Raja",,2500.00,1,
,"Active","Inventory Part","Grinder Carbon Cover",,"Non","00001 · Hardware and tool Income","54300 · Hardware and tool","12100 · Inventory Asset",0.00,,17,"pair (pr)","Count by the pair",350.00,"Raja",,500.00,1,
,"Active","Inventory Part","1/4 Drill Chuck",,"Non","00001 · Hardware and tool Income","54300 · Hardware and tool","12100 · Inventory Asset",0.00,,2,"Count In Each (ce)","Count by the Count In Each",1900.00,"Raja",,3000.00,1,
,"Active","Inventory Part","Brick Hole saw 42mm",,"Non","00001 · Hardware and tool Income","54300 · Hardware and tool","12100 · Inventory Asset",0.00,,0,"Count In Each (ce)","Count by the Count In Each",3570.00,"Raja",,5000.00,"",
,"Active","Inventory Part","Brick Hole saw 38mm",,"Non","00001 · Hardware and tool Income","54300 · Hardware and tool","12100 · Inventory Asset",0.00,,3,"Count In Each (ce)","Count by the Count In Each",3220.00,"Raja",,4500.00,1,
,"Active","Inventory Part","Brick Hole saw 25mm",,"Non","00001 · Hardware and tool Income","54300 · Hardware and tool","12100 · Inventory Asset",0.00,,5,"Count In Each (ce)","Count by the Count In Each",2125.00,"Raja",,3500.00,1,
,"Active","Inventory Part","Brick Hole saw 22mm",,"Non","00001 · Hardware and tool Income","54300 · Hardware and tool","12100 · Inventory Asset",0.00,,2,"Count In Each (ce)","Count by the Count In Each",1870.00,"Raja",,3000.00,1,
,"Active","Inventory Part","Brick Hole saw 20mm",,"Non","00001 · Hardware and tool Income","54300 · Hardware and tool","12100 · Inventory Asset",0.00,,4,"Count In Each (ce)","Count by the Count In Each",1700.00,"Raja",,3000.00,1,
,"Active","Inventory Part","Brick Hole saw 18mm",,"Non","00001 · Hardware and tool Income","54300 · Hardware and tool","12100 · Inventory Asset",0.00,,2,"Count In Each (ce)","Count by the Count In Each",1530.00,"Raja",,2500.00,1,
,"Active","Inventory Part","Tap M12X1.25",,"Non","00001 · Hardware and tool Income","54300 · Hardware and tool","12100 · Inventory Asset",0.00,,-6,"Count In Each (ce)","Count by the Count In Each",2000.00,"Raja",,3500.00,1,
,"Active","Inventory Part","Tap M10x1.25",,"Non","00001 · Hardware and tool Income","54300 · Hardware and tool","12100 · Inventory Asset",0.00,,0,"Count In Each (ce)","Count by the Count In Each",2000.00,"Raja",,3000.00,1,
,"Active","Inventory Part","NTN 6210",,"Non","000007 · Ball & Bearing","000007 · Ball & Bearing","12100 · Inventory Asset",0.00,,3,"Count In Each (ce)","Count by the Count In Each",3550.00,"Kyaw San Min Co,Ltd",,5000.00,1,
,"Active","Inventory Part","NTN 30206",,"Non","000007 · Ball & Bearing","54599 · Ball and Bearing","12100 · Inventory Asset",0.00,,0,"Count In Each (ce)","Count by the Count In Each",3600.00,"Kyaw San Min Co,Ltd",,4500.00,1,
,"Active","Inventory Part","22x310mm SDS Plus Drill Bit Mol",,"Non","00001 · Hardware and tool Income","54300 · Hardware and tool","12100 · Inventory Asset",0.00,,0,"Count In Each (ce)","Count by the Count In Each",5570.00,"Dominus Company.Ltd",,12000.00,1,"SDS22310M"
,"Active","Inventory Part","130W Rotary Tool Kit",,"Non","00001 · Hardware and tool Income","54300 · Hardware and tool","12100 · Inventory Asset",0.00,,0,"count in box (cb)","Count by the count in Pack",72050.00,"Dominus Company.Ltd",,80000.00,"","P801208"
,"Active","Inventory Part","Small NLD Sticker",,"Non","000002 · Sticker Income","54400 · Sticker","12100 · Inventory Asset",0.00,,0,"Count In Each (ce)","Count by the Count In Each",25.00,"Bo Gyi Sticker",,50.00,"",
,"Active","Inventory Part","Medium NLD Sticker",,"Non","000002 · Sticker Income","54400 · Sticker","12100 · Inventory Asset",0.00,,0,"Count In Each (ce)","Count by the Count In Each",100.00,"Bo Gyi Sticker",,200.00,"",
,"Active","Inventory Part","Big NLD Sticker",,"Non","000002 · Sticker Income","54400 · Sticker","12100 · Inventory Asset",0.00,,0,"Count In Each (ce)","Count by the Count In Each",400.00,"Bo Gyi Sticker",,1000.00,"",
,"Active","Inventory Part","Medium Thailand Reflection Stic",,"Non","000002 · Sticker Income","54400 · Sticker","12100 · Inventory Asset",0.00,,3,"Count In Each (ce)","Count by the Count In Each",600.00,"Bo Gyi Sticker",,1000.00,1,
,"Active","Inventory Part","Big Thailand Reflection Sticker",,"Non","000002 · Sticker Income","54400 · Sticker","12100 · Inventory Asset",0.00,,0,"Count In Each (ce)","Count by the Count In Each",1000.00,"Bo Gyi Sticker",,1500.00,"",
,"Active","Inventory Part","Star 202 1/2x1/2 - 1.0",,"Non","00001 · Hardware and tool Income","54300 · Hardware and tool","12100 · Inventory Asset",0.00,,12,"Count In Each (ce)","Count by the Count In Each",3300.00,"Steel Dragon",,4000.00,"",
,"Active","Inventory Part","304 Hongi - 1.0",,"Non","00001 · Hardware and tool Income","54300 · Hardware and tool","12100 · Inventory Asset",0.00,,1,"Count in viss (cv)","Weight by the Count in viss",5200.00,"Steel Dragon",,6500.00,"","D-8030"
,"Active","Inventory Part","Foam Sheet 0.75mm",,"Non","00001 · Hardware and tool Income","54300 · Hardware and tool","12100 · Inventory Asset",0.00,,10,"Count In Each (ce)","Count by the Count In Each",1200.00,"Raja",,2000.00,"",
,"Active","Inventory Part","500A Earth Clamp",,"Non","00001 · Hardware and tool Income","54300 · Hardware and tool","12100 · Inventory Asset",0.00,,0,"Count In Each (ce)","Count by the Count In Each",7700.00,"Dominus Company.Ltd",,9000.00,1,"451050"
,"Active","Inventory Part","Ysd 110 Front Brake Hub Cover",,"Non","000004 · Motor cycle Income","54200 · Motor Cycle","12100 · Inventory Asset",0.00,,0,"Count In Each (ce)","Count by the Count In Each",2400.00,"Sein Kabar",,3000.00,1,"SKT00143"
,"Active","Inventory Part","6 Pieces Impact Driver Set",,"Non","00001 · Hardware and tool Income","54300 · Hardware and tool","12100 · Inventory Asset",0.00,,0,"count in box (cb)","Count by the count in Pack",12000.00,"Raja",,25000.00,1,
,"Active","Inventory Part","40mm Heavy Box Spaner",,"Non","00001 · Hardware and tool Income","54300 · Hardware and tool","12100 · Inventory Asset",0.00,,6,"Count In Each (ce)","Count by the Count In Each",22000.00,"Raja",,30000.00,1,
,"Active","Inventory Part","38mm Heavy Box Spaner",,"Non","00001 · Hardware and tool Income","54300 · Hardware and tool","12100 · Inventory Asset",0.00,,1,"Count In Each (ce)","Count by the Count In Each",6000.00,"Raja",,7500.00,1,
,"Active","Inventory Part","36mm Heavy Box Spaner",,"Non","00001 · Hardware and tool Income","54300 · Hardware and tool","12100 · Inventory Asset",0.00,,1,"Count In Each (ce)","Count by the Count In Each",5500.00,"Raja",,7000.00,1,
,"Active","Inventory Part","34mm Heavy Box Spaner",,"Non","00001 · Hardware and tool Income","54300 · Hardware and tool","12100 · Inventory Asset",0.00,,0,"Count In Each (ce)","Count by the Count In Each",5000.00,"Raja",,6500.00,1,
,"Active","Inventory Part","32mm Heavy Box Spaner",,"Non","00001 · Hardware and tool Income","54300 · Hardware and tool","12100 · Inventory Asset",0.00,,8,"Count In Each (ce)","Count by the Count In Each",21000.00,"Raja",,26250.00,1,
,"Active","Inventory Part","Ptt GL-5 Gear Oil SAE 140",,"Non","000008 · Lubricant and Oil Income","Lubricant and Oil","12100 · Inventory Asset",0.00,,-1,"Count In Each (ce)","Count by the Count In Each",54000.00,"Tunn Star",,85909.0914,1,
,"Active","Inventory Part","Back Mirror HMA China",,"Non","000004 · Motor cycle Income","54200 · Motor Cycle","12100 · Inventory Asset",0.00,,2,"pair (pr)","Count by the pair",3450.00,"Sein Kabar",,4312.50,1,"SKT00584"
,"Active","Inventory Part","Seat Cover Type R",,"Non","000004 · Motor cycle Income","54200 · Motor Cycle","12100 · Inventory Asset",0.00,,4,"Count In Each (ce)","Count by the Count In Each",2100.00,"Sein Kabar",,3000.00,0,"SKT01025"
,"Active","Inventory Part","YSD 110 Rotor Magneto",,"Non","000004 · Motor cycle Income","54200 · Motor Cycle","12100 · Inventory Asset",0.00,,-3,"count in box (cb)","Count by the count in Pack",6100.00,"Sein Kabar",,7000.00,1,"SKT00008"
,"Active","Inventory Part","States Coolant 1L",,"Non","000008 · Lubricant and Oil Income","Lubricant and Oil","12100 · Inventory Asset",0.00,,1,"Count In Each (ce)","Count by the Count In Each",3795.83333,"Proven International Co.,Ltd",,5000.00,1,
,"Active","Inventory Part","130A Mini Welding Machine",,"Non","00001 · Hardware and tool Income","54300 · Hardware and tool","12100 · Inventory Asset",0.00,,1,"Count In Each (ce)","Count by the Count In Each",266332.50,"Dominus Company.Ltd",,458296.2351,1,"P813130"
,"Active","Inventory Part","235mm Circular Saw",,"Non","00001 · Hardware and tool Income","54300 · Hardware and tool","12100 · Inventory Asset",0.00,,0,"Count In Each (ce)","Count by the Count In Each",222550.00,"Dominus Company.Ltd",,240000.00,"","P800601"
,"Active","Inventory Part","185mm Circular 1300W",,"Non","00001 · Hardware and tool Income","54300 · Hardware and tool","12100 · Inventory Asset",0.00,,0,"Count In Each (ce)","Count by the Count In Each",171350.00,"Dominus Company.Ltd",,200000.00,"","P800602"
,"Active","Inventory Part","110mm Marble Cutter Hoteche",,"Non","00001 · Hardware and tool Income","54300 · Hardware and tool","12100 · Inventory Asset",0.00,,1,"count in box (cb)","Count by the count in Pack",42911.00,"Dominus Company.Ltd",,200000.00,"","MC1108"
,"Active","Inventory Part","Palm Sander",,"Non","00001 · Hardware and tool Income","54300 · Hardware and tool","12100 · Inventory Asset",0.00,,0,"count in box (cb)","Count by the count in Pack",62050.00,"Dominus Company.Ltd",,67000.00,"","S1106"
,"Active","Inventory Part","12mm Electric Router",,"Non","00001 · Hardware and tool Income","54300 · Hardware and tool","12100 · Inventory Asset",0.00,,2,"count in box (cb)","Count by the count in Pack",321650.00,"Dominus Company.Ltd",,361291.72209,0,"P800901"
,"Active","Inventory Part","Hansg 1001 Air Spray Gun",,"Non","00001 · Hardware and tool Income","54300 · Hardware and tool","12100 · Inventory Asset",0.00,,1,"count in box (cb)","Count by the count in Pack",17000.00,"Dominus Company.Ltd",,21573.6035,1,"F75G"
,"Active","Inventory Part","H290608 Spring Clamp",,"Non","00001 · Hardware and tool Income","54300 · Hardware and tool","12100 · Inventory Asset",0.00,,3,"Count In Each (ce)","Count by the Count In Each",7400.00,"Dominus Company.Ltd",,8000.00,1,"290608"
,"Active","Inventory Part","H290701 Quick Ratchet Bar Clamp",,"Non","00001 · Hardware and tool Income","54300 · Hardware and tool","12100 · Inventory Asset",0.00,,3,"Count In Each (ce)","Count by the Count In Each",5750.00,"Dominus Company.Ltd",,6500.00,1,"290701"
,"Active","Inventory Part","H290702 Quick Ratchet Bar Clamp",,"Non","00001 · Hardware and tool Income","54300 · Hardware and tool","12100 · Inventory Asset",0.00,,3,"Count In Each (ce)","Count by the Count In Each",6250.00,"Dominus Company.Ltd",,7000.00,1,"290702"
,"Active","Inventory Part","H290703 Quick Ratchet Bar Clamp",,"Non","00001 · Hardware and tool Income","54300 · Hardware and tool","12100 · Inventory Asset",0.00,,2,"Count In Each (ce)","Count by the Count In Each",12950.00,"Dominus Company.Ltd",,15000.00,1,"290703"
,"Active","Inventory Part","H290704 Quick Ratchet Bar Clamp",,"Non","00001 · Hardware and tool Income","54300 · Hardware and tool","12100 · Inventory Asset",0.00,,3,"Count In Each (ce)","Count by the Count In Each",14700.00,"Dominus Company.Ltd",,16000.00,1,"290704"
,"Active","Inventory Part","H290705 Quick Ratchet Bar Clamp",,"Non","00001 · Hardware and tool Income","54300 · Hardware and tool","12100 · Inventory Asset",0.00,,3,"Count In Each (ce)","Count by the Count In Each",17950.00,"Dominus Company.Ltd",,20000.00,1,"290705"
,"Active","Inventory Part","300A Earth Clamp",,"Non","00001 · Hardware and tool Income","54300 · Hardware and tool","12100 · Inventory Asset",0.00,,1,"Count In Each (ce)","Count by the Count In Each",5850.00,"Dominus Company.Ltd",,7000.00,1,"451030"
,"Active","Inventory Part","120A Mini Welding Machine",,"Non","00001 · Hardware and tool Income","54300 · Hardware and tool","12100 · Inventory Asset",0.00,,3.8825,"count in box (cb)","Count by the count in Pack",275500.00,"Dominus Company.Ltd",,350000.00,1,"P813120"
,"Active","Inventory Part","Driver's Feet Rest Set Thai Rub",,"Non","000004 · Motor cycle Income","54200 · Motor Cycle","12100 · Inventory Asset",0.00,,0,"pair (pr)","Count by the pair",1000.00,"MH",,2000.00,"",
,"Active","Inventory Part","Honda Motor Carbon",,"Non","000004 · Motor cycle Income","54200 · Motor Cycle","12100 · Inventory Asset",0.00,,4,"pair (pr)","Count by the pair",700.00,"MH",,1500.00,"",
,"Active","Inventory Part","Led 8 Bulbs Magnifier",,"Non","000004 · Motor cycle Income","54200 · Motor Cycle","12100 · Inventory Asset",0.00,,-1,"Count In Each (ce)","Count by the Count In Each",5200.00,"MH",,6500.00,1,
,"Active","Inventory Part","Caburator Fuel Filter",,"Non","000004 · Motor cycle Income","54200 · Motor Cycle","12100 · Inventory Asset",0.00,,7,"Count In Each (ce)","Count by the Count In Each",200.00,"MH",,300.00,1,
,"Active","Inventory Part","Chain Lift Path",,"Non","000004 · Motor cycle Income","54200 · Motor Cycle","12100 · Inventory Asset",0.00,,8,"Count In Each (ce)","Count by the Count In Each",1450.00,"MH",,2500.00,1,
,"Active","Inventory Part","Leather Seat 3D",,"Non","00001 · Hardware and tool Income","54200 · Motor Cycle","12100 · Inventory Asset",0.00,,0,"Count In Each (ce)","Count by the Count In Each",1850.00,"MH",,2500.00,1,
,"Active","Inventory Part","Brick Hole Saw Joice Short",,"Non","00001 · Hardware and tool Income","54300 · Hardware and tool","12100 · Inventory Asset",0.00,,1,"Count In Each (ce)","Count by the Count In Each",3100.00,"Raja",,4000.00,1,
,"Active","Inventory Part","Brick Hole Saw Joice Long",,"Non","00001 · Hardware and tool Income","54300 · Hardware and tool","12100 · Inventory Asset",0.00,,7,"Count In Each (ce)","Count by the Count In Each",4000.00,"Raja",,5000.00,1,
,"Active","Inventory Part","Wynn's Electrical Diagonal Plie",,"Non","00001 · Hardware and tool Income","54300 · Hardware and tool","12100 · Inventory Asset",0.00,,0,"Count In Each (ce)","Count by the Count In Each",2500.00,"Raja",,3500.00,1,
,"Active","Inventory Part","Trunking Cutter",,"Non","00001 · Hardware and tool Income","54300 · Hardware and tool","12100 · Inventory Asset",0.00,,5,"Count In Each (ce)","Count by the Count In Each",6500.00,"Raja",,8000.00,1,
,"Active","Inventory Part","9"" External Straight Circlip Pl",,"Non","00001 · Hardware and tool Income","54300 · Hardware and tool","12100 · Inventory Asset",0.00,,6,"Count In Each (ce)","Count by the Count In Each",3500.00,"Raja",,7500.00,1,
,"Active","Inventory Part","9"" Internal Straight Circlip Pl",,"Non","00001 · Hardware and tool Income","54300 · Hardware and tool","12100 · Inventory Asset",0.00,,5,"Count In Each (ce)","Count by the Count In Each",3500.00,"Raja",,7500.00,1,
,"Active","Inventory Part","9"" Internal Bent Cir clip Plier",,"Non","00001 · Hardware and tool Income","54300 · Hardware and tool","12100 · Inventory Asset",0.00,,9,"Count In Each (ce)","Count by the Count In Each",3500.00,"Raja",,7500.00,1,
,"Active","Inventory Part","Total 4"" Scredriver",,"Non","00001 · Hardware and tool Income","54300 · Hardware and tool","12100 · Inventory Asset",0.00,,0,"Count In Each (ce)","Count by the Count In Each",1000.00,"Raja",,1500.00,1,
,"Active","Inventory Part","8035 Electric Router Drill",,"Non","00001 · Hardware and tool Income","54300 · Hardware and tool","12100 · Inventory Asset",0.00,,7,"Count In Each (ce)","Count by the Count In Each",8250.00,"Raja",,12000.00,1,
,"Active","Inventory Part","Makita 90x2 Planer Blade",,"Non","00001 · Hardware and tool Income","54300 · Hardware and tool","12100 · Inventory Asset",0.00,,11,"Count In Each (ce)","Count by the Count In Each",8000.00,"Raja",,10000.00,1,
,"Active","Inventory Part","225 China Tire",,"Non","000004 · Motor cycle Income","54200 · Motor Cycle","12100 · Inventory Asset",0.00,,1,"Count In Each (ce)","Count by the Count In Each",6800.00,"Thar Aung & Bros",,9000.00,1,
,"Active","Inventory Part","HSS-G Metal Drill Bit (3.5mm)",,"Non","00001 · Hardware and tool Income","54300 · Hardware and tool","12100 · Inventory Asset",0.00,,1,"Count In Each (ce)","Count by the Count In Each",892.00,"Bosch",,2500.00,"","2608595058"
,"Active","Inventory Part","Bosch Impact Drill 240V50Hz",,"Non","00001 · Hardware and tool Income","54300 · Hardware and tool","12100 · Inventory Asset",0.00,,3,"count in box (cb)","Count by the count in Pack",82000.00,"Bosch",,235000.00,1,"GSB10RE"
,"Active","Inventory Part","Bosch Angle Grinder",,"Non","00001 · Hardware and tool Income","54300 · Hardware and tool","12100 · Inventory Asset",0.00,,0,"count in box (cb)","Count by the count in Pack",39272.72727,"Bosch",,90000.00,"","GWS060"
,"Active","Inventory Part","HSS-G Metal Drill Bit (7mm)",,"Non","00001 · Hardware and tool Income","54300 · Hardware and tool","12100 · Inventory Asset",0.00,,5,"Count In Each (ce)","Count by the Count In Each",2167.50,"Bosch",,5000.00,1,
,"Active","Inventory Part","HSS-G Metal Drill Bit (6.5mm)",,"Non","00001 · Hardware and tool Income","54300 · Hardware and tool","12100 · Inventory Asset",0.00,,6,"Count In Each (ce)","Count by the Count In Each",1955.00,"Bosch",,4000.00,"","2608595068"
,"Active","Inventory Part","25x400/460mm Drill Bit",,"Non","00001 · Hardware and tool Income","54300 · Hardware and tool","12100 · Inventory Asset",0.00,,0,"Count In Each (ce)","Count by the Count In Each",25450.00,"Bosch",,28000.00,"","2608680295"
,"Active","Inventory Part","25x200/260mm Drill Bit",,"Non","00001 · Hardware and tool Income","54300 · Hardware and tool","12100 · Inventory Asset",0.00,,2,"Count In Each (ce)","Count by the Count In Each",5950.00,"Bosch",,20000.00,1,"2608680294"
,"Active","Inventory Part","22x400/460mm Drill Bit",,"Non","00001 · Hardware and tool Income","54300 · Hardware and tool","12100 · Inventory Asset",0.00,,1,"Count In Each (ce)","Count by the Count In Each",6630.00,"Bosch",,15000.00,"","2608680293"
,"Active","Inventory Part","22x200/260mm Drill Bit",,"Non","00001 · Hardware and tool Income","54300 · Hardware and tool","12100 · Inventory Asset",0.00,,0,"Count In Each (ce)","Count by the Count In Each",5100.00,"Bosch",,10000.00,"","2608680292"
,"Active","Inventory Part","20x400/460mm Drill Bit",,"Non","00001 · Hardware and tool Income","54300 · Hardware and tool","12100 · Inventory Asset",0.00,,1,"Count In Each (ce)","Count by the Count In Each",5950.00,"Bosch",,12500.00,"","2608680291"
,"Active","Inventory Part","20x200/260mm Drill Bit",,"Non","00001 · Hardware and tool Income","54300 · Hardware and tool","12100 · Inventory Asset",0.00,,1,"Count In Each (ce)","Count by the Count In Each",4675.00,"Bosch",,9000.00,"","2608680290"
,"Active","Inventory Part","H290603 Spring Clamp",,"Non","00001 · Hardware and tool Income","54300 · Hardware and tool","12100 · Inventory Asset",0.00,,2,"Count In Each (ce)","Count by the Count In Each",2450.00,"Dominus Company.Ltd",,3000.00,1,"290603"
,"Active","Inventory Part","H290606 Spring Clamp",,"Non","00001 · Hardware and tool Income","54300 · Hardware and tool","12100 · Inventory Asset",0.00,,4,"Count In Each (ce)","Count by the Count In Each",5600.00,"Dominus Company.Ltd",,6000.00,1,"290606"
,"Active","Inventory Part","L Type Handle",,"Non","00001 · Hardware and tool Income","54300 · Hardware and tool","12100 · Inventory Asset",0.00,,-1,"Count In Each (ce)","Count by the Count In Each",10650.00,"Dominus Company.Ltd",,15000.00,1,"200901"
,"Active","Inventory Part","20Pcs Tap and Die Set",,"Non","00001 · Hardware and tool Income","54300 · Hardware and tool","12100 · Inventory Asset",0.00,,1.66923,"count in box (cb)","Count by the count in Pack",56550.00,"Dominus Company.Ltd",,65000.00,1,"640207"
,"Active","Inventory Part","Miter Saw 255mm-1200W",,"Non","00001 · Hardware and tool Income","54300 · Hardware and tool","12100 · Inventory Asset",0.00,,0,"Count In Each (ce)","Count by the Count In Each",189950.00,"Dominus Company.Ltd",,220000.00,"","P805202"
,"Active","Inventory Part","6203 NTN",,"Non","000007 · Ball & Bearing","54599 · Ball and Bearing","12100 · Inventory Asset",0.00,,-1,"Count In Each (ce)","Count by the Count In Each",730.00,"Kyaw San Min Co,Ltd",,1500.00,1,
,"Active","Inventory Part","6206 NTN",,"Non","000007 · Ball & Bearing","54599 · Ball and Bearing","12100 · Inventory Asset",0.00,,1,"Count In Each (ce)","Count by the Count In Each",3850.00,"Kyaw San Min Co,Ltd",,6160.00,1,
,"Active","Inventory Part","9x160mm Hoteche SDS Drill",,"Non","00001 · Hardware and tool Income","54300 · Hardware and tool","12100 · Inventory Asset",0.00,,3,"Count In Each (ce)","Count by the Count In Each",2650.00,"Dominus Company.Ltd",,3500.00,1,
,"Active","Inventory Part","H290706 Quick Ratchet Bar Clamp",,"Non","00001 · Hardware and tool Income","54300 · Hardware and tool","12100 · Inventory Asset",0.00,,6,"Count In Each (ce)","Count by the Count In Each",20350.00,"Dominus Company.Ltd",,23000.00,1,"H290706"
,"Active","Inventory Part","Pipe Wrench 18""",,"Non","00001 · Hardware and tool Income","54300 · Hardware and tool","12100 · Inventory Asset",0.00,,0,"Count In Each (ce)","Count by the Count In Each",25550.00,"Dominus Company.Ltd",,28000.00,"","150105"
,"Active","Inventory Part","Reciprocating Saw",,"Non","00001 · Hardware and tool Income","54300 · Hardware and tool","12100 · Inventory Asset",0.00,,1,"count in box (cb)","Count by the count in Pack",152300.00,"Dominus Company.Ltd",,170000.00,"","P800705"
,"Active","Inventory Part","13mm Impact Drill Hoteche",,"Non","00001 · Hardware and tool Income","54300 · Hardware and tool","12100 · Inventory Asset",0.00,,0,"count in box (cb)","Count by the count in Pack",65550.00,"Dominus Company.Ltd",,75000.00,1,"P800209"
,"Active","Inventory Part","65mm Hydraulic Splitter",,"Non","00001 · Hardware and tool Income","54300 · Hardware and tool","12100 · Inventory Asset",0.00,,0,"Count In Each (ce)","Count by the Count In Each",130000.00,"Dominus Company.Ltd",,150000.00,"",
,"Active","Inventory Part","6304DD NTN",,"Non","00001 · Hardware and tool Income","54599 · Ball and Bearing","12100 · Inventory Asset",0.00,,2,"Count In Each (ce)","Count by the Count In Each",1285.00,"Kyaw San Min Co,Ltd",,2500.00,1,
,"Active","Inventory Part","6x160 SDS Plus Drill Bit -Hotec",,"Non","00001 · Hardware and tool Income","54300 · Hardware and tool","12100 · Inventory Asset",0.00,,2,"Count In Each (ce)","Count by the Count In Each",870.00,"Dominus Company.Ltd",,1500.00,1,"SDS06160H"
,"Active","Inventory Part","Double Offset Ring Spanner16x17",,"Non","00001 · Hardware and tool Income","54300 · Hardware and tool","12100 · Inventory Asset",0.00,,9,"Count In Each (ce)","Count by the Count In Each",5750.00,"Dominus Company.Ltd",,6500.00,1,"190606"
,"Active","Inventory Part","7"" Combination Pliers Moller",,"Non","00001 · Hardware and tool Income","54300 · Hardware and tool","12100 · Inventory Asset",0.00,,1,"Count In Each (ce)","Count by the Count In Each",8500.00,"Dominus Company.Ltd",,12142.8569,1,"100141"
,"Active","Inventory Part","47Pcs Cordless Drill Set 12V",,"Non","00001 · Hardware and tool Income","54300 · Hardware and tool","12100 · Inventory Asset",0.00,,2,"Count In Each (ce)","Count by the Count In Each",18900.00,"Dominus Company.Ltd",,230000.00,0,"P800104"
,"Active","Inventory Part","Jig Saw Metal Blade",,"Non","00001 · Hardware and tool Income","54300 · Hardware and tool","12100 · Inventory Asset",0.00,,-2.9,"Count In Each (ce)","Count by the Count In Each",7500.00,"Dominus Company.Ltd",,10000.00,1,"H620104"
,"Active","Inventory Part","Ninja 10""x120T Saw Blade",,"Non","00001 · Hardware and tool Income","54300 · Hardware and tool","12100 · Inventory Asset",0.00,,2,"Count In Each (ce)","Count by the Count In Each",14850.00,"Dominus Company.Ltd",,45000.00,1,"CF-SB1015"
,"Active","Inventory Part","argon Gate One Way",,"Non","00001 · Hardware and tool Income","54300 · Hardware and tool","12100 · Inventory Asset",0.00,,0,"Count In Each (ce)","Count by the Count In Each",20100.00,"Steel Dragon",,27409.09164,0,"D-4045"
,"Active","Inventory Part","Air Pump Washer",,"Non","000004 · Motor cycle Income","54200 · Motor Cycle","12100 · Inventory Asset",0.00,,173,"Count In Each (ce)","Count by the Count In Each",45.83333,"Thar Aung & Bros",,100.00,1,
,"Active","Inventory Part","Air Pump Tube Tip",,"Non","000004 · Motor cycle Income","54200 · Motor Cycle","12100 · Inventory Asset",0.00,,26,"Count In Each (ce)","Count by the Count In Each",135.00,"Thar Aung & Bros",,300.00,1,
,"Active","Inventory Part","BT 150-5/8 Line Laser Tripod St",,"Non","00001 · Hardware and tool Income","54300 · Hardware and tool","12100 · Inventory Asset",0.00,,2,"count in box (cb)","Count by the count in Pack",49725.00,"Bosch",,75000.00,1,"BT150"
,"Active","Inventory Part","GWS 060 Grinder Carbon",,"Non","00001 · Hardware and tool Income","54300 · Hardware and tool","12100 · Inventory Asset",0.00,,2,"Count In Each (ce)","Count by the Count In Each",2700.00,"Bosch",,6000.00,1,"031223"
,"Active","Inventory Part","GSB 550 Drill Carbon",,"Non","00001 · Hardware and tool Income","54300 · Hardware and tool","12100 · Inventory Asset",0.00,,5,"Count In Each (ce)","Count by the Count In Each",2700.00,"Bosch",,6000.00,1,"PA1 407"
,"Active","Inventory Part","607",,"Non","000007 · Ball & Bearing","54599 · Ball and Bearing","12100 · Inventory Asset",0.00,,4,"Count In Each (ce)","Count by the Count In Each",400.00,"Kyaw San Min Co,Ltd",,800.00,1,
,"Active","Inventory Part","30207 NTN",,"Non","000007 · Ball & Bearing","54599 · Ball and Bearing","12100 · Inventory Asset",0.00,,-2,"Count In Each (ce)","Count by the Count In Each",3800.00,"Kyaw San Min Co,Ltd",,5000.00,1,
,"Active","Inventory Part","sd-603 1""x1"" Plastic In",,"Non","00001 · Hardware and tool Income","54300 · Hardware and tool","12100 · Inventory Asset",0.00,,30,"Count In Each (ce)","Count by the Count In Each",55.00,"Steel Dragon",,100.00,1,"D-3605"
,"Active","Inventory Part","8mm Steel Twist Drill",,"Non","00001 · Hardware and tool Income","54300 · Hardware and tool","12100 · Inventory Asset",0.00,,0,"Count In Each (ce)","Count by the Count In Each",2800.00,"Steel Dragon",,6000.00,1,"D-3535"
,"Active","Inventory Part","L Key 12",,"Non","00001 · Hardware and tool Income","54300 · Hardware and tool","12100 · Inventory Asset",0.00,,18,"Count In Each (ce)","Count by the Count In Each",4800.00,"Raja",,8000.00016,1,
,"Active","Inventory Part","L Key 10",,"Non","00001 · Hardware and tool Income","54300 · Hardware and tool","12100 · Inventory Asset",0.00,,9.75,"Count In Each (ce)","Count by the Count In Each",3300.00,"Raja",,5500.00011,1,
,"Active","Inventory Part","L Key 8",,"Non","00001 · Hardware and tool Income","54300 · Hardware and tool","12100 · Inventory Asset",0.00,,10,"Count In Each (ce)","Count by the Count In Each",2200.00,"Raja",,4125.00,1,
,"Active","Inventory Part","3/8 Drill Chuck Key",,"Non","00001 · Hardware and tool Income","54300 · Hardware and tool","12100 · Inventory Asset",0.00,,5,"Count In Each (ce)","Count by the Count In Each",500.00,"Raja",,1000.00,1,
,"Active","Inventory Part","motorcycle Fuel Tank Cap",,"Non","000004 · Motor cycle Income","54200 · Motor Cycle","12100 · Inventory Asset",0.00,,12,"Count In Each (ce)","Count by the Count In Each",500.00,"Thar Aung & Bros",,1000.00,1,
,"Active","Inventory Part","16mm Hole Saw",,"Non","00001 · Hardware and tool Income","54300 · Hardware and tool","12100 · Inventory Asset",0.00,,4,"Count In Each (ce)","Count by the Count In Each",3250.00,"Steel Dragon",,4500.00,1,"D-3410"
,"Active","Inventory Part","6300DD NTN",,"Non","000007 · Ball & Bearing","54599 · Ball and Bearing","12100 · Inventory Asset",0.00,,-7,"Count In Each (ce)","Count by the Count In Each",875.00,"Kyaw San Min Co,Ltd",,1500.00,1,
,"Active","Inventory Part","6300DD NTN 2",,"Non","000007 · Ball & Bearing","54599 · Ball and Bearing","12100 · Inventory Asset",0.00,,0,"Count In Each (ce)","Count by the Count In Each",550.00,"Kyaw San Min Co,Ltd",,1000.00,1,
,"Active","Inventory Part","6301 NTN",,"Non","000007 · Ball & Bearing","54599 · Ball and Bearing","12100 · Inventory Asset",0.00,,-3,"Count In Each (ce)","Count by the Count In Each",850.00,"Kyaw San Min Co,Ltd",,2000.00,1,
,"Active","Inventory Part","6205DD NTN",,"Non","000007 · Ball & Bearing","54599 · Ball and Bearing","12100 · Inventory Asset",0.00,,0,"Count In Each (ce)","Count by the Count In Each",1500.00,"Kyaw San Min Co,Ltd",,3000.00,1,
,"Active","Inventory Part","9x2 Fan World",,"Non","000005 · Diesel Engine Income","54000 · Diesel","12100 · Inventory Asset",0.00,,2,"Count In Each (ce)","Count by the Count In Each",3500.00,"Min Hein Fan",,5500.00,1,
,"Active","Inventory Part","81/2 x 2 Fan World",,"Non","000005 · Diesel Engine Income","54000 · Diesel","12100 · Inventory Asset",0.00,,1,"Count In Each (ce)","Count by the Count In Each",3000.00,"Min Hein Fan",,5000.00,"",
,"Active","Inventory Part","SDS 22x210mm Hoteche",,"Non","00001 · Hardware and tool Income","54300 · Hardware and tool","12100 · Inventory Asset",0.00,,3,"Count In Each (ce)","Count by the Count In Each",5136.00,"Dominus Company.Ltd",,10000.00,1,
,"Active","Inventory Part","Grooving Chisel SDS Plus",,"Non","00001 · Hardware and tool Income","54300 · Hardware and tool","12100 · Inventory Asset",0.00,,1,"Count In Each (ce)","Count by the Count In Each",2688.00,"Dominus Company.Ltd",,4000.00,1,"H540104"
,"Active","Inventory Part","Point Chisel",,"Non","00001 · Hardware and tool Income","54300 · Hardware and tool","12100 · Inventory Asset",0.00,,4,"Count In Each (ce)","Count by the Count In Each",5350.00,"Dominus Company.Ltd",,6000.00,1,"540101"
,"Active","Inventory Part","4"" Ninja Cutting Disc",,"Non","00001 · Hardware and tool Income","54300 · Hardware and tool","12100 · Inventory Asset",0.00,,0,"Count In Each (ce)","Count by the Count In Each",172.00,"Dominus Company.Ltd",,300.00,"",
,"Active","Inventory Part","SDS 25x210mm Cross Hoteche",,"Non","00001 · Hardware and tool Income","54300 · Hardware and tool","12100 · Inventory Asset",0.00,,3,"Count In Each (ce)","Count by the Count In Each",7392.00,"Dominus Company.Ltd",,20000.00,1,
,"Active","Inventory Part","5.5mm HSS Drill",,"Non","00001 · Hardware and tool Income","54300 · Hardware and tool","12100 · Inventory Asset",0.00,,4,"Count In Each (ce)","Count by the Count In Each",2350.00,"Dominus Company.Ltd",,2600.00,1,"500310"
,"Active","Inventory Part","5mm HSS Drill Bit",,"Non","00001 · Hardware and tool Income","54300 · Hardware and tool","12100 · Inventory Asset",0.00,,29,"Count In Each (ce)","Count by the Count In Each",4400.00,"Dominus Company.Ltd",,6000.00,1,"500309"
,"Active","Inventory Part","H290604 Spring Clamp",,"Non","00001 · Hardware and tool Income","54300 · Hardware and tool","12100 · Inventory Asset",0.00,,6,"Count In Each (ce)","Count by the Count In Each",4000.00,"Dominus Company.Ltd",,5000.00,1,"290604"
,"Active","Inventory Part","PTFE Thread Seal Tape",,"Non","00001 · Hardware and tool Income","54300 · Hardware and tool","12100 · Inventory Asset",0.00,,10,"Count In Each (ce)","Count by the Count In Each",268.50,"Dominus Company.Ltd",,700.00,1,"438003"
,"Active","Inventory Part","Battery 4L 3",,"Non","000004 · Motor cycle Income","54200 · Motor Cycle","12100 · Inventory Asset",0.00,,0,"Count In Each (ce)","Count by the Count In Each",8200.00,"Sein Kabar",,11000.00,"","SKT01030"
,"Active","Inventory Part","Tube Repair Rubber",,"Non","000004 · Motor cycle Income","54200 · Motor Cycle","12100 · Inventory Asset",0.00,,2,"count in box (cb)","Count by the count in Pack",1200.00,"Thar Aung & Bros",,1904.76192,1,
,"Active","Inventory Part","Back Mirror Thai HMA",,"Non","000004 · Motor cycle Income","54200 · Motor Cycle","12100 · Inventory Asset",0.00,,0,"pair (pr)","Count by the pair",2750.00,"Sein Kabar",,4000.00,1,"TH00251"
,"Active","Inventory Part","125 Center Axle",,"Non","000004 · Motor cycle Income","54200 · Motor Cycle","12100 · Inventory Asset",0.00,,-1,"Count In Each (ce)","Count by the Count In Each",800.00,"MH",,1500.00,1,
,"Active","Inventory Part","Front Fork Oil Seal Rubber",,"Non","000004 · Motor cycle Income","54200 · Motor Cycle","12100 · Inventory Asset",0.00,,10,"Count In Each (ce)","Count by the Count In Each",100.00,"MH",,200.00,1,
,"Active","Inventory Part","T-Type Handle",,"Non","00001 · Hardware and tool Income","54300 · Hardware and tool","12100 · Inventory Asset",0.00,,5,"Count In Each (ce)","Count by the Count In Each",9350.00,"Dominus Company.Ltd",,13000.00,1,"200901"
,"Active","Inventory Part","17mm Dr Socket",,"Non","00001 · Hardware and tool Income","54300 · Hardware and tool","12100 · Inventory Asset",0.00,,11,"Count In Each (ce)","Count by the Count In Each",5450.00,"Dominus Company.Ltd",,8000.00,1,"201210"
,"Active","Inventory Part","14mm Dr Socket",,"Non","00001 · Hardware and tool Income","54300 · Hardware and tool","12100 · Inventory Asset",0.00,,15,"Count In Each (ce)","Count by the Count In Each",1800.00,"Dominus Company.Ltd",,6000.00,1,"201207"
,"Active","Inventory Part","13mm Dr Socket",,"Non","00001 · Hardware and tool Income","54300 · Hardware and tool","12100 · Inventory Asset",0.00,,5,"Count In Each (ce)","Count by the Count In Each",970.00,"Dominus Company.Ltd",,6000.00,1,"201206"
,"Active","Inventory Part","12mm Dr Socket",,"Non","00001 · Hardware and tool Income","54300 · Hardware and tool","12100 · Inventory Asset",0.00,,13,"Count In Each (ce)","Count by the Count In Each",970.00,"Dominus Company.Ltd",,5000.00,1,"201205"
,"Active","Inventory Part","10mm Dr Socket",,"Non","00001 · Hardware and tool Income","54300 · Hardware and tool","12100 · Inventory Asset",0.00,,13,"Count In Each (ce)","Count by the Count In Each",970.00,"Dominus Company.Ltd",,5000.00,1,"201203"
,"Active","Inventory Part","Angle Grinder Stand",,"Non","00001 · Hardware and tool Income","54300 · Hardware and tool","12100 · Inventory Asset",0.00,,0,"count in box (cb)","Count by the count in Pack",54300.00,"Dominus Company.Ltd",,60000.00,"","300700"
,"Active","Inventory Part","8mm Dr Socket",,"Non","00001 · Hardware and tool Income","54300 · Hardware and tool","12100 · Inventory Asset",0.00,,14,"Count In Each (ce)","Count by the Count In Each",2450.00,"Dominus Company.Ltd",,5000.00,1,"201201"
,"Active","Inventory Part","32pcs Tap and Die Set",,"Non","00001 · Hardware and tool Income","54300 · Hardware and tool","12100 · Inventory Asset",0.00,,1,"count in box (cb)","Count by the count in Pack",82250.00,"Dominus Company.Ltd",,93000.00,"","640203"
,"Active","Inventory Part","Feeler Gauges",,"Non","00001 · Hardware and tool Income","54300 · Hardware and tool","12100 · Inventory Asset",0.00,,-1,"Count In Each (ce)","Count by the Count In Each",6700.00,"Dominus Company.Ltd",,8000.00,1,"284520"
,"Active","Inventory Part","Hacksaw Blade",,"Non","00001 · Hardware and tool Income","54300 · Hardware and tool","12100 · Inventory Asset",0.00,,31,"Count In Each (ce)","Count by the Count In Each",668.50,"Dominus Company.Ltd",,800.00,1,"331102"
,"Active","Inventory Part","DR T Bar",,"Non","00001 · Hardware and tool Income","54300 · Hardware and tool","12100 · Inventory Asset",0.00,,5,"Count In Each (ce)","Count by the Count In Each",12050.00,"Dominus Company.Ltd",,13771.42806,1,"200703"
,"Active","Inventory Part","25CC 4Rings CYPR",,"Non","000005 · Diesel Engine Income","54000 · Diesel","12100 · Inventory Asset",0.00,,6,"count in box (cb)","Count by the count in Pack",2900.00,"Hongxingyu",,4000.00,1,
,"Active","Inventory Part","25CC 3Rings CYOR",,"Non","000005 · Diesel Engine Income","54000 · Diesel","12100 · Inventory Asset",0.00,,-11,"count in box (cb)","Count by the count in Pack",2562.00,"Hongxingyu",,3500.00,1,
,"Active","Inventory Part","25CC 4 Rings PRS 2",,"Non","000005 · Diesel Engine Income","54000 · Diesel","12100 · Inventory Asset",0.00,,5,"Count In Each (ce)","Count by the Count In Each",2418.00,"Hongxingyu",,3000.00,1,
,"Active","Inventory Part","Motorcycle Fuel Pipe",,"Non","000004 · Motor cycle Income","54200 · Motor Cycle","12100 · Inventory Asset",0.00,,-1,"Count In Each (ce)","Count by the Count In Each",290.00,"MH",,500.00,"",
,"Active","Inventory Part","Motorcycle Key Chain",,"Non","000004 · Motor cycle Income","54200 · Motor Cycle","12100 · Inventory Asset",0.00,,0,"Count In Each (ce)","Count by the Count In Each",500.00,"MH",,800.00,1,
,"Active","Inventory Part","Led Front Light  With Fan RDT 2",,"Non","000004 · Motor cycle Income","54200 · Motor Cycle","12100 · Inventory Asset",0.00,,1,"Count In Each (ce)","Count by the Count In Each",8330.00,"MH",,12000.00,1,
,"Active","Inventory Part","Led Front Light  With Fan 3 Bul",,"Non","000004 · Motor cycle Income","54200 · Motor Cycle","12100 · Inventory Asset",0.00,,0,"Count In Each (ce)","Count by the Count In Each",5194.00,"MH",,6500.00,1,
,"Active","Inventory Part","12v Charger",,"Non","00001 · Hardware and tool Income","54300 · Hardware and tool","12100 · Inventory Asset",0.00,,4,"Count In Each (ce)","Count by the Count In Each",25750.00,"Dominus Company.Ltd",,32000.00,"","P800102"
,"Active","Inventory Part","Dust Mask",,"Non","00001 · Hardware and tool Income","54300 · Hardware and tool","12100 · Inventory Asset",0.00,,4,"Count In Each (ce)","Count by the Count In Each",662.00,"Dominus Company.Ltd",,1000.00,"","435003"
,"Active","Inventory Part","Screwdriver Ph0x75mm",,"Non","00001 · Hardware and tool Income","54300 · Hardware and tool","12100 · Inventory Asset",0.00,,32,"Count In Each (ce)","Count by the Count In Each",4850.00,"Dominus Company.Ltd",,8000.00,1,"241375"
,"Active","Inventory Part","12""Adjustable Wrench",,"Non","00001 · Hardware and tool Income","54300 · Hardware and tool","12100 · Inventory Asset",0.00,,3,"Count In Each (ce)","Count by the Count In Each",39750.00,"Dominus Company.Ltd",,50000.00,1,"191104"
,"Active","Inventory Part","Electric Blower",,"Non","00001 · Hardware and tool Income","54300 · Hardware and tool","12100 · Inventory Asset",0.00,,1,"count in box (cb)","Count by the count in Pack",128000.00,"Dominus Company.Ltd",,155741.44,"","P801502"
,"Active","Inventory Part","Gasoline Chain Saw 58cc",,"Non","00001 · Hardware and tool Income","54300 · Hardware and tool","12100 · Inventory Asset",0.00,,0,"count in box (cb)","Count by the count in Pack",223700.00,"Dominus Company.Ltd",,250000.00,"","G840006"
,"Active","Inventory Part","Drill Stand",,"Non","00001 · Hardware and tool Income","54300 · Hardware and tool","12100 · Inventory Asset",0.00,,2,"Count In Each (ce)","Count by the Count In Each",45850.00,"Dominus Company.Ltd",,52000.00,1,"300801"
,"Active","Inventory Part","Polishing Pad",,"Non","00001 · Hardware and tool Income","54300 · Hardware and tool","12100 · Inventory Asset",0.00,,9,"Count In Each (ce)","Count by the Count In Each",4700.00,"Dominus Company.Ltd",,6000.00,1,"560101"
,"Active","Inventory Part","Plastic Folding Ruler",,"Non","00001 · Hardware and tool Income","54300 · Hardware and tool","12100 · Inventory Asset",0.00,,1,"Count In Each (ce)","Count by the Count In Each",5750.00,"Dominus Company.Ltd",,6500.00,1,"282501"
,"Active","Inventory Part","USA 2 WaySrew Driver",,"Non","00001 · Hardware and tool Income","54300 · Hardware and tool","12100 · Inventory Asset",0.00,,12,"Count In Each (ce)","Count by the Count In Each",2750.00,"Dominus Company.Ltd",,3548.38715,1,
,"Active","Inventory Part","Bench Grinder",,"Non","00001 · Hardware and tool Income","54300 · Hardware and tool","12100 · Inventory Asset",0.00,,0,"Count In Each (ce)","Count by the Count In Each",37400.00,"Dominus Company.Ltd",,85000.00,"","BG168"
,"Active","Inventory Part","Hot Air Gun",,"Non","00001 · Hardware and tool Income","54300 · Hardware and tool","12100 · Inventory Asset",0.00,,1,"Count In Each (ce)","Count by the Count In Each",36300.00,"Dominus Company.Ltd",,45261.84564,1,"P801101"
,"Active","Inventory Part","35.52.12",,"Non","000005 · Diesel Engine Income","54000 · Diesel","12100 · Inventory Asset",0.00,,6,"Count In Each (ce)","Count by the Count In Each",250.00,"Hongxingyu",,500.00,1,
,"Active","Inventory Part","6008",,"Non","000007 · Ball & Bearing","54599 · Ball and Bearing","12100 · Inventory Asset",0.00,,15,"Count In Each (ce)","Count by the Count In Each",1600.00,"Super",,2500.00,"",
,"Active","Inventory Part","L Key 14",,"Non","00001 · Hardware and tool Income","54300 · Hardware and tool","12100 · Inventory Asset",0.00,,0,"Count In Each (ce)","Count by the Count In Each",2600.00,"Raja",,5000.00,1,
,"Active","Inventory Part","Pipe Clip 11/2"" White",,"Non","00001 · Hardware and tool Income","54300 · Hardware and tool","12100 · Inventory Asset",0.00,,75,"Count In Each (ce)","Count by the Count In Each",130.00,"Raja",,150.00,1,
,"Active","Inventory Part","14 x 2"" Collum Nut",,"Non","000003 · Bolt and Nut Income","54520 · Bolt and Nut","12100 · Inventory Asset",0.00,,28,"Count In Each (ce)","Count by the Count In Each",115.00,"Roberts & Bros",,250.00,1,
,"Active","Inventory Part","22 Silencer HXY",,"Non","000005 · Diesel Engine Income","54000 · Diesel","12100 · Inventory Asset",0.00,,2,"Count In Each (ce)","Count by the Count In Each",4600.00,"Hongxingyu",,6000.00,1,
,"Active","Inventory Part","18cc Nozzel Moon Star",,"Non","000005 · Diesel Engine Income","54000 · Diesel","12100 · Inventory Asset",0.00,,20,"Count In Each (ce)","Count by the Count In Each",2271.00,"Hongxingyu",,3000.00,1,
,"Active","Inventory Part","8x11/2 F Screw",,"Non","000003 · Bolt and Nut Income","54520 · Bolt and Nut","12100 · Inventory Asset",0.00,,173,"Count In Each (ce)","Count by the Count In Each",8.00,"Roberts & Bros",,20.00,1,
,"Active","Inventory Part","8x11/4 F Screw",,"Non","000003 · Bolt and Nut Income","54520 · Bolt and Nut","12100 · Inventory Asset",0.00,,264.5,"Count In Each (ce)","Count by the Count In Each",8.00,"Roberts & Bros",,40.00,1,
,"Active","Inventory Part","5.5mm Steel Twist Drill",,"Non","00001 · Hardware and tool Income","54300 · Hardware and tool","12100 · Inventory Asset",0.00,,4,"Count In Each (ce)","Count by the Count In Each",1300.00,"Steel Dragon",,2000.00,1,"D-3510"
,"Active","Inventory Part","Golden Tiger Lock",,"Non","000004 · Motor cycle Income","54200 · Motor Cycle","12100 · Inventory Asset",0.00,,0,"Count In Each (ce)","Count by the Count In Each",4500.00,"MH",,6000.00,"",
,"Active","Inventory Part","W-100 Sprocket 428H 106",,"Non","000004 · Motor cycle Income","54200 · Motor Cycle","12100 · Inventory Asset",0.00,,0,"count in box (cb)","Count by the count in Pack",8000.00,"MH",,10000.00,1,
,"Active","Inventory Part","Startor Coil 8",,"Non","000004 · Motor cycle Income","54200 · Motor Cycle","12100 · Inventory Asset",0.00,,2,"count in box (cb)","Count by the count in Pack",6000.00,"MH",,10000.00,"",
,"Active","Inventory Part","Handle Back Mirror Rizoma",,"Non","000004 · Motor cycle Income","54200 · Motor Cycle","12100 · Inventory Asset",0.00,,0,"count in box (cb)","Count by the count in Pack",7200.00,"MH",,12000.00,1,
,"Active","Inventory Part","12v Home Bulb",,"Non","000004 · Motor cycle Income","54200 · Motor Cycle","12100 · Inventory Asset",0.00,,11,"Count In Each (ce)","Count by the Count In Each",1000.00,"MH",,2000.00,1,
,"Active","Inventory Part","Led 1 Bulb",,"Non","000004 · Motor cycle Income","54200 · Motor Cycle","12100 · Inventory Asset",0.00,,27,"Count In Each (ce)","Count by the Count In Each",250.00,"Thar Aung & Bros",,500.00,1,
,"Active","Inventory Part","18mm Cutter Knife",,"Non","00001 · Hardware and tool Income","54300 · Hardware and tool","12100 · Inventory Asset",0.00,,5,"Count In Each (ce)","Count by the Count In Each",6500.00,"Dominus Company.Ltd",,7500.00,1,"310518"
,"Active","Inventory Part","18mm Cutter Knife 1",,"Non","00001 · Hardware and tool Income","54300 · Hardware and tool","12100 · Inventory Asset",0.00,,5,"Count In Each (ce)","Count by the Count In Each",2650.00,"Dominus Company.Ltd",,3000.00,1,"310218"
,"Active","Inventory Part","12V Li-ion Battery Hoteche",,"Non","00001 · Hardware and tool Income","54300 · Hardware and tool","12100 · Inventory Asset",0.00,,2,"Count In Each (ce)","Count by the Count In Each",33950.00,"Dominus Company.Ltd",,40000.00,1,"P800101"
,"Active","Inventory Part","6"" Long Nose Plier",,"Non","00001 · Hardware and tool Income","54300 · Hardware and tool","12100 · Inventory Asset",0.00,,10,"Count In Each (ce)","Count by the Count In Each",13600.00,"Dominus Company.Ltd",,20000.00,1,"100143"
,"Active","Inventory Part","6pcs Holesaw Set",,"Non","00001 · Hardware and tool Income","54300 · Hardware and tool","12100 · Inventory Asset",0.00,,1,"Count In Each (ce)","Count by the Count In Each",4600.00,"Dominus Company.Ltd",,7500.00,"","601012"
,"Active","Inventory Part","Very good Bicycle Air Pump 2",,"Non","000004 · Motor cycle Income","54200 · Motor Cycle","12100 · Inventory Asset",0.00,,0,"Count In Each (ce)","Count by the Count In Each",4750.00,"Thar Aung & Bros",,6000.00,1,
,"Active","Inventory Part","5 Horse Belt String Special",,"Non","000004 · Motor cycle Income","54200 · Motor Cycle","12100 · Inventory Asset",0.00,,2,"Count In Each (ce)","Count by the Count In Each",680.00,"Thar Aung & Bros",,1208.8889,1,
,"Active","Inventory Part","SD-603 2"" x 1"" Plastic In",,"Non","00001 · Hardware and tool Income","54300 · Hardware and tool","12100 · Inventory Asset",0.00,,20,"Count In Each (ce)","Count by the Count In Each",100.00,"Steel Dragon",,200.00,1,"D-3665"
,"Active","Inventory Part","SD-603 11/2"" x 1"" Plastic In",,"Non","00001 · Hardware and tool Income","54300 · Hardware and tool","12100 · Inventory Asset",0.00,,20,"Count In Each (ce)","Count by the Count In Each",80.00,"Steel Dragon",,200.00,1,"D-3650"
,"Active","Inventory Part","SD-604 11/2"" x 11/2"" Rubber Sut",,"Non","00001 · Hardware and tool Income","54300 · Hardware and tool","12100 · Inventory Asset",0.00,,4,"Count In Each (ce)","Count by the Count In Each",200.00,"Steel Dragon",,300.00,1,"D-7200"
,"Active","Inventory Part","SD-604 1"" x 1"" Rubber Sut",,"Non","00001 · Hardware and tool Income","54300 · Hardware and tool","12100 · Inventory Asset",0.00,,12,"Count In Each (ce)","Count by the Count In Each",100.00,"Steel Dragon",,200.00,1,"D-7190"
,"Active","Inventory Part","SD-604 3/4 x 3/4 Rubber Sut",,"Non","00001 · Hardware and tool Income","54300 · Hardware and tool","12100 · Inventory Asset",0.00,,20,"Count In Each (ce)","Count by the Count In Each",100.00,"Steel Dragon",,200.00,1,"D-7180"
,"Active","Inventory Part","6"" 2 Jaws Puller",,"Non","00001 · Hardware and tool Income","54300 · Hardware and tool","12100 · Inventory Asset",0.00,,1,"Count In Each (ce)","Count by the Count In Each",54600.00,"Dominus Company.Ltd",,60000.00,"","291004"
,"Active","Inventory Part","4"" 2 Jaws Puller",,"Non","00001 · Hardware and tool Income","54300 · Hardware and tool","12100 · Inventory Asset",0.00,,4,"Count In Each (ce)","Count by the Count In Each",28950.00,"Dominus Company.Ltd",,31000.00,1,"291002"
,"Active","Inventory Part","3"" 2 Jaws Puller",,"Non","00001 · Hardware and tool Income","54300 · Hardware and tool","12100 · Inventory Asset",0.00,,3,"Count In Each (ce)","Count by the Count In Each",22350.00,"Dominus Company.Ltd",,25000.00,"","291001"
,"Active","Inventory Part","6"" 3 Jaws Puller",,"Non","00001 · Hardware and tool Income","54300 · Hardware and tool","12100 · Inventory Asset",0.00,,0,"Count In Each (ce)","Count by the Count In Each",69150.00,"Dominus Company.Ltd",,72000.00,"","291104"
,"Active","Inventory Part","4"" 3 Jaws Puller",,"Non","00001 · Hardware and tool Income","54300 · Hardware and tool","12100 · Inventory Asset",0.00,,3,"Count In Each (ce)","Count by the Count In Each",35200.00,"Dominus Company.Ltd",,37500.00,1,"291102"
,"Active","Inventory Part","3"" 3 Jaws Puller",,"Non","00001 · Hardware and tool Income","54300 · Hardware and tool","12100 · Inventory Asset",0.00,,3,"Count In Each (ce)","Count by the Count In Each",27750.00,"Dominus Company.Ltd",,30000.00,1,"291101"
,"Active","Inventory Part","6"" Bench Vice",,"Non","00001 · Hardware and tool Income","54300 · Hardware and tool","12100 · Inventory Asset",0.00,,1,"Count In Each (ce)","Count by the Count In Each",136750.00,"Dominus Company.Ltd",,150000.00,"","300104"
,"Active","Inventory Part","3pcsDrill ChuckwithKey13mm",,"Non","00001 · Hardware and tool Income","54300 · Hardware and tool","12100 · Inventory Asset",0.00,,3,"count in box (cb)","Count by the count in Pack",20200.00,"Dominus Company.Ltd",,27083.79842,1,"631004"
,"Active","Inventory Part","Drill Chuck with Key1.5-10mm3/8",,"Non","00001 · Hardware and tool Income","54300 · Hardware and tool","12100 · Inventory Asset",0.00,,-1,"count in box (cb)","Count by the count in Pack",7100.00,"Dominus Company.Ltd",,15000.00,1,"630101"
,"Active","Inventory Part","12x160mm Hoteche",,"Non","00001 · Hardware and tool Income","54300 · Hardware and tool","12100 · Inventory Asset",0.00,,-1,"Count In Each (ce)","Count by the Count In Each",4500.00,"Dominus Company.Ltd",,5500.00,1,
,"Active","Inventory Part","7x160mm Hoteche 2",,"Non","00001 · Hardware and tool Income","54300 · Hardware and tool","12100 · Inventory Asset",0.00,,13,"Count In Each (ce)","Count by the Count In Each",4900.00,"Dominus Company.Ltd",,6500.00,1,
,"Active","Inventory Part","Staples 13/8",,"Non","00001 · Hardware and tool Income","54300 · Hardware and tool","12100 · Inventory Asset",0.00,,21.008,"count in box (cb)","Count by the count in Pack",7000.00,"Raja",,10000.00,"",
,"Active","Inventory Part","175 Gasket Narrow HXY",,"Non","000005 · Diesel Engine Income","54000 · Diesel","12100 · Inventory Asset",0.00,,-1,"Count In Each (ce)","Count by the Count In Each",327.00,"Hongxingyu",,500.00,"",
,"Active","Inventory Part","22 Connecting Rod Bearing HXY",,"Non","000005 · Diesel Engine Income","54000 · Diesel","12100 · Inventory Asset",0.00,,1,"pair (pr)","Count by the pair",566.00,"Hongxingyu",,800.00,1,
,"Active","Inventory Part","22 Gasket HXY",,"Non","000005 · Diesel Engine Income","54000 · Diesel","12100 · Inventory Asset",0.00,,-6,"count in box (cb)","Count by the count in Pack",510.00,"Hongxingyu",,800.00,"",
,"Active","Inventory Part","175 Connecting Rod Bearing HXY",,"Non","000005 · Diesel Engine Income","54000 · Diesel","12100 · Inventory Asset",0.00,,2,"count in box (cb)","Count by the count in Pack",347.00,"Hongxingyu",,500.00,1,
,"Active","Inventory Part","22 Engine Packing Full Set HXY",,"Non","000005 · Diesel Engine Income","54000 · Diesel","12100 · Inventory Asset",0.00,,-1,"count in box (cb)","Count by the count in Pack",1183.00,"Hongxingyu",,1500.00,"",
,"Active","Inventory Part","R175 Full Set Parking",,"Non","000005 · Diesel Engine Income","54000 · Diesel","12100 · Inventory Asset",0.00,,3,"count in box (cb)","Count by the count in Pack",816.00,"Hongxingyu",,1500.00,1,
,"Active","Inventory Part","175 Cylinder Full Set Hongxing",,"Non","000005 · Diesel Engine Income","54000 · Diesel","12100 · Inventory Asset",0.00,,-1,"count in box (cb)","Count by the count in Pack",12653.00,"Hongxingyu",,15000.00,1,
,"Active","Inventory Part","22 Valve Set Plastic Pack",,"Non","000005 · Diesel Engine Income","54000 · Diesel","12100 · Inventory Asset",0.00,,3,"count in box (cb)","Count by the count in Pack",2654.00,"Hongxingyu",,3500.00,1,
,"Active","Inventory Part","12V LITHIUM CORDLESS DRILL",,"Non","00001 · Hardware and tool Income","54300 · Hardware and tool","12100 · Inventory Asset",0.00,,0,"count in box (cb)","Count by the count in Pack",86850.00,"Dominus Company.Ltd",,120000.00,1,"P800101"
,"Active","Inventory Part","22 Nozzel Moon Star",,"Non","000005 · Diesel Engine Income","54000 · Diesel","12100 · Inventory Asset",0.00,,0,"Count In Each (ce)","Count by the Count In Each",3113.00,"Hongxingyu",,4000.00,1,
,"Active","Inventory Part","22 Silencer Thick",,"Non","000005 · Diesel Engine Income","54000 · Diesel","12100 · Inventory Asset",0.00,,0,"Count In Each (ce)","Count by the Count In Each",7699.00,"Hongxingyu",,9000.00,"",
,"Active","Inventory Part","6mm Hss Drill Bit",,"Non","00001 · Hardware and tool Income","54300 · Hardware and tool","12100 · Inventory Asset",0.00,,5,"Count In Each (ce)","Count by the Count In Each",2450.00,"Dominus Company.Ltd",,2700.00,1,
,"Active","Inventory Part","9 Pcs Hex key Set M",,"Non","00001 · Hardware and tool Income","54300 · Hardware and tool","12100 · Inventory Asset",0.00,,2.875,"Count In Each (ce)","Count by the Count In Each",9700.00,"Dominus Company.Ltd",,11000.00,1,"260509"
,"Active","Inventory Part","8 Pcs Hex Key",,"Non","00001 · Hardware and tool Income","50000 · Cost of Goods Sold","12100 · Inventory Asset",0.00,,1,"count in box (cb)","Count by the count in Pack",9250.00,"Dominus Company.Ltd",,13454.54588,1,"261008"
,"Active","Inventory Part","8 Pcs Torx Key",,"Non","00001 · Hardware and tool Income","54300 · Hardware and tool","12100 · Inventory Asset",0.00,,0,"count in box (cb)","Count by the count in Pack",7000.00,"Dominus Company.Ltd",,9000.00,1,"261009"
,"Active","Inventory Part","10mm Drill Chuck Key",,"Non","00001 · Hardware and tool Income","54300 · Hardware and tool","12100 · Inventory Asset",0.00,,6,"Count In Each (ce)","Count by the Count In Each",2000.00,"Dominus Company.Ltd",,2500.00,1,"631001"
,"Active","Inventory Part","10x160mmSDS Brick Drill Hoteche",,"Non","00001 · Hardware and tool Income","54300 · Hardware and tool","12100 · Inventory Asset",0.00,,4,"Count In Each (ce)","Count by the Count In Each",3150.00,"Dominus Company.Ltd",,4050.00005,1,
,"Active","Inventory Part","60w Soldering Iron",,"Non","00001 · Hardware and tool Income","54300 · Hardware and tool","12100 · Inventory Asset",0.00,,13,"Count In Each (ce)","Count by the Count In Each",25200.00,"Dominus Company.Ltd",,32232.55896,1,"P702060"
,"Active","Inventory Part","30w Soldering Iron",,"Non","00001 · Hardware and tool Income","54300 · Hardware and tool","12100 · Inventory Asset",0.00,,3,"Count In Each (ce)","Count by the Count In Each",11000.00,"Dominus Company.Ltd",,15000.00,1,"P702030"
,"Active","Inventory Part","5pcs Jig Saw Blade 2",,"Non","00001 · Hardware and tool Income","54300 · Hardware and tool","12100 · Inventory Asset",0.00,,0,"count in box (cb)","Count by the count in Pack",5750.00,"Dominus Company.Ltd",,10000.00,1,"620109"
,"Active","Inventory Part","5Pcs Jig Saw Blade T111C",,"Non","00001 · Hardware and tool Income","54300 · Hardware and tool","12100 · Inventory Asset",0.00,,0,"count in box (cb)","Count by the count in Pack",3250.00,"Dominus Company.Ltd",,6000.00,1,
,"Active","Inventory Part","36"" Bolt Cutter",,"Non","00001 · Hardware and tool Income","54300 · Hardware and tool","12100 · Inventory Asset",0.00,,0,"Count In Each (ce)","Count by the Count In Each",88700.00,"Dominus Company.Ltd",,95000.00,"","130206"
,"Active","Inventory Part","65mm Pendulum Jig Saw",,"Non","00001 · Hardware and tool Income","54300 · Hardware and tool","12100 · Inventory Asset",0.00,,1,"count in box (cb)","Count by the count in Pack",83150.00,"Dominus Company.Ltd",,90000.00,1,"P800702"
,"Active","Inventory Part","110 Cable Comb Trottle Thai",,"Non","000004 · Motor cycle Income","54200 · Motor Cycle","12100 · Inventory Asset",0.00,,-8,"Count In Each (ce)","Count by the Count In Each",1350.00,"Thar Aung & Bros",,2500.00,1,
,"Active","Inventory Part","Nasen 125 Rear Shork Absorber",,"Non","000004 · Motor cycle Income","54200 · Motor Cycle","12100 · Inventory Asset",0.00,,0,"Count In Each (ce)","Count by the Count In Each",7200.00,"MH",,10000.00,1,
,"Active","Inventory Part","2 Soft Steering Handle Cover",,"Non","000004 · Motor cycle Income","54200 · Motor Cycle","12100 · Inventory Asset",0.00,,7,"Count In Each (ce)","Count by the Count In Each",230.00,"MH",,500.00,1,
,"Active","Inventory Part","Fancy 125 Lock Cover",,"Non","000004 · Motor cycle Income","54200 · Motor Cycle","12100 · Inventory Asset",0.00,,8,"Count In Each (ce)","Count by the Count In Each",420.00,"MH",,600.00,1,
,"Active","Inventory Part","ABR Front Feet Rest Rubber",,"Non","000004 · Motor cycle Income","54200 · Motor Cycle","12100 · Inventory Asset",0.00,,4,"Count In Each (ce)","Count by the Count In Each",700.00,"MH",,1000.00,1,
,"Active","Inventory Part","Rizoma",,"Non","000004 · Motor cycle Income","54200 · Motor Cycle","12100 · Inventory Asset",0.00,,5,"Count In Each (ce)","Count by the Count In Each",2400.00,"MH",,3500.00,1,
,"Active","Inventory Part","Led Front Bulb 8 Bulbs",,"Non","000004 · Motor cycle Income","54200 · Motor Cycle","12100 · Inventory Asset",0.00,,8,"Count In Each (ce)","Count by the Count In Each",3000.00,"MH",,4000.00,1,
,"Active","Inventory Part","LED 10 Bulbs",,"Non","000004 · Motor cycle Income","54200 · Motor Cycle","12100 · Inventory Asset",0.00,,9,"Count In Each (ce)","Count by the Count In Each",3200.00,"MH",,4000.00,1,
,"Active","Inventory Part","Bluetooth Speaker",,"Non","000004 · Motor cycle Income","54200 · Motor Cycle","12100 · Inventory Asset",0.00,,1,"Count In Each (ce)","Count by the Count In Each",12000.00,"MH",,15000.00,1,
,"Active","Inventory Part","Battery 7L",,"Non","000004 · Motor cycle Income","54200 · Motor Cycle","12100 · Inventory Asset",0.00,,1,"Count In Each (ce)","Count by the Count In Each",15200.00,"MH",,20000.00,1,
,"Active","Inventory Part","10.0 Sq Cable",,"Non","000004 · Motor cycle Income","54200 · Motor Cycle","12100 · Inventory Asset",0.00,,38,"foot (ft)","Length by the foot",375.00,"MH",,500.00,1,
,"Active","Inventory Part","3.0 Sq Cable",,"Non","000004 · Motor cycle Income","54200 · Motor Cycle","12100 · Inventory Asset",0.00,,5,"foot (ft)","Length by the foot",77.00,"MH",,200.00,1,
,"Active","Inventory Part","110 Steering Handle Cover",,"Non","000004 · Motor cycle Income","54200 · Motor Cycle","12100 · Inventory Asset",0.00,,13,"Count In Each (ce)","Count by the Count In Each",650.00,"Thar Aung & Bros",,1000.00,1,
,"Active","Inventory Part","Stand L",,"Non","00001 · Hardware and tool Income","54300 · Hardware and tool","12100 · Inventory Asset",0.00,,122,"Count In Each (ce)","Count by the Count In Each",150.00,"Raja",,200.00,1,
,"Active","Inventory Part","Flower L Hingalan",,"Non","00001 · Hardware and tool Income","54300 · Hardware and tool","12100 · Inventory Asset",0.00,,0,"Count In Each (ce)","Count by the Count In Each",4500.00,"Raja",,6000.00,"",
,"Active","Inventory Part","PAG Spark Plug",,"Non","000004 · Motor cycle Income","54200 · Motor Cycle","12100 · Inventory Asset",0.00,,0,"Count In Each (ce)","Count by the Count In Each",950.00,"Rainbow",,1500.00,"","C7HS"
,"Active","Inventory Part","XSNANO (NGA)3ml",,"Non","000008 · Lubricant and Oil Income","Lubricant and Oil","12100 · Inventory Asset",0.00,,2,"Count In Each (ce)","Count by the Count In Each",5580.00,"Speed Machine Internation Co.LTD",,7000.00,1,
,"Active","Inventory Part","Long Box Spaner 24",,"Non","00001 · Hardware and tool Income","54300 · Hardware and tool","12100 · Inventory Asset",0.00,,6,"Count In Each (ce)","Count by the Count In Each",2500.00,"Raja",,4000.00,1,
,"Active","Inventory Part","16x150 Masonry Drill Bits",,"Non","00001 · Hardware and tool Income","54300 · Hardware and tool","12100 · Inventory Asset",0.00,,8,"Count In Each (ce)","Count by the Count In Each",6700.00,"Dominus Company.Ltd",,7700.00,1,"520114"
,"Active","Inventory Part","14x150 Masonry Drill",,"Non","00001 · Hardware and tool Income","54300 · Hardware and tool","12100 · Inventory Asset",0.00,,9,"Count In Each (ce)","Count by the Count In Each",5150.00,"Dominus Company.Ltd",,6000.00,1,"520112"
,"Active","Inventory Part","22mm Combination Spanner",,"Non","00001 · Hardware and tool Income","54300 · Hardware and tool","12100 · Inventory Asset",0.00,,3,"Count In Each (ce)","Count by the Count In Each",6900.00,"Dominus Company.Ltd",,7500.00,1,"190517"
,"Active","Inventory Part","24mm Combination Spanner",,"Non","00001 · Hardware and tool Income","54300 · Hardware and tool","12100 · Inventory Asset",0.00,,2,"Count In Each (ce)","Count by the Count In Each",9350.00,"Dominus Company.Ltd",,10000.00,1,"190519"
,"Active","Inventory Part","21mm Combination Spanner",,"Non","00001 · Hardware and tool Income","54300 · Hardware and tool","12100 · Inventory Asset",0.00,,-1,"Count In Each (ce)","Count by the Count In Each",8650.00,"Dominus Company.Ltd",,12000.00,1,"190516"
,"Active","Inventory Part","19mm Combination Spanner",,"Non","00001 · Hardware and tool Income","54300 · Hardware and tool","12100 · Inventory Asset",0.00,,-2,"Count In Each (ce)","Count by the Count In Each",5600.00,"Dominus Company.Ltd",,6000.00,1,"190514"
,"Active","Inventory Part","14mm Combination Spanner",,"Non","00001 · Hardware and tool Income","54300 · Hardware and tool","12100 · Inventory Asset",0.00,,-1,"Count In Each (ce)","Count by the Count In Each",4000.00,"Dominus Company.Ltd",,4500.00,1,"190509"
,"Active","Inventory Part","11mm Combination Spanner",,"Non","00001 · Hardware and tool Income","54300 · Hardware and tool","12100 · Inventory Asset",0.00,,7,"Count In Each (ce)","Count by the Count In Each",3250.00,"Dominus Company.Ltd",,3500.00,1,"190506"
,"Active","Inventory Part","13mm Combination Spanner",,"Non","00001 · Hardware and tool Income","54300 · Hardware and tool","12100 · Inventory Asset",0.00,,8,"Count In Each (ce)","Count by the Count In Each",3650.00,"Dominus Company.Ltd",,4000.00,1,"190508"
,"Active","Inventory Part","9mm Combination Spanner",,"Non","00001 · Hardware and tool Income","54300 · Hardware and tool","12100 · Inventory Asset",0.00,,7,"Count In Each (ce)","Count by the Count In Each",1200.00,"Dominus Company.Ltd",,3200.00,1,"190504"
,"Active","Inventory Part","10mm Combination Spanner",,"Non","00001 · Hardware and tool Income","54300 · Hardware and tool","12100 · Inventory Asset",0.00,,3,"Count In Each (ce)","Count by the Count In Each",3150.00,"Dominus Company.Ltd",,3500.00,1,"190505"
,"Active","Inventory Part","8mm Combination Spanner",,"Non","00001 · Hardware and tool Income","54300 · Hardware and tool","12100 · Inventory Asset",0.00,,2,"Count In Each (ce)","Count by the Count In Each",2000.00,"Dominus Company.Ltd",,3000.00,1,"190503"
,"Active","Inventory Part","Double Ring Spanner12x13mm",,"Non","00001 · Hardware and tool Income","54300 · Hardware and tool","12100 · Inventory Asset",0.00,,10,"Count In Each (ce)","Count by the Count In Each",2900.00,"Dominus Company.Ltd",,4000.00,1,"190604"
,"Active","Inventory Part","Double Ring Spanner 8x9mm",,"Non","00001 · Hardware and tool Income","54300 · Hardware and tool","12100 · Inventory Asset",0.00,,11,"Count In Each (ce)","Count by the Count In Each",2300.00,"Dominus Company.Ltd",,3000.00,1,"190602"
,"Active","Inventory Part","10mm Electric Drill",,"Non","00001 · Hardware and tool Income","54300 · Hardware and tool","12100 · Inventory Asset",0.00,,0,"Count In Each (ce)","Count by the Count In Each",54100.00,"Dominus Company.Ltd",,60446.92544,1,"ED1004B"
,"Active","Inventory Part","80W Glue Gun",,"Non","00001 · Hardware and tool Income","54300 · Hardware and tool","12100 · Inventory Asset",0.00,,3,"Count In Each (ce)","Count by the Count In Each",14600.00,"Dominus Company.Ltd",,16000.00,1,"P700103"
,"Active","Inventory Part","Vertical Polisher",,"Non","00001 · Hardware and tool Income","54300 · Hardware and tool","12100 · Inventory Asset",0.00,,1,"Count In Each (ce)","Count by the Count In Each",62050.00,"Dominus Company.Ltd",,67000.00,1,"P801603"
,"Active","Inventory Part","3m Measuring Tape",,"Non","00001 · Hardware and tool Income","54300 · Hardware and tool","12100 · Inventory Asset",0.00,,5,"Count In Each (ce)","Count by the Count In Each",5100.00,"Dominus Company.Ltd",,6000.00,1,"280103"
,"Active","Inventory Part","5m Measuring Tape",,"Non","00001 · Hardware and tool Income","54300 · Hardware and tool","12100 · Inventory Asset",0.00,,3,"Count In Each (ce)","Count by the Count In Each",7100.00,"Dominus Company.Ltd",,8000.00,1,"280605"
,"Active","Inventory Part","10m Measuring Tape",,"Non","00001 · Hardware and tool Income","54300 · Hardware and tool","12100 · Inventory Asset",0.00,,-1,"Count In Each (ce)","Count by the Count In Each",13600.00,"Dominus Company.Ltd",,15000.00,1,"280110"
,"Active","Inventory Part","12x150 MASONRY DRILL BITS",,"Non","00001 · Hardware and tool Income","54300 · Hardware and tool","12100 · Inventory Asset",0.00,,7,"Count In Each (ce)","Count by the Count In Each",3150.00,"Dominus Company.Ltd",,3600.00,1,"520110"
,"Active","Inventory Part","8x120 MASONRY DRILL BITS",,"Non","00001 · Hardware and tool Income","54300 · Hardware and tool","12100 · Inventory Asset",0.00,,7,"Count In Each (ce)","Count by the Count In Each",2000.00,"Dominus Company.Ltd",,3000.00,1,"520106"
,"Active","Inventory Part","6x100 MASONRY DRILL BITS",,"Non","00001 · Hardware and tool Income","54300 · Hardware and tool","12100 · Inventory Asset",0.00,,4,"Count In Each (ce)","Count by the Count In Each",1950.00,"Dominus Company.Ltd",,2500.00,1,"520104"
,"Active","Inventory Part","10x120 MASONRY DRILL BITS",,"Non","00001 · Hardware and tool Income","54300 · Hardware and tool","12100 · Inventory Asset",0.00,,11,"Count In Each (ce)","Count by the Count In Each",2350.00,"Dominus Company.Ltd",,3200.00,1,"520108"
,"Active","Inventory Part","9mm HSS Drill Bit",,"Non","00001 · Hardware and tool Income","54300 · Hardware and tool","12100 · Inventory Asset",0.00,,6,"Count In Each (ce)","Count by the Count In Each",7550.00,"Dominus Company.Ltd",,11582.78112,1,"500317"
,"Active","Inventory Part","9.5mm HSS Drill Bit",,"Non","00001 · Hardware and tool Income","54300 · Hardware and tool","12100 · Inventory Asset",0.00,,7,"Count In Each (ce)","Count by the Count In Each",8400.00,"Dominus Company.Ltd",,12116.07126,1,"500318"
,"Active","Inventory Part","11.5mm HSS Drill Bit",,"Non","00001 · Hardware and tool Income","54300 · Hardware and tool","12100 · Inventory Asset",0.00,,4,"Count In Each (ce)","Count by the Count In Each",9700.00,"Dominus Company.Ltd",,11000.00,1,"500322"
,"Active","Inventory Part","7.5mm Hss Drill Bit",,"Non","00001 · Hardware and tool Income","54300 · Hardware and tool","12100 · Inventory Asset",0.00,,6,"Count In Each (ce)","Count by the Count In Each",4000.00,"Dominus Company.Ltd",,4500.00,1,"500317"
,"Active","Inventory Part","7mm HSS Drill Bit",,"Non","00001 · Hardware and tool Income","54300 · Hardware and tool","12100 · Inventory Asset",0.00,,9,"Count In Each (ce)","Count by the Count In Each",3650.00,"Dominus Company.Ltd",,4000.00,1,"500313"
,"Active","Inventory Part","14"" Cutter Carbon",,"Non","00001 · Hardware and tool Income","54300 · Hardware and tool","12100 · Inventory Asset",0.00,,25,"Count In Each (ce)","Count by the Count In Each",700.00,"Dominus Company.Ltd",,1000.00,1,"710077"
,"Active","Inventory Part","13mm HSS Drill Bit",,"Non","00001 · Hardware and tool Income","54300 · Hardware and tool","12100 · Inventory Asset",0.00,,9,"Count In Each (ce)","Count by the Count In Each",12500.00,"Dominus Company.Ltd",,20000.00,1,"500325"
,"Active","Inventory Part","10.5mm HSS Drill Bit",,"Non","00001 · Hardware and tool Income","54300 · Hardware and tool","12100 · Inventory Asset",0.00,,9,"Count In Each (ce)","Count by the Count In Each",9800.00,"Dominus Company.Ltd",,14477.27246,1,"500320"
,"Active","Inventory Part","10mm HSS Drill Bit",,"Non","00001 · Hardware and tool Income","54300 · Hardware and tool","12100 · Inventory Asset",0.00,,0,"Count In Each (ce)","Count by the Count In Each",7500.00,"Dominus Company.Ltd",,8500.00,1,"500319"
,"Active","Inventory Part","4.5mm HSS Drill Bit",,"Non","00001 · Hardware and tool Income","54300 · Hardware and tool","12100 · Inventory Asset",0.00,,0,"Count In Each (ce)","Count by the Count In Each",1650.00,"Dominus Company.Ltd",,2000.00,1,"500308"
,"Active","Inventory Part","2mm HSS Drill Bit",,"Non","00001 · Hardware and tool Income","54300 · Hardware and tool","12100 · Inventory Asset",0.00,,30,"Count In Each (ce)","Count by the Count In Each",1800.00,"Dominus Company.Ltd",,2117.64708,1,"500303"
,"Active","Inventory Part","3mm HSS Drill Bit",,"Non","00001 · Hardware and tool Income","54300 · Hardware and tool","12100 · Inventory Asset",0.00,,5,"Count In Each (ce)","Count by the Count In Each",1050.00,"Dominus Company.Ltd",,1500.00,1,"500305"
,"Active","Inventory Part","3.5mm HSS Drill Bit",,"Non","00001 · Hardware and tool Income","54300 · Hardware and tool","12100 · Inventory Asset",0.00,,31,"Count In Each (ce)","Count by the Count In Each",2500.00,"Dominus Company.Ltd",,3750.00,1,"500306"
,"Active","Inventory Part","Double Open End Spanner 16x17mm",,"Non","00001 · Hardware and tool Income","54300 · Hardware and tool","12100 · Inventory Asset",0.00,,4,"Count In Each (ce)","Count by the Count In Each",4350.00,"Dominus Company.Ltd",,5000.00,1,"190406"
,"Active","Inventory Part","Double Open End Spanner 20x22mm",,"Non","00001 · Hardware and tool Income","54300 · Hardware and tool","12100 · Inventory Asset",0.00,,4,"Count In Each (ce)","Count by the Count In Each",5750.00,"Dominus Company.Ltd",,6000.00,1,"190408"
,"Active","Inventory Part","Double Open End Spanner 18x19mm",,"Non","00001 · Hardware and tool Income","54300 · Hardware and tool","12100 · Inventory Asset",0.00,,4,"Count In Each (ce)","Count by the Count In Each",4800.00,"Dominus Company.Ltd",,5500.00,1,"190407"
,"Active","Inventory Part","Double Open End Spanner 21x23mm",,"Non","00001 · Hardware and tool Income","54300 · Hardware and tool","12100 · Inventory Asset",0.00,,3,"Count In Each (ce)","Count by the Count In Each",6900.00,"Dominus Company.Ltd",,7300.00,1,"190409"
,"Active","Inventory Part","Double Open End Spanner 24x27mm",,"Non","00001 · Hardware and tool Income","54300 · Hardware and tool","12100 · Inventory Asset",0.00,,2,"Count In Each (ce)","Count by the Count In Each",9350.00,"Dominus Company.Ltd",,10000.00,1,"190410"
,"Active","Inventory Part","Double Open End Spanner 10x11mm",,"Non","00001 · Hardware and tool Income","54300 · Hardware and tool","12100 · Inventory Asset",0.00,,16,"Count In Each (ce)","Count by the Count In Each",3050.00,"Dominus Company.Ltd",,5000.00,1,"190403"
,"Active","Inventory Part","Double Open End Spanner 14x15mm",,"Non","00001 · Hardware and tool Income","54300 · Hardware and tool","12100 · Inventory Asset",0.00,,8,"Count In Each (ce)","Count by the Count In Each",3950.00,"Dominus Company.Ltd",,4200.00,1,"190405"
,"Active","Inventory Part","Double Open End Spanner 6x7mm",,"Non","00001 · Hardware and tool Income","54300 · Hardware and tool","12100 · Inventory Asset",0.00,,15,"Count In Each (ce)","Count by the Count In Each",2450.00,"Dominus Company.Ltd",,2700.00,1,"190401"
,"Active","Inventory Part","3-32mm Tube Cutter",,"Non","00001 · Hardware and tool Income","54300 · Hardware and tool","12100 · Inventory Asset",0.00,,2,"Count In Each (ce)","Count by the Count In Each",13300.00,"Dominus Company.Ltd",,15000.00,"","270501"
,"Active","Inventory Part","Double Tape .5 Inch Thin",,"Non","00001 · Hardware and tool Income","54300 · Hardware and tool","12100 · Inventory Asset",0.00,,52,"Count In Each (ce)","Count by the Count In Each",900.00,"Mawlamyaing Trading co.,Ltd",,1500.00,1,
,"Active","Inventory Part","Double Tape 1 Inch Thin",,"Non","00001 · Hardware and tool Income","54300 · Hardware and tool","12100 · Inventory Asset",0.00,,27,"Count In Each (ce)","Count by the Count In Each",1550.00,"Maw",,3000.00,1,
,"Active","Inventory Part","18"" Level Ruler",,"Non","00001 · Hardware and tool Income","54300 · Hardware and tool","12100 · Inventory Asset",0.00,,1,"Count In Each (ce)","Count by the Count In Each",700.00,"Mawlamyaing Trading co.,Ltd",,1000.00,1,
,"Active","Inventory Part","Equipment Bag 002",,"Non","00001 · Hardware and tool Income","54300 · Hardware and tool","12100 · Inventory Asset",0.00,,9,"Count In Each (ce)","Count by the Count In Each",3000.00,"Mawlamyaing Trading co.,Ltd",,4000.00,1,
,"Active","Inventory Part","Abarasive Paper P150",,"Non","00001 · Hardware and tool Income","54300 · Hardware and tool","12100 · Inventory Asset",0.00,,261,"Count In Each (ce)","Count by the Count In Each",100.00,"Mawlamyaing Trading co.,Ltd",,300.00,1,
,"Active","Inventory Part","Abarasive Paper P100",,"Non","00001 · Hardware and tool Income","54300 · Hardware and tool","12100 · Inventory Asset",0.00,,48,"Count In Each (ce)","Count by the Count In Each",30.00,"Mawlamyaing Trading co.,Ltd",,300.00,1,
,"Active","Inventory Part","abarasive Paper P80",,"Non","00001 · Hardware and tool Income","54300 · Hardware and tool","12100 · Inventory Asset",0.00,,127,"Count In Each (ce)","Count by the Count In Each",122.70,"Mawlamyaing Trading co.,Ltd",,300.00,1,
,"Active","Inventory Part","2"" Paper Tape",,"Non","00001 · Hardware and tool Income","54300 · Hardware and tool","12100 · Inventory Asset",0.00,,6,"Count In Each (ce)","Count by the Count In Each",420.00,"Mawlamyaing Trading co.,Ltd",,700.00,1,
,"Active","Inventory Part","1"" Paper Tape",,"Non","00001 · Hardware and tool Income","54300 · Hardware and tool","12100 · Inventory Asset",0.00,,5,"Count In Each (ce)","Count by the Count In Each",313.50,"Mawlamyaing Trading co.,Ltd",,700.00,1,
,"Active","Inventory Part","1/2"" Paper Tape",,"Non","00001 · Hardware and tool Income","54300 · Hardware and tool","12100 · Inventory Asset",0.00,,44,"Count In Each (ce)","Count by the Count In Each",1000.00,"Mawlamyaing Trading co.,Ltd",,1666.6667,1,
,"Active","Inventory Part","Hand Glove Thick",,"Non","00001 · Hardware and tool Income","54300 · Hardware and tool","12100 · Inventory Asset",0.00,,5,"Count In Each (ce)","Count by the Count In Each",850.00,"Mawlamyaing Trading co.,Ltd",,1500.00,1,
,"Active","Inventory Part","Hand Glove Slim",,"Non","00001 · Hardware and tool Income","54300 · Hardware and tool","12100 · Inventory Asset",0.00,,1,"pair (pr)","Count by the pair",650.00,"Mawlamyaing Trading co.,Ltd",,1000.00,1,
,"Active","Inventory Part","Cable Tie 5 X 350",,"Non","00001 · Hardware and tool Income","54300 · Hardware and tool","12100 · Inventory Asset",0.00,,11.8742,"Count In Each (ce)","Count by the Count In Each",1764.00,"Z.U Trading",,7000.00,1,
,"Active","Inventory Part","Cable Tie 5 X 250",,"Non","00001 · Hardware and tool Income","54300 · Hardware and tool","12100 · Inventory Asset",0.00,,17.63334,"Count In Each (ce)","Count by the Count In Each",1258.00,"Z.U Trading",,1500.00,1,
,"Active","Inventory Part","Cable Tie 5 X 200",,"Non","00001 · Hardware and tool Income","54300 · Hardware and tool","12100 · Inventory Asset",0.00,,2.25,"count in box (cb)","Count by the count in Pack",935.00,"Z.U Trading",,1200.00,1,
,"Active","Inventory Part","Cable Tie 4 X 250",,"Non","00001 · Hardware and tool Income","54300 · Hardware and tool","12100 · Inventory Asset",0.00,,10.69999,"count in box (cb)","Count by the count in Pack",850.00,"Z.U Trading",,1500.00,1,
,"Active","Inventory Part","Cable Tie 4 X 200",,"Non","00001 · Hardware and tool Income","54300 · Hardware and tool","12100 · Inventory Asset",0.00,,24.5,"count in box (cb)","Count by the count in Pack",676.00,"Z.U Trading",,1000.00,1,
,"Active","Inventory Part","Cable Tie 4 X 150",,"Non","00001 · Hardware and tool Income","54300 · Hardware and tool","12100 · Inventory Asset",0.00,,0,"count in box (cb)","Count by the count in Pack",595.00,"Z.U Trading",,800.00,1,
,"Active","Inventory Part","Cable Tie 3 X 150",,"Non","00001 · Hardware and tool Income","54300 · Hardware and tool","12100 · Inventory Asset",0.00,,0,"count in box (cb)","Count by the count in Pack",319.00,"Z.U Trading",,500.00,1,
,"Active","Inventory Part","Cable Tie 3 X 120",,"Non","00001 · Hardware and tool Income","54300 · Hardware and tool","12100 · Inventory Asset",0.00,,0,"count in box (cb)","Count by the count in Pack",242.00,"Z.U Trading",,350.00,1,
,"Active","Inventory Part","Cable Tie 3 X 100",,"Non","00001 · Hardware and tool Income","54300 · Hardware and tool","12100 · Inventory Asset",0.00,,0,"count in box (cb)","Count by the count in Pack",200.00,"Z.U Trading",,300.00,1,
,"Active","Inventory Part","Cable Tie 3 X 80",,"Non","00001 · Hardware and tool Income","54300 · Hardware and tool","12100 · Inventory Asset",0.00,,0,"count in box (cb)","Count by the count in Pack",170.00,"Z.U Trading",,300.00,1,
,"Active","Inventory Part","WD-40",,"Non","00001 · Hardware and tool Income","54300 · Hardware and tool","12100 · Inventory Asset",0.00,,711,"Count In Each (ce)","Count by the Count In Each",55.00,"Z.U Trading",,100.00,1,
,"Active","Inventory Part","10.5mm Steel Twist Drill",,"Non","00001 · Hardware and tool Income","54300 · Hardware and tool","12100 · Inventory Asset",0.00,,4,"Count In Each (ce)","Count by the Count In Each",8400.00,"Steel Dragon",,12000.00,1,"D-3560"
,"Active","Inventory Part","Laser Level Pro 3",,"Non","00001 · Hardware and tool Income","54300 · Hardware and tool","12100 · Inventory Asset",0.00,,3,"Count In Each (ce)","Count by the Count In Each",8500.00,"Raja",,17000.00,"",
,"Active","Inventory Part","Golley 20w50",,"Non","000004 · Motor cycle Income","Lubricant and Oil","12100 · Inventory Asset",0.00,,0,"Count In Each (ce)","Count by the Count In Each",3108.33333,"MH",,4000.00,"",
,"Active","Inventory Part","DC Electric Air Pump",,"Non","000004 · Motor cycle Income","54200 · Motor Cycle","12100 · Inventory Asset",0.00,,1,"Count In Each (ce)","Count by the Count In Each",44000.00,"MH",,62117.6468,"",
,"Active","Inventory Part","Steel Chain Lock",,"Non","000004 · Motor cycle Income","54200 · Motor Cycle","12100 · Inventory Asset",0.00,,0,"Count In Each (ce)","Count by the Count In Each",1200.00,"MH",,2000.00,"",
,"Active","Inventory Part","Locking Chain",,"Non","00001 · Hardware and tool Income","54300 · Hardware and tool","12100 · Inventory Asset",0.00,,0,"Count In Each (ce)","Count by the Count In Each",5000.00,"Raja",,7000.00,1,
,"Active","Inventory Part","10Pcs Double Ring",,"Non","00001 · Hardware and tool Income","54300 · Hardware and tool","12100 · Inventory Asset",0.00,,3,"Count In Each (ce)","Count by the Count In Each",65000.00,"Raja",,74122.8085,"",
,"Active","Inventory Part","Total 6"" Screwdriver",,"Non","00001 · Hardware and tool Income","54300 · Hardware and tool","12100 · Inventory Asset",0.00,,0,"Count In Each (ce)","Count by the Count In Each",2000.00,"Raja",,2500.00,1,
,"Active","Inventory Part","60mm Hole Saw",,"Non","00001 · Hardware and tool Income","54300 · Hardware and tool","12100 · Inventory Asset",0.00,,1,"Count In Each (ce)","Count by the Count In Each",10000.00,"Raja",,13000.00,"",
,"Active","Inventory Part","Super Speed Turbo",,"Non","00001 · Hardware and tool Income","54300 · Hardware and tool","12100 · Inventory Asset",0.00,,-1,"Count In Each (ce)","Count by the Count In Each",2700.00,"Raja",,3500.00,"",
,"Active","Inventory Part","21pcs T",,"Non","00001 · Hardware and tool Income","54300 · Hardware and tool","12100 · Inventory Asset",0.00,,1,"count in box (cb)","Count by the count in Pack",4000.00,"Raja",,5000.00,"","RT-1621"
,"Active","Inventory Part","Haibao Locking Chain",,"Non","00001 · Hardware and tool Income","54300 · Hardware and tool","12100 · Inventory Asset",0.00,,1,"Count In Each (ce)","Count by the Count In Each",9000.00,"Raja",,13000.00,1,"HB-D3910A"
,"Active","Inventory Part","8 pcs Black Lion Screwdriver",,"Non","00001 · Hardware and tool Income","54300 · Hardware and tool","12100 · Inventory Asset",0.00,,0.95,"Count In Each (ce)","Count by the Count In Each",8000.00,"Raja",,10000.00,1,
,"Active","Inventory Part","12Pcs Double Open Wrench",,"Non","00001 · Hardware and tool Income","54300 · Hardware and tool","12100 · Inventory Asset",0.00,,0,"count in box (cb)","Count by the count in Pack",33600.00,"Raja",,40000.00,"",
,"Active","Inventory Part","Leather Punch Set 12pcs",,"Non","00001 · Hardware and tool Income","54300 · Hardware and tool","12100 · Inventory Asset",0.00,,1.4,"Count In Each (ce)","Count by the Count In Each",9200.00,"Dominus Company.Ltd",,20000.00,1,"391112"
,"Active","Inventory Part","7pcs Impact Screwdriver Set",,"Non","00001 · Hardware and tool Income","54300 · Hardware and tool","12100 · Inventory Asset",0.00,,0,"count in box (cb)","Count by the count in Pack",27750.00,"Dominus Company.Ltd",,53000.00,1,"251207"
,"Active","Inventory Part","3pcs Magnetic Nut Setter (1/4*6",,"Non","00001 · Hardware and tool Income","54300 · Hardware and tool","12100 · Inventory Asset",0.00,,0,"Count In Each (ce)","Count by the Count In Each",4000.00,"Dominus Company.Ltd",,6000.00,1,"251005"
,"Active","Inventory Part","14mm T Type Wrench Moller",,"Non","00001 · Hardware and tool Income","54300 · Hardware and tool","12100 · Inventory Asset",0.00,,6,"Count In Each (ce)","Count by the Count In Each",6250.00,"Dominus Company.Ltd",,6500.00,1,
,"Active","Inventory Part","13mm T Type Wrench Moller",,"Non","00001 · Hardware and tool Income","54300 · Hardware and tool","12100 · Inventory Asset",0.00,,1,"Count In Each (ce)","Count by the Count In Each",2200.00,"Dominus Company.Ltd",,6500.00,1,
,"Active","Inventory Part","12mm T Type Wrench Moller","..","Non","00001 · Hardware and tool Income","54300 · Hardware and tool","12100 · Inventory Asset",0.00,,2,"Count In Each (ce)","Count by the Count In Each",2200.00,"Dominus Company.Ltd",,6500.00,1,
,"Active","Inventory Part","Denso Chain Lube",,"Non","000004 · Motor cycle Income","54200 · Motor Cycle","12100 · Inventory Asset",0.00,,-1,"Count In Each (ce)","Count by the Count In Each",6500.00,"Denso Service",,7500.00,1,
,"Active","Inventory Part","G3 Primer Gray 1 Gallon",,"Non","00001 · Hardware and tool Income","54300 · Hardware and tool","12100 · Inventory Asset",0.00,,0,"Count In Each (ce)","Count by the Count In Each",12500.00,"Raja",,15000.00,"",
,"Active","Inventory Part","6310 LLU",,"Non","000007 · Ball & Bearing","54599 · Ball and Bearing","12100 · Inventory Asset",0.00,,4,"Count In Each (ce)","Count by the Count In Each",10000.00,"Super Star",,25000.00,1,
,"Active","Inventory Part","6309 LLU",,"Non","000007 · Ball & Bearing","54599 · Ball and Bearing","12100 · Inventory Asset",0.00,,2,"Count In Each (ce)","Count by the Count In Each",5720.00,"Super Star",,10000.00,1,
,"Active","Inventory Part","24mm Wood Chisel(1"")",,"Non","00001 · Hardware and tool Income","54300 · Hardware and tool","12100 · Inventory Asset",0.00,,2,"Count In Each (ce)","Count by the Count In Each",12250.00,"Dominus Company.Ltd",,15000.00,1,"380124"
,"Active","Inventory Part","Blower",,"Non","00001 · Hardware and tool Income","54300 · Hardware and tool","12100 · Inventory Asset",0.00,,0,"count in box (cb)","Count by the count in Pack",54350.00,"Dominus Company.Ltd",,82235.21319,"","P801501"
,"Active","Inventory Part","100mm TCT Hole Saw",,"Non","00001 · Hardware and tool Income","54300 · Hardware and tool","12100 · Inventory Asset",0.00,,1,"Count In Each (ce)","Count by the Count In Each",33200.00,"Dominus Company.Ltd",,35000.00,"","530504"
,"Active","Inventory Part","80mm TCT Hole Saw",,"Non","00001 · Hardware and tool Income","54300 · Hardware and tool","12100 · Inventory Asset",0.00,,1,"Count In Each (ce)","Count by the Count In Each",23200.00,"Dominus Company.Ltd",,25000.00,"","530503"
,"Active","Inventory Part","50mm TCT Hole Saw",,"Non","00001 · Hardware and tool Income","54300 · Hardware and tool","12100 · Inventory Asset",0.00,,0,"Count In Each (ce)","Count by the Count In Each",16050.00,"Dominus Company.Ltd",,18000.00,1,"530501"
,"Active","Inventory Part","Flat Cold Chisel",,"Non","00001 · Hardware and tool Income","54300 · Hardware and tool","12100 · Inventory Asset",0.00,,2,"Count In Each (ce)","Count by the Count In Each",13850.00,"Dominus Company.Ltd",,16000.00,1,"383125"
,"Active","Inventory Part","10Pcs Screwbit",,"Non","00001 · Hardware and tool Income","54300 · Hardware and tool","12100 · Inventory Asset",0.00,,266,"Count In Each (ce)","Count by the Count In Each",770.00,"Dominus Company.Ltd",,1421.53843,"","251010"
,"Active","Inventory Part","Screwdriver PH3x200mm(+)",,"Non","00001 · Hardware and tool Income","54300 · Hardware and tool","12100 · Inventory Asset",0.00,,27,"Count In Each (ce)","Count by the Count In Each",4200.00,"Dominus Company.Ltd",,5200.00,1,"241820"
,"Active","Inventory Part","Screwdriver PH2x38mm (+)",,"Non","00001 · Hardware and tool Income","54300 · Hardware and tool","12100 · Inventory Asset",0.00,,6,"Count In Each (ce)","Count by the Count In Each",3100.00,"Dominus Company.Ltd",,4617.02127,1,"241638"
,"Active","Inventory Part","10mm T Type Wrench Hoteche",,"Non","00001 · Hardware and tool Income","54300 · Hardware and tool","12100 · Inventory Asset",0.00,,10,"Count In Each (ce)","Count by the Count In Each",12400.00,"Dominus Company.Ltd",,16533.33292,1,"191917"
,"Active","Inventory Part","8mm T Type Wrench Hoteche",,"Non","00001 · Hardware and tool Income","54300 · Hardware and tool","12100 · Inventory Asset",0.00,,11,"Count In Each (ce)","Count by the Count In Each",12400.00,"Dominus Company.Ltd",,16533.33292,1,"191915"
,"Active","Inventory Part","12mm Combination Spanner",,"Non","00001 · Hardware and tool Income","54300 · Hardware and tool","12100 · Inventory Asset",0.00,,5,"Count In Each (ce)","Count by the Count In Each",3500.00,"Dominus Company.Ltd",,3800.00,1,"190507"
,"Active","Inventory Part","7"" External Straight Hoteche",,"Non","00001 · Hardware and tool Income","54300 · Hardware and tool","12100 · Inventory Asset",0.00,,18,"Count In Each (ce)","Count by the Count In Each",6900.00,"Dominus Company.Ltd",,8000.00,1,"101002-D"
,"Active","Inventory Part","7"" Internal Straight Hoteche",,"Non","00001 · Hardware and tool Income","54300 · Hardware and tool","12100 · Inventory Asset",0.00,,20,"Count In Each (ce)","Count by the Count In Each",6900.00,"Dominus Company.Ltd",,8000.00,1,"101002-C"
,"Active","Inventory Part","6"" Internal Straight Moller",,"Non","00001 · Hardware and tool Income","54300 · Hardware and tool","12100 · Inventory Asset",0.00,,0,"Count In Each (ce)","Count by the Count In Each",1504.00,"Dominus Company.Ltd",,6000.00,1,"11520611A"
,"Active","Inventory Part","6"" External Straight Moller",,"Non","00001 · Hardware and tool Income","54300 · Hardware and tool","12100 · Inventory Asset",0.00,,16,"Count In Each (ce)","Count by the Count In Each",4000.00,"Dominus Company.Ltd",,6000.00,1,"11520611B"
,"Active","Inventory Part","Chain Ajust Wide Z",,"Non","000004 · Motor cycle Income","54200 · Motor Cycle","12100 · Inventory Asset",0.00,,11,"Count In Each (ce)","Count by the Count In Each",170.00,"MH",,300.00,1,
,"Active","Inventory Part","Rear Brake Rod Spring And Nut",,"Non","000004 · Motor cycle Income","54200 · Motor Cycle","12100 · Inventory Asset",0.00,,0,"count in box (cb)","Count by the count in Pack",260.00,"MH",,500.00,1,
,"Active","Inventory Part","Fancy Gear Padle Cover Stop",,"Non","000004 · Motor cycle Income","54200 · Motor Cycle","12100 · Inventory Asset",0.00,,0,"Count In Each (ce)","Count by the Count In Each",1400.00,"MH",,2000.00,1,
,"Active","Inventory Part","500m Ultra- Long Remote Control",,"Non","000004 · Motor cycle Income","54200 · Motor Cycle","12100 · Inventory Asset",0.00,,0,"count in box (cb)","Count by the count in Pack",9000.00,"MH",,12000.00,"",
,"Active","Inventory Part","Bosny Olive Green No 26",,"Non","00001 · Hardware and tool Income","54300 · Hardware and tool","12100 · Inventory Asset",0.00,,8,"Count In Each (ce)","Count by the Count In Each",2000.00,"Raja",,4000.00,1,
,"Active","Inventory Part","YSD 125 Rotor Magneto no ball",,"Non","000004 · Motor cycle Income","54200 · Motor Cycle","12100 · Inventory Asset",0.00,,4,"Count In Each (ce)","Count by the Count In Each",5700.00,"Sein Kabar",,5500.00,1,"SKT00188"
,"Active","Inventory Part","KP004 Front Bulb",,"Non","000004 · Motor cycle Income","54200 · Motor Cycle","12100 · Inventory Asset",0.00,,10,"Count In Each (ce)","Count by the Count In Each",2350.00,"Sein Kabar",,3000.00,1,"SKT00937"
,"Active","Inventory Part","YSD EFI Turn Signal Switch",,"Non","000004 · Motor cycle Income","54200 · Motor Cycle","12100 · Inventory Asset",0.00,,28,"Count In Each (ce)","Count by the Count In Each",300.00,"Sein Kabar",,500.00,1,"SKT00172"
,"Active","Inventory Part","YSD EFI Dimmer Switch",,"Non","000004 · Motor cycle Income","54200 · Motor Cycle","12100 · Inventory Asset",0.00,,44,"Count In Each (ce)","Count by the Count In Each",300.00,"Sein Kabar",,500.00,1,"SKT175"
,"Active","Inventory Part","YSD EFI Horn Switch",,"Non","000004 · Motor cycle Income","54200 · Motor Cycle","12100 · Inventory Asset",0.00,,22,"Count In Each (ce)","Count by the Count In Each",300.00,"Sein Kabar",,500.00,1,"SKT00174"
,"Active","Inventory Part","Super World 20W50",,"Non","000008 · Lubricant and Oil Income","Lubricant and Oil","12100 · Inventory Asset",0.00,,8,"Count In Each (ce)","Count by the Count In Each",3200.00,"Sein Kabar",,4000.00,"","SKT00990"
,"Active","Inventory Part","Wax 20W50 1L",,"Non","000008 · Lubricant and Oil Income","Lubricant and Oil","12100 · Inventory Asset",0.00,,0,"Count In Each (ce)","Count by the Count In Each",1279.00,"Wax Queen",,1500.00,"",
,"Active","Inventory Part","Plug Spaner Short 18",,"Non","00001 · Hardware and tool Income","54300 · Hardware and tool","12100 · Inventory Asset",0.00,,0,"Count In Each (ce)","Count by the Count In Each",1000.00,"Raja",,1500.00,1,
,"Active","Inventory Part","Plug Spaner Short 21",,"Non","00001 · Hardware and tool Income","54300 · Hardware and tool","12100 · Inventory Asset",0.00,,-1,"Count In Each (ce)","Count by the Count In Each",1300.00,"Raja",,2000.00,1,
,"Active","Inventory Part","3.2mm Steel Twist Drill",,"Non","00001 · Hardware and tool Income","54300 · Hardware and tool","12100 · Inventory Asset",0.00,,3,"Count In Each (ce)","Count by the Count In Each",2750.00,"Steel Dragon",,4125.00,1,"D-3475"
,"Active","Inventory Part","10X161 Nippon Spokes",,"Non","000004 · Motor cycle Income","54200 · Motor Cycle","12100 · Inventory Asset",0.00,,2,"count in box (cb)","Count by the count in Pack",2550.00,"Sein Kabar",,3000.00,1,"TH00677"
,"Active","Inventory Part","YSD 428x104 Chain",,"Non","000004 · Motor cycle Income","54200 · Motor Cycle","12100 · Inventory Asset",0.00,,0,"Count In Each (ce)","Count by the Count In Each",3900.00,"Sein Kabar",,5000.00,1,"SKT00981"
,"Active","Inventory Part","YSD 428x106 Chain",,"Non","000004 · Motor cycle Income","54200 · Motor Cycle","12100 · Inventory Asset",0.00,,1,"Count In Each (ce)","Count by the Count In Each",4000.00,"Sein Kabar",,5000.00,1,"SKT00980"
,"Active","Inventory Part","Speed Metal 10W40",,"Non","000008 · Lubricant and Oil Income","Lubricant and Oil","12100 · Inventory Asset",0.00,,0,"Count In Each (ce)","Count by the Count In Each",8000.00,"Speed Machine Internation Co.LTD",,10000.00,1,"Z8"
,"Active","Inventory Part","65mm TCT Hole Saw",,"Non","00001 · Hardware and tool Income","54300 · Hardware and tool","12100 · Inventory Asset",0.00,,3,"Count In Each (ce)","Count by the Count In Each",19200.00,"Dominus Company.Ltd",,22000.00,1,"530502"
,"Active","Inventory Part","Point Cold Chisel",,"Non","00001 · Hardware and tool Income","54300 · Hardware and tool","12100 · Inventory Asset",0.00,,4,"Count In Each (ce)","Count by the Count In Each",13850.00,"Dominus Company.Ltd",,15000.00,1,"383025"
,"Active","Inventory Part","Carbon Drill",,"Non","00001 · Hardware and tool Income","54300 · Hardware and tool","12100 · Inventory Asset",0.00,,0,"Count In Each (ce)","Count by the Count In Each",700.00,"Dominus Company.Ltd",,1500.00,1,"MT-606"
,"Active","Inventory Part","AG-98001 Grinder Carbon",,"Non","00001 · Hardware and tool Income","54300 · Hardware and tool","12100 · Inventory Asset",0.00,,96,"Count In Each (ce)","Count by the Count In Each",1200.00,"Dominus Company.Ltd",,1800.00,1,"AG98001"
,"Active","Inventory Part","Flap Disc A-120 Hoteche",,"Non","00001 · Hardware and tool Income","54300 · Hardware and tool","12100 · Inventory Asset",0.00,,0,"Count In Each (ce)","Count by the Count In Each",1200.00,"Dominus Company.Ltd",,1800.00,1,
,"Active","Inventory Part","Flap Disc A-100 Hoteche",,"Non","00001 · Hardware and tool Income","54300 · Hardware and tool","12100 · Inventory Asset",0.00,,0,"Count In Each (ce)","Count by the Count In Each",1200.00,"Dominus Company.Ltd",,1800.00,1,
,"Active","Inventory Part","Flap Disc A-80 Hoteche",,"Non","00001 · Hardware and tool Income","54300 · Hardware and tool","12100 · Inventory Asset",0.00,,0,"Count In Each (ce)","Count by the Count In Each",1200.00,"Dominus Company.Ltd",,1800.00,1,
,"Active","Inventory Part","Flap Disc A-60 Hoteche",,"Non","00001 · Hardware and tool Income","54300 · Hardware and tool","12100 · Inventory Asset",0.00,,0,"Count In Each (ce)","Count by the Count In Each",1200.00,"Dominus Company.Ltd",,1800.00,1,
,"Active","Inventory Part","Flap Disc A-40 Hoteche",,"Non","00001 · Hardware and tool Income","54300 · Hardware and tool","12100 · Inventory Asset",0.00,,0,"Count In Each (ce)","Count by the Count In Each",1200.00,"Dominus Company.Ltd",,1800.00,1,
,"Active","Inventory Part","Flap Disc A-36 Hoteche",,"Non","00001 · Hardware and tool Income","54300 · Hardware and tool","12100 · Inventory Asset",0.00,,14,"Count In Each (ce)","Count by the Count In Each",2500.00,"Dominus Company.Ltd",,3750.00,1,"HanFD1001H"
,"Active","Inventory Part","25 Pcs Drill Set",,"Non","00001 · Hardware and tool Income","54300 · Hardware and tool","12100 · Inventory Asset",0.00,,1,"Count In Each (ce)","Count by the Count In Each",18750.00,"Dominus Company.Ltd",,36000.00,1,"501003"
,"Active","Inventory Part","19 PCS Drill Bit Set",,"Non","00001 · Hardware and tool Income","54300 · Hardware and tool","12100 · Inventory Asset",0.00,,1,"count in box (cb)","Count by the count in Pack",9200.00,"Dominus Company.Ltd",,20000.00,1,"501002"
,"Active","Inventory Part","Knife Brush",,"Non","00001 · Hardware and tool Income","54300 · Hardware and tool","12100 · Inventory Asset",0.00,,3,"Count In Each (ce)","Count by the Count In Each",2950.00,"Dominus Company.Ltd",,4000.00,1,"410101"
,"Active","Inventory Part","10 Pcs Hex Key 2",,"Non","00001 · Hardware and tool Income","54300 · Hardware and tool","12100 · Inventory Asset",0.00,,0,"count in box (cb)","Count by the count in Pack",4650.00,"Dominus Company.Ltd",,6000.00,1,"260110"
,"Active","Inventory Part","10 Pcs Hex Key",,"Non","00001 · Hardware and tool Income","54300 · Hardware and tool","12100 · Inventory Asset",0.00,,0,"count in box (cb)","Count by the count in Pack",2450.00,"Dominus Company.Ltd",,3500.00,1,"ElHB"
,"Active","Inventory Part","8"" G Clamp",,"Non","00001 · Hardware and tool Income","54300 · Hardware and tool","12100 · Inventory Asset",0.00,,4,"Count In Each (ce)","Count by the Count In Each",24100.00,"Dominus Company.Ltd",,26000.00,1,"290404"
,"Active","Inventory Part","Hoteche Angle Grinder 2",,"Non","00001 · Hardware and tool Income","54300 · Hardware and tool","12100 · Inventory Asset",0.00,,-1,"Count In Each (ce)","Count by the Count In Each",67650.00,"Dominus Company.Ltd",,70000.00,1,"P800409"
,"Active","Inventory Part","100mm Angle Grinder",,"Non","00001 · Hardware and tool Income","54300 · Hardware and tool","12100 · Inventory Asset",0.00,,-1,"Count In Each (ce)","Count by the Count In Each",28608.00,"Dominus Company.Ltd",,55000.00,1,"AG98001"
,"Active","Inventory Part","Electric Planer 90mm",,"Non","00001 · Hardware and tool Income","54300 · Hardware and tool","12100 · Inventory Asset",0.00,,2,"count in box (cb)","Count by the count in Pack",200000.00,"Dominus Company.Ltd",,256410.26,"","EP-902"
,"Active","Inventory Part","8 Pcs Half Spaner",,"Non","00001 · Hardware and tool Income","54300 · Hardware and tool","12100 · Inventory Asset",0.00,,2,"Count In Each (ce)","Count by the Count In Each",30000.00,"Raja",,40000.00,1,
,"Active","Inventory Part","Rocker Arm Cover",,"Non","000004 · Motor cycle Income","54200 · Motor Cycle","12100 · Inventory Asset",0.00,,5,"Count In Each (ce)","Count by the Count In Each",650.00,"MH",,1000.00,1,
,"Active","Inventory Part","Rear Fork Lifter 2",,"Non","000004 · Motor cycle Income","54200 · Motor Cycle","12100 · Inventory Asset",0.00,,2,"pair (pr)","Count by the pair",1200.00,"MH",,1800.00,1,
,"Active","Inventory Part","Hunter TIG / MMA -250 Machine",,"Non","00001 · Hardware and tool Income","54300 · Hardware and tool","12100 · Inventory Asset",0.00,,0,"Count In Each (ce)","Count by the Count In Each",176000.00,"Dominus Company.Ltd",,250000.00,0,"MMA-250"
,"Active","Inventory Part","Hunter Welding Machine 300 I",,"Non","00001 · Hardware and tool Income","54300 · Hardware and tool","12100 · Inventory Asset",0.00,,0,"Count In Each (ce)","Count by the Count In Each",74730.00,"Dominus Company.Ltd",,200000.00,0,"W-WS1009"
,"Active","Inventory Part","Hoteche Welding Machine 300 M",,"Non","00001 · Hardware and tool Income","54300 · Hardware and tool","12100 · Inventory Asset",0.00,,0,"Count In Each (ce)","Count by the Count In Each",203500.00,"Dominus Company.Ltd",,300000.00,0,"MMA-300M"
,"Active","Inventory Part","Hoteche Welding Machine 200 M",,"Non","00001 · Hardware and tool Income","54300 · Hardware and tool","12100 · Inventory Asset",0.00,,0,"Count In Each (ce)","Count by the Count In Each",175680.00,"Dominus Company.Ltd",,300000.00,0,"MMA-220M"
,"Active","Inventory Part","Hoteche Welding Machine 200I",,"Non","00001 · Hardware and tool Income","54300 · Hardware and tool","12100 · Inventory Asset",0.00,,0,"Count In Each (ce)","Count by the Count In Each",124000.00,"Dominus Company.Ltd",,300000.00,"","MMA-200 I"
,"Active","Inventory Part","YSD Start Pinion",,"Non","000004 · Motor cycle Income","54200 · Motor Cycle","12100 · Inventory Asset",0.00,,1,"Count In Each (ce)","Count by the Count In Each",1700.00,"Sein Kabar",,2500.00,1,"SKT00049"
,"Active","Inventory Part","8"" 200mm German  Plier",,"Non","00001 · Hardware and tool Income","54300 · Hardware and tool","12100 · Inventory Asset",0.00,,12,"Count In Each (ce)","Count by the Count In Each",32100.00,"Dominus Company.Ltd",,40000.00,1,"100242"
,"Active","Inventory Part","Combination Plier 8""/200mm",,"Non","00001 · Hardware and tool Income","54300 · Hardware and tool","12100 · Inventory Asset",0.00,,3,"Count In Each (ce)","Count by the Count In Each",9250.00,"Dominus Company.Ltd",,13500.00,1,"100142"
,"Active","Inventory Part","Screwdriver 6.5mm100mm(-) Slot",,"Non","00001 · Hardware and tool Income","54300 · Hardware and tool","12100 · Inventory Asset",0.00,,19,"Count In Each (ce)","Count by the Count In Each",5650.00,"Dominus Company.Ltd",,10000.00,1,"240610A"
,"Active","Inventory Part","Screwdriver 6.5mm150mm(-) Slot",,"Non","00001 · Hardware and tool Income","54300 · Hardware and tool","12100 · Inventory Asset",0.00,,17,"Count In Each (ce)","Count by the Count In Each",6000.00,"Dominus Company.Ltd",,11000.00,1,"240615A"
,"Active","Inventory Part","Screwdriver 5.5mm 100mm(-) Slot",,"Non","00001 · Hardware and tool Income","54300 · Hardware and tool","12100 · Inventory Asset",0.00,,-3,"Count In Each (ce)","Count by the Count In Each",2700.00,"Dominus Company.Ltd",,4000.00,1,"240510A"
,"Active","Inventory Part","Screwdriver 3mmx75mm (-) Slotte",,"Non","00001 · Hardware and tool Income","54300 · Hardware and tool","12100 · Inventory Asset",0.00,,32,"Count In Each (ce)","Count by the Count In Each",4850.00,"Dominus Company.Ltd",,8000.00,1,"240375A"
,"Active","Inventory Part","9.5 Long Nose  Locking Plier",,"Non","00001 · Hardware and tool Income","54300 · Hardware and tool","12100 · Inventory Asset",0.00,,2,"Count In Each (ce)","Count by the Count In Each",17100.00,"Dominus Company.Ltd",,20300.751,"","11940901-A"
,"Active","Inventory Part","SFc Rotary Tool Accessories Kit",,"Non","00001 · Hardware and tool Income","54300 · Hardware and tool","12100 · Inventory Asset",0.00,,-1,"Count In Each (ce)","Count by the Count In Each",4800.00,"Raja",,6000.00,"",
,"Active","Inventory Part","PTT Max Plus 4T",,"Non","000008 · Lubricant and Oil Income","Lubricant and Oil","12100 · Inventory Asset",0.00,,0,"Count In Each (ce)","Count by the Count In Each",9000.00,"Tunn Star",,11999.9997,1,
,"Active","Inventory Part","NTN 32213",,"Non","000007 · Ball & Bearing","54599 · Ball and Bearing","12100 · Inventory Asset",0.00,,2,"Count In Each (ce)","Count by the Count In Each",16000.00,"Super Star",,20000.00,1,
,"Active","Inventory Part","NTN 30307",,"Non","000007 · Ball & Bearing","54599 · Ball and Bearing","12100 · Inventory Asset",0.00,,5,"Count In Each (ce)","Count by the Count In Each",5000.00,"Super Star",,8000.00,1,
,"Active","Inventory Part","NTN 30205",,"Non","000007 · Ball & Bearing","54599 · Ball and Bearing","12100 · Inventory Asset",0.00,,12,"Count In Each (ce)","Count by the Count In Each",3000.00,"Super Star",,4000.00,1,
,"Active","Inventory Part","NTN 12649",,"Non","000007 · Ball & Bearing","54599 · Ball and Bearing","12100 · Inventory Asset",0.00,,10,"Count In Each (ce)","Count by the Count In Each",4500.00,"Super Star",,6000.00,1,
,"Active","Inventory Part","NTN 48548",,"Non","000007 · Ball & Bearing","54599 · Ball and Bearing","12100 · Inventory Asset",0.00,,10,"Count In Each (ce)","Count by the Count In Each",5000.00,"Super Star",,6500.00,1,
,"Active","Inventory Part","NTN 67048",,"Non","000007 · Ball & Bearing","54599 · Ball and Bearing","12100 · Inventory Asset",0.00,,9,"Count In Each (ce)","Count by the Count In Each",4500.00,"Super Star",,6000.00,1,
,"Active","Inventory Part","NTN 11949",,"Non","000007 · Ball & Bearing","54599 · Ball and Bearing","12100 · Inventory Asset",0.00,,9,"Count In Each (ce)","Count by the Count In Each",4000.00,"Super Star",,5000.00,1,
,"Active","Inventory Part","UCP.208 FCL",,"Non","000007 · Ball & Bearing","54599 · Ball and Bearing","12100 · Inventory Asset",0.00,,0,"Count In Each (ce)","Count by the Count In Each",5500.00,"Super Star",,7000.00,"",
,"Active","Inventory Part","32213",,"Non","000007 · Ball & Bearing","54599 · Ball and Bearing","12100 · Inventory Asset",0.00,,3,"Count In Each (ce)","Count by the Count In Each",7500.00,"Super Star",,10000.00,1,
,"Active","Inventory Part","Welding Sockets 35-50mm(Male)",,"Non","00001 · Hardware and tool Income","54300 · Hardware and tool","12100 · Inventory Asset",0.00,,-1,"Count In Each (ce)","Count by the Count In Each",6150.00,"Dominus Company.Ltd",,8500.00,1,
,"Active","Inventory Part","Welding Sockets 35-50mm(Female)",,"Non","00001 · Hardware and tool Income","54300 · Hardware and tool","12100 · Inventory Asset",0.00,,33,"Count In Each (ce)","Count by the Count In Each",6150.00,"Dominus Company.Ltd",,8000.00,1,
,"Active","Inventory Part","Welding Sockets 10-25mm(Male)",,"Non","00001 · Hardware and tool Income","54300 · Hardware and tool","12100 · Inventory Asset",0.00,,-2,"Count In Each (ce)","Count by the Count In Each",1800.00,"Dominus Company.Ltd",,4000.00,1,"W-WS1002"
,"Active","Inventory Part","Welding Sockets 10-25mm(Female)",,"Non","00001 · Hardware and tool Income","54300 · Hardware and tool","12100 · Inventory Asset",0.00,,3.5,"Count In Each (ce)","Count by the Count In Each",1800.00,"Dominus Company.Ltd",,4000.00,1,"W-WS1001"
,"Active","Inventory Part","Pistol Grip Grease Gun",,"Non","00001 · Hardware and tool Income","54300 · Hardware and tool","12100 · Inventory Asset",0.00,,-1,"Count In Each (ce)","Count by the Count In Each",32900.00,"Dominus Company.Ltd",,38000.00,1,"700016"
,"Active","Inventory Part","Lever Grip Grease Gun",,"Non","00001 · Hardware and tool Income","54300 · Hardware and tool","12100 · Inventory Asset",0.00,,2,"Count In Each (ce)","Count by the Count In Each",27450.00,"Dominus Company.Ltd",,35000.00,1,"700015"
,"Active","Inventory Part","275 China Tire",,"Non","000004 · Motor cycle Income","54200 · Motor Cycle","12100 · Inventory Asset",0.00,,1,"Count In Each (ce)","Count by the Count In Each",19400.00,"Thar Aung & Bros",,25000.00,1,
,"Active","Inventory Part","Lubrex Gear Oil 80/90 GL5",,"Non","000008 · Lubricant and Oil Income","Lubricant and Oil","12100 · Inventory Asset",0.00,,0,"Count In Each (ce)","Count by the Count In Each",19366.66667,"Tip Top",,24000.00,"",
,"Active","Inventory Part","12V Li-ion Battery 2",,"Non","00001 · Hardware and tool Income","54300 · Hardware and tool","12100 · Inventory Asset",0.00,,0,"Count In Each (ce)","Count by the Count In Each",33950.00,"Dominus Company.Ltd",,35000.00,"","P800102"
,"Active","Inventory Part","12V Li-ion Battery",,"Non","00001 · Hardware and tool Income","54300 · Hardware and tool","12100 · Inventory Asset",0.00,,1,"Count In Each (ce)","Count by the Count In Each",15000.00,"Dominus Company.Ltd",,27000.00,1,"CD261L"
,"Active","Inventory Part","12mm Staple Nail",,"Non","00001 · Hardware and tool Income","54300 · Hardware and tool","12100 · Inventory Asset",0.00,,2,"Count In Each (ce)","Count by the Count In Each",700.00,"Dominus Company.Ltd",,1200.00,1,
,"Active","Inventory Part","10mm Staple Nail",,"Non","00001 · Hardware and tool Income","54300 · Hardware and tool","12100 · Inventory Asset",0.00,,12,"Count In Each (ce)","Count by the Count In Each",1200.00,"Dominus Company.Ltd",,2400.00,1,"1008J"
,"Active","Inventory Part","8mm Staple Nail",,"Non","00001 · Hardware and tool Income","54300 · Hardware and tool","12100 · Inventory Asset",0.00,,8,"Count In Each (ce)","Count by the Count In Each",1950.00,"Dominus Company.Ltd",,2500.00,1,"H175308"
,"Active","Inventory Part","6-14mm 3 in 1 Heavy Staple Gun",,"Non","00001 · Hardware and tool Income","54300 · Hardware and tool","12100 · Inventory Asset",0.00,,7,"Count In Each (ce)","Count by the Count In Each",30800.00,"Dominus Company.Ltd",,35000.00,1,
,"Active","Inventory Part","32mm Wood Chisel (11/4"")",,"Non","00001 · Hardware and tool Income","54300 · Hardware and tool","12100 · Inventory Asset",0.00,,0,"Count In Each (ce)","Count by the Count In Each",13600.00,"Dominus Company.Ltd",,16000.00,"","380132"
,"Active","Inventory Part","60m Laser Distance Meter",,"Non","00001 · Hardware and tool Income","54300 · Hardware and tool","12100 · Inventory Asset",0.00,,2,"Count In Each (ce)","Count by the Count In Each",117400.00,"Dominus Company.Ltd",,125000.00,1,"284902"
,"Active","Inventory Part","Insulation Screwdriver Sets 6Pc",,"Non","00001 · Hardware and tool Income","54300 · Hardware and tool","12100 · Inventory Asset",0.00,,0.6,"Count In Each (ce)","Count by the Count In Each",26150.00,"Dominus Company.Ltd",,30000.00,1,"244106"
,"Active","Inventory Part","Rear Brake Arm Shaft",,"Non","000004 · Motor cycle Income","54200 · Motor Cycle","12100 · Inventory Asset",0.00,,-1,"Count In Each (ce)","Count by the Count In Each",560.00,"Sein Kabar",,1000.00,1,
,"Active","Inventory Part","20V Impact Wrench",,"Non","00001 · Hardware and tool Income","54300 · Hardware and tool","12100 · Inventory Asset",0.00,,0,"Count In Each (ce)","Count by the Count In Each",285450.00,"Dominus Company.Ltd",,450000.00,0,"P800120"
,"Active","Inventory Part","18V Impact Battery Drill",,"Non","00001 · Hardware and tool Income","54300 · Hardware and tool","12100 · Inventory Asset",0.00,,-1,"Count In Each (ce)","Count by the Count In Each",247200.00,"Dominus Company.Ltd",,260000.00,"","P800105"
,"Active","Inventory Part","12V LITHIUM CORDLESS DRILL12V",,"Non","00001 · Hardware and tool Income","54300 · Hardware and tool","12100 · Inventory Asset",0.00,,0.2,"Count In Each (ce)","Count by the Count In Each",90900.00,"Dominus Company.Ltd",,150000.00,1,"p800102"
,"Active","Inventory Part","6314 NSK",,"Non","000007 · Ball & Bearing","54599 · Ball and Bearing","12100 · Inventory Asset",0.00,,1,"Count In Each (ce)","Count by the Count In Each",8000.00,"Super Star",,22000.00,1,
,"Active","Inventory Part","NF/312 FJK",,"Non","000007 · Ball & Bearing","54599 · Ball and Bearing","12100 · Inventory Asset",0.00,,5,"Count In Each (ce)","Count by the Count In Each",8500.00,"Super Star",,11000.00,1,
,"Active","Inventory Part","NJ/312 FJK",,"Non","000007 · Ball & Bearing","54599 · Ball and Bearing","12100 · Inventory Asset",0.00,,2,"Count In Each (ce)","Count by the Count In Each",8000.00,"Super Star",,10000.00,1,
,"Active","Inventory Part","628",,"Non","000007 · Ball & Bearing","54599 · Ball and Bearing","12100 · Inventory Asset",0.00,,0,"Count In Each (ce)","Count by the Count In Each",250.00,"Super Star",,500.00,1,
,"Active","Inventory Part","608",,"Non","000007 · Ball & Bearing","54599 · Ball and Bearing","12100 · Inventory Asset",0.00,,0,"Count In Each (ce)","Count by the Count In Each",350.00,"Super Star",,875.00,1,
,"Active","Inventory Part","629",,"Non","000007 · Ball & Bearing","54599 · Ball and Bearing","12100 · Inventory Asset",0.00,,9,"Count In Each (ce)","Count by the Count In Each",350.00,"Super Star",,500.00,1,
,"Active","Inventory Part","6201 LLU",,"Non","000007 · Ball & Bearing","54599 · Ball and Bearing","12100 · Inventory Asset",0.00,,0,"Count In Each (ce)","Count by the Count In Each",1000.00,"Super Star",,2000.00,1,
,"Active","Inventory Part","6307DD LLU",,"Non","000007 · Ball & Bearing","54599 · Ball and Bearing","12100 · Inventory Asset",0.00,,0,"Count In Each (ce)","Count by the Count In Each",3550.00,"Super Star",,5000.00,1,
,"Active","Inventory Part","6314  CM",,"Non","000007 · Ball & Bearing","54599 · Ball and Bearing","12100 · Inventory Asset",0.00,,2,"Count In Each (ce)","Count by the Count In Each",22000.00,"Super Star",,27000.00,1,
,"Active","Inventory Part","62903 LLU",,"Non","000007 · Ball & Bearing","54599 · Ball and Bearing","12100 · Inventory Asset",0.00,,0,"Count In Each (ce)","Count by the Count In Each",4000.00,"Super Star",,5000.00,"",
,"Active","Inventory Part","Denso U22",,"Non","000004 · Motor cycle Income","54200 · Motor Cycle","12100 · Inventory Asset",0.00,,8,"Count In Each (ce)","Count by the Count In Each",1650.00,"Denso Service",,3000.00,"","U-22 EPR"
,"Active","Inventory Part","Halmet Hanger Plastic",,"Non","000004 · Motor cycle Income","54200 · Motor Cycle","12100 · Inventory Asset",0.00,,5,"Count In Each (ce)","Count by the Count In Each",250.00,"MH",,400.00,"",
,"Active","Inventory Part","Fancy Gear Padle MSX",,"Non","000004 · Motor cycle Income","54200 · Motor Cycle","12100 · Inventory Asset",0.00,,1,"Count In Each (ce)","Count by the Count In Each",2700.00,"MH",,3500.00,"",
,"Active","Inventory Part","2 Colour Water Wave Seat Cover",,"Non","000004 · Motor cycle Income","54200 · Motor Cycle","12100 · Inventory Asset",0.00,,8,"Count In Each (ce)","Count by the Count In Each",2850.00,"Thar Aung & Bros",,3500.00,"",
,"Active","Inventory Part","Battery 5L 02",,"Non","000004 · Motor cycle Income","54200 · Motor Cycle","12100 · Inventory Asset",0.00,,0,"Count In Each (ce)","Count by the Count In Each",17500.00,"Sein Kabar",,21629.21425,1,"SKT00942"
,"Active","Inventory Part","Battery 4L 2",,"Non","000004 · Motor cycle Income","54200 · Motor Cycle","12100 · Inventory Asset",0.00,,0,"Count In Each (ce)","Count by the Count In Each",6100.00,"Sein Kabar",,9000.00,1,"SKT00941"
,"Active","Inventory Part","180mm Diamond Core Drill Bit",,"Non","000002 · Sticker Income","54300 · Hardware and tool","12100 · Inventory Asset",0.00,,0,"Count In Each (ce)","Count by the Count In Each",49500.00,"Dominus Company.Ltd",,57000.00,"",
,"Active","Inventory Part","159mm Diamond Core Drill Bit",,"Non","00001 · Hardware and tool Income","54300 · Hardware and tool","12100 · Inventory Asset",0.00,,0,"Count In Each (ce)","Count by the Count In Each",47000.00,"Dominus Company.Ltd",,55000.00,"",
,"Active","Inventory Part","127mm Diamond Core Drill Bit",,"Non","00001 · Hardware and tool Income","54300 · Hardware and tool","12100 · Inventory Asset",0.00,,0,"Count In Each (ce)","Count by the Count In Each",33500.00,"Dominus Company.Ltd",,40000.00,"",
,"Active","Inventory Part","102mm Diamond Core Drill Bit",,"Non","00001 · Hardware and tool Income","54300 · Hardware and tool","12100 · Inventory Asset",0.00,,0,"Count In Each (ce)","Count by the Count In Each",23850.00,"Dominus Company.Ltd",,40000.00,"",
,"Active","Inventory Part","76mm Diamond Core Drill Bit",,"Non","00001 · Hardware and tool Income","54300 · Hardware and tool","12100 · Inventory Asset",0.00,,0,"Count In Each (ce)","Count by the Count In Each",19850.00,"Dominus Company.Ltd",,25000.00,"",
,"Active","Inventory Part","51mm Diamond Core Drill Bit",,"Non","00001 · Hardware and tool Income","54300 · Hardware and tool","12100 · Inventory Asset",0.00,,0,"Count In Each (ce)","Count by the Count In Each",43650.00,"Dominus Company.Ltd",,50000.00,"","CF-CD1001"
,"Active","Inventory Part","5 Pcs Grinding Stone",,"Non","00001 · Hardware and tool Income","54300 · Hardware and tool","12100 · Inventory Asset",0.00,,11,"count in box (cb)","Count by the count in Pack",4300.00,"Dominus Company.Ltd",,6250.00,"","p"
,"Active","Inventory Part","16"" Magnetic Level",,"Non","00001 · Hardware and tool Income","54300 · Hardware and tool","12100 · Inventory Asset",0.00,,6,"Count In Each (ce)","Count by the Count In Each",14012.50,"Dominus Company.Ltd",,18580.11119,"","283004"
,"Active","Inventory Part","12Pcs Combination Spanner",,"Non","00001 · Hardware and tool Income","54300 · Hardware and tool","12100 · Inventory Asset",0.00,,4,"Count In Each (ce)","Count by the Count In Each",62800.00,"Dominus Company.Ltd",,68000.00,1,"191004"
,"Active","Inventory Part","17mm Combination Spaner",,"Non","00001 · Hardware and tool Income","54300 · Hardware and tool","12100 · Inventory Asset",0.00,,2,"Count In Each (ce)","Count by the Count In Each",6150.00,"Dominus Company.Ltd",,8000.00,1,"190512"
,"Active","Inventory Part","4-8mm Staple Gun",,"Non","00001 · Hardware and tool Income","54300 · Hardware and tool","12100 · Inventory Asset",0.00,,5,"Count In Each (ce)","Count by the Count In Each",26000.00,"Dominus Company.Ltd",,28299.3204,1,"170101"
,"Active","Inventory Part","4""x40 T TCT Saw Blade",,"Non","00001 · Hardware and tool Income","54300 · Hardware and tool","12100 · Inventory Asset",0.00,,0,"Count In Each (ce)","Count by the Count In Each",5300.00,"Dominus Company.Ltd",,6500.00,1,
,"Active","Inventory Part","4""x30 T TCT Saw Blade",,"Non","00001 · Hardware and tool Income","54300 · Hardware and tool","12100 · Inventory Asset",0.00,,-1,"Count In Each (ce)","Count by the Count In Each",4350.00,"Dominus Company.Ltd",,5500.00,1,
,"Active","Inventory Part","8x160 SDS Hoteche Cross",,"Non","00001 · Hardware and tool Income","54300 · Hardware and tool","12100 · Inventory Asset",0.00,,1,"Count In Each (ce)","Count by the Count In Each",2700.00,"Dominus Company.Ltd",,3800.00,1,"SDS08160H"
,"Active","Inventory Part","Electric Impact Wrench",,"Non","00001 · Hardware and tool Income","54300 · Hardware and tool","12100 · Inventory Asset",0.00,,1,"Count In Each (ce)","Count by the Count In Each",203650.00,"Dominus Company.Ltd",,230000.00,0,"P802009"
,"Active","Inventory Part","17"" Hand Riveter",,"Non","00001 · Hardware and tool Income","54300 · Hardware and tool","12100 · Inventory Asset",0.00,,4,"Count In Each (ce)","Count by the Count In Each",18950.00,"Dominus Company.Ltd",,28000.00,1,"160601"
,"Active","Inventory Part","5"" Depression Disc",,"Non","00001 · Hardware and tool Income","54300 · Hardware and tool","12100 · Inventory Asset",0.00,,9,"Count In Each (ce)","Count by the Count In Each",2450.00,"Dominus Company.Ltd",,3000.00,1,"550153"
,"Active","Inventory Part","7"" Cutting Disc",,"Non","00001 · Hardware and tool Income","54300 · Hardware and tool","12100 · Inventory Asset",0.00,,39,"Count In Each (ce)","Count by the Count In Each",2350.00,"Dominus Company.Ltd",,3000.00,1,"550104"
,"Active","Inventory Part","5"" Cutting Disc",,"Non","00001 · Hardware and tool Income","54300 · Hardware and tool","12100 · Inventory Asset",0.00,,14,"Count In Each (ce)","Count by the Count In Each",1850.00,"Dominus Company.Ltd",,2466.66661,1,"550103"
,"Active","Inventory Part","5 Pcs Screw Extractor",,"Non","00001 · Hardware and tool Income","54300 · Hardware and tool","12100 · Inventory Asset",0.00,,0.46667,"Count In Each (ce)","Count by the Count In Each",6900.00,"Dominus Company.Ltd",,7500.00,1,"610201"
,"Active","Inventory Part","8.5mm Hss Drill Bit",,"Non","00001 · Hardware and tool Income","54300 · Hardware and tool","12100 · Inventory Asset",0.00,,5,"Count In Each (ce)","Count by the Count In Each",8700.00,"Dominus Company.Ltd",,12000.00,1,"500316"
,"Active","Inventory Part","8mm Hss Drill Bit",,"Non","00001 · Hardware and tool Income","54300 · Hardware and tool","12100 · Inventory Asset",0.00,,7,"Count In Each (ce)","Count by the Count In Each",6150.00,"Dominus Company.Ltd",,7606.3832,1,"500315"
,"Active","Inventory Part","6.5mm Hss Drill Bit",,"Non","00001 · Hardware and tool Income","54300 · Hardware and tool","12100 · Inventory Asset",0.00,,41,"Count In Each (ce)","Count by the Count In Each",3050.00,"Dominus Company.Ltd",,3300.00,1,"500312"
,"Active","Inventory Part","2.5mm Hss Drill Bit",,"Non","00001 · Hardware and tool Income","54300 · Hardware and tool","12100 · Inventory Asset",0.00,,20,"Count In Each (ce)","Count by the Count In Each",1850.00,"Dominus Company.Ltd",,2261.11107,1,"500304"
,"Active","Inventory Part","1.5mm Hss Drill Bit",,"Non","00001 · Hardware and tool Income","54300 · Hardware and tool","12100 · Inventory Asset",0.00,,30,"Count In Each (ce)","Count by the Count In Each",1500.00,"Dominus Company.Ltd",,1846.1538,1,"500302"
,"Active","Inventory Part","30m Fiberglass Tape",,"Non","00001 · Hardware and tool Income","54300 · Hardware and tool","12100 · Inventory Asset",0.00,,0,"Count In Each (ce)","Count by the Count In Each",21200.00,"Dominus Company.Ltd",,25000.00,1,"281130"
,"Active","Inventory Part","7.5m Measuring Tape",,"Non","00001 · Hardware and tool Income","54300 · Hardware and tool","12100 · Inventory Asset",0.00,,3,"Count In Each (ce)","Count by the Count In Each",10850.00,"Dominus Company.Ltd",,12000.00,1,"280607"
,"Active","Inventory Part","46 pcs Socket Set",,"Non","00001 · Hardware and tool Income","54300 · Hardware and tool","12100 · Inventory Asset",0.00,,0,"count in box (cb)","Count by the count in Pack",135450.00,"Dominus Company.Ltd",,170000.00,"","202801"
,"Active","Inventory Part","Ysd 110 Head Set",,"Non","000004 · Motor cycle Income","54200 · Motor Cycle","12100 · Inventory Asset",0.00,,-1,"Count In Each (ce)","Count by the Count In Each",15000.00,"Sein Kabar",,17000.00,"",
,"Active","Inventory Part","ysd 125 Head Set",,"Non","000004 · Motor cycle Income","54200 · Motor Cycle","12100 · Inventory Asset",0.00,,0,"Count In Each (ce)","Count by the Count In Each",16600.00,"Sein Kabar",,19000.00,"","SKT00128"
,"Active","Inventory Part","7x160mm Hoteche Cross",,"Non","00001 · Hardware and tool Income","54300 · Hardware and tool","12100 · Inventory Asset",0.00,,4,"Count In Each (ce)","Count by the Count In Each",2450.00,"Dominus Company.Ltd",,3000.00,1,
,"Active","Inventory Part","8-Pattern Plastic Spray Gun",,"Non","00001 · Hardware and tool Income","54300 · Hardware and tool","12100 · Inventory Asset",0.00,,3,"Count In Each (ce)","Count by the Count In Each",8700.00,"Dominus Company.Ltd",,10000.00,1,"371002"
,"Active","Inventory Part","4mm Hss Drill Bits",,"Non","00001 · Hardware and tool Income","54300 · Hardware and tool","12100 · Inventory Asset",0.00,,23,"Count In Each (ce)","Count by the Count In Each",2000.00,"Dominus Company.Ltd",,2799.99993,1,"500307"
,"Active","Inventory Part","Spray Gun Set","....","Non","00001 · Hardware and tool Income","54300 · Hardware and tool","12100 · Inventory Asset",0.00,"....",0,"count in box (cb)","Count by the count in Pack",10450.00,"Dominus Company.Ltd",,12000.00,1,"372005"
,"Active","Inventory Part","19mm Wood Chisel Moller",,"Non","00001 · Hardware and tool Income","54300 · Hardware and tool","12100 · Inventory Asset",0.00,,5,"Count In Each (ce)","Count by the Count In Each",7100.00,"Dominus Company.Ltd",,9000.00,1,"50021907"
,"Active","Inventory Part","Screwdriver 8""",,"Non","00001 · Hardware and tool Income","54300 · Hardware and tool","12100 · Inventory Asset",0.00,,7,"Count In Each (ce)","Count by the Count In Each",4150.00,"Dominus Company.Ltd",,6587.30164,1,"241620"
,"Active","Inventory Part","Screwdriver PH1x100mm (+)Philip","..","Non","00001 · Hardware and tool Income","54300 · Hardware and tool","12100 · Inventory Asset",0.00,,29,"Count In Each (ce)","Count by the Count In Each",5650.00,"Dominus Company.Ltd",,9000.00,1,"241510(A)"
,"Active","Inventory Part","4Pcs Spray Nozzel Set",,"Non","00001 · Hardware and tool Income","54300 · Hardware and tool","12100 · Inventory Asset",0.00,,2,"count in box (cb)","Count by the count in Pack",5350.00,"Dominus Company.Ltd",,6500.00,1,"372001"
,"Active","Inventory Part","Hand Glove",,"Non","00001 · Hardware and tool Income","54300 · Hardware and tool","12100 · Inventory Asset",0.00,,3,"pair (pr)","Count by the pair",4350.00,"Dominus Company.Ltd",,5500.00,1,"430110"
,"Active","Inventory Part","6"" Combination Plier Moller",,"Non","00001 · Hardware and tool Income","54300 · Hardware and tool","12100 · Inventory Asset",0.00,,3,"Count In Each (ce)","Count by the Count In Each",2328.00,"Dominus Company.Ltd",,3000.00,1,
,"Active","Inventory Part","DC Tester",,"Non","00001 · Hardware and tool Income","54300 · Hardware and tool","12100 · Inventory Asset",0.00,,0,"Count In Each (ce)","Count by the Count In Each",1650.00,"Dominus Company.Ltd",,2538.46148,1,"286005"
,"Active","Inventory Part","9 pcs Torx Key Set",,"Non","00001 · Hardware and tool Income","54300 · Hardware and tool","12100 · Inventory Asset",0.00,,-1,"Count In Each (ce)","Count by the Count In Each",11100.00,"Dominus Company.Ltd",,13000.00,1,"260910"
,"Active","Inventory Part","4"" Turbo (Net)",,"Non","00001 · Hardware and tool Income","54300 · Hardware and tool","12100 · Inventory Asset",0.00,,0,"Count In Each (ce)","Count by the Count In Each",6600.00,"Dominus Company.Ltd",,9000.00,"",
,"Active","Inventory Part","9 Pcs Hex key Set Short",,"Non","00001 · Hardware and tool Income","54300 · Hardware and tool","12100 · Inventory Asset",0.00,,14,"Count In Each (ce)","Count by the Count In Each",14150.00,"Dominus Company.Ltd",,20000.00,1,"260408"
,"Active","Inventory Part","4"" Segmented (high)",,"Non","00001 · Hardware and tool Income","54300 · Hardware and tool","12100 · Inventory Asset",0.00,,5,"Count In Each (ce)","Count by the Count In Each",11000.00,"Dominus Company.Ltd",,15000.00,"","Ninja"
,"Active","Inventory Part","9 Pcs Hex key Set",,"Non","00001 · Hardware and tool Income","54300 · Hardware and tool","12100 · Inventory Asset",0.00,,11.2171,"Count In Each (ce)","Count by the Count In Each",21950.00,"Dominus Company.Ltd",,30000.00,1,"260610"
,"Active","Inventory Part","400 W Spray Gun",,"Non","00001 · Hardware and tool Income","54300 · Hardware and tool","12100 · Inventory Asset",0.00,,0,"count in box (cb)","Count by the count in Pack",68650.00,"Dominus Company.Ltd",,73000.00,"","P801303"
,"Active","Inventory Part","9 pcs Torx Key Set Short",,"Non","00001 · Hardware and tool Income","54300 · Hardware and tool","12100 · Inventory Asset",0.00,,0,"Count In Each (ce)","Count by the Count In Each",9250.00,"Dominus Company.Ltd",,12012.98703,"","260708"
,"Active","Inventory Part","12 Pcs Socket Set",,"Non","00001 · Hardware and tool Income","54300 · Hardware and tool","12100 · Inventory Asset",0.00,,2,"Count In Each (ce)","Count by the Count In Each",64500.00,"Dominus Company.Ltd",,70000.00,"","201901"
,"Active","Inventory Part","1/2 Ratchet 2 Colour",,"Non","00001 · Hardware and tool Income","54300 · Hardware and tool","12100 · Inventory Asset",0.00,,0,"Count In Each (ce)","Count by the Count In Each",14700.00,"Dominus Company.Ltd",,40000.00,"","200203"
,"Active","Inventory Part","12"" Square Ruler 90 Degrees Mea",,"Non","00001 · Hardware and tool Income","54300 · Hardware and tool","12100 · Inventory Asset",0.00,,0,"Count In Each (ce)","Count by the Count In Each",10250.00,"Dominus Company.Ltd",,13000.00,"","282202"
,"Active","Inventory Part","Hoteche Welding Electrode",,"Non","00001 · Hardware and tool Income","54300 · Hardware and tool","12100 · Inventory Asset",0.00,,1,"Count In Each (ce)","Count by the Count In Each",20350.00,"Dominus Company.Ltd",,23000.00,"","450150"
,"Active","Inventory Part","10"" Hand Rivets Gun 02",,"Non","00001 · Hardware and tool Income","54300 · Hardware and tool","12100 · Inventory Asset",0.00,,8,"Count In Each (ce)","Count by the Count In Each",17050.00,"Dominus Company.Ltd",,35000.00,"","160102"
,"Active","Inventory Part","10"" Hand Rivets Gun",,"Non","00001 · Hardware and tool Income","54300 · Hardware and tool","12100 · Inventory Asset",0.00,,0,"Count In Each (ce)","Count by the Count In Each",10700.00,"Dominus Company.Ltd",,15000.00,"","160101"
,"Active","Inventory Part","8mm L Type Wrench",,"Non","00001 · Hardware and tool Income","54300 · Hardware and tool","12100 · Inventory Asset",0.00,,29,"Count In Each (ce)","Count by the Count In Each",4550.00,"Dominus Company.Ltd",,8000.00,"","192103"
,"Active","Inventory Part","17mm L Type Wrench",,"Non","00001 · Hardware and tool Income","54300 · Hardware and tool","12100 · Inventory Asset",0.00,,1,"Count In Each (ce)","Count by the Count In Each",6400.00,"Dominus Company.Ltd",,7000.00,"","192112"
,"Active","Inventory Part","13mm L Type Wrench",,"Non","00001 · Hardware and tool Income","54300 · Hardware and tool","12100 · Inventory Asset",0.00,,0,"Count In Each (ce)","Count by the Count In Each",4050.00,"Dominus Company.Ltd",,4500.00,"","192108"
,"Active","Inventory Part","14mm L Type Wrench",,"Non","00001 · Hardware and tool Income","54300 · Hardware and tool","12100 · Inventory Asset",0.00,,5,"Count In Each (ce)","Count by the Count In Each",4650.00,"Dominus Company.Ltd",,5000.00,"","192109"
,"Active","Inventory Part","12mm L Type Wrench",,"Non","00001 · Hardware and tool Income","54300 · Hardware and tool","12100 · Inventory Asset",0.00,,6,"Count In Each (ce)","Count by the Count In Each",5150.00,"Dominus Company.Ltd",,7000.00,"","192107"
,"Active","Inventory Part","10mm L Type Wrench",,"Non","00001 · Hardware and tool Income","54300 · Hardware and tool","12100 · Inventory Asset",0.00,,11,"Count In Each (ce)","Count by the Count In Each",6500.00,"Dominus Company.Ltd",,10000.00,1,"192105"
,"Active","Inventory Part","11mm L Type Wrench",,"Non","00001 · Hardware and tool Income","54300 · Hardware and tool","12100 · Inventory Asset",0.00,,4,"Count In Each (ce)","Count by the Count In Each",3500.00,"Dominus Company.Ltd",,3800.00,"","192106"
,"Active","Inventory Part","9mm L Type Wrench",,"Non","00001 · Hardware and tool Income","54300 · Hardware and tool","12100 · Inventory Asset",0.00,,24,"Count In Each (ce)","Count by the Count In Each",5100.00,"Dominus Company.Ltd",,8000.00,"","192104"
,"Active","Inventory Part","19mm L Type Wrench",,"Non","00001 · Hardware and tool Income","54300 · Hardware and tool","12100 · Inventory Asset",0.00,,1,"Count In Each (ce)","Count by the Count In Each",7850.00,"Dominus Company.Ltd",,8500.00,"","192114"
,"Active","Inventory Part","10 Adjustable Plier Moller",,"Non","00001 · Hardware and tool Income","54300 · Hardware and tool","12100 · Inventory Asset",0.00,,0,"Count In Each (ce)","Count by the Count In Each",7100.00,"Dominus Company.Ltd",,10000.00,"","11911001-A"
,"Active","Inventory Part","Hunter 13mm Impact Drill",,"Non","00001 · Hardware and tool Income","54300 · Hardware and tool","12100 · Inventory Asset",0.00,,0,"Count In Each (ce)","Count by the Count In Each",21500.00,"Dominus Company.Ltd",,25000.00,"","ID007"
,"Active","Inventory Part","24mm Hammer Drill",,"Non","00001 · Hardware and tool Income","54300 · Hardware and tool","12100 · Inventory Asset",0.00,,0,"Count In Each (ce)","Count by the Count In Each",138850.00,"Dominus Company.Ltd",,150000.00,"","HD2401"
,"Active","Inventory Part","26mm Hammer Drill",,"Non","00001 · Hardware and tool Income","54300 · Hardware and tool","12100 · Inventory Asset",0.00,,0,"Count In Each (ce)","Count by the Count In Each",116250.00,"Dominus Company.Ltd",,150000.00,"","P800305"
,"Active","Inventory Part","Corolla 4"" Depress Center Wheel",,"Non","00001 · Hardware and tool Income","54300 · Hardware and tool","12100 · Inventory Asset",0.00,,0,"Count In Each (ce)","Count by the Count In Each",1400.00,"Steel Dragon",,1909.09096,"","D-7892"
,"Active","Inventory Part","Big Buddha",,"Non","000002 · Sticker Income","54400 · Sticker","12100 · Inventory Asset",0.00,,3,"Count In Each (ce)","Count by the Count In Each",300.00,"Bo Gyi Sticker",,500.00,"",
,"Active","Inventory Part","Honda Logo Sticker",,"Non","000002 · Sticker Income","54400 · Sticker","12100 · Inventory Asset",0.00,,0,"Count In Each (ce)","Count by the Count In Each",400.00,"Bo Gyi Sticker",,700.00,"",
,"Active","Inventory Part","Hand Chain Key Chain",,"Non","000002 · Sticker Income","54400 · Sticker","12100 · Inventory Asset",0.00,,0,"Count In Each (ce)","Count by the Count In Each",416.66667,"Bo Gyi Sticker",,700.00,"",
,"Active","Inventory Part","Honda Small Sticker",,"Non","000002 · Sticker Income","54400 · Sticker","12100 · Inventory Asset",0.00,,64,"Count In Each (ce)","Count by the Count In Each",35.00,"Bo Gyi Sticker",,100.00,"",
,"Active","Inventory Part","Big Reflection Sticker 2",,"Non","000002 · Sticker Income","54400 · Sticker","12100 · Inventory Asset",0.00,,1,"Count In Each (ce)","Count by the Count In Each",1000.00,"Bo Gyi Sticker",,1500.00,"",
,"Active","Inventory Part","Big Reflection Sticker",,"Non","000002 · Sticker Income","54400 · Sticker","12100 · Inventory Asset",0.00,,2,"Count In Each (ce)","Count by the Count In Each",2000.00,"Bo Gyi Sticker",,2500.00,"",
,"Active","Inventory Part","Kamar Sticker",,"Non","000002 · Sticker Income","54400 · Sticker","12100 · Inventory Asset",0.00,,189.70356,"Count In Each (ce)","Count by the Count In Each",400.00,"Bo Gyi Sticker",,800.00,"",
,"Active","Inventory Part","FZ Front Tire",,"Non","000004 · Motor cycle Income","54200 · Motor Cycle","12100 · Inventory Asset",0.00,,0,"Count In Each (ce)","Count by the Count In Each",30000.00,"Thar Aung & Bros",,35000.00,"",
,"Active","Inventory Part","MTTCT Rivets Gun Best",,"Non","00001 · Hardware and tool Income","54300 · Hardware and tool","12100 · Inventory Asset",0.00,,0,"Count In Each (ce)","Count by the Count In Each",11500.00,"Raja",,15000.00,"",
,"Active","Inventory Part","Speed Metal Z2 SAE 20W50",,"Non","000008 · Lubricant and Oil Income","Lubricant and Oil","12100 · Inventory Asset",0.00,,5,"Count In Each (ce)","Count by the Count In Each",5700.00,"Speed Machine Internation Co.LTD",,8000.00,1,
,"Active","Inventory Part","Speed Metal Z2 Red",,"Non","000008 · Lubricant and Oil Income","Lubricant and Oil","12100 · Inventory Asset",0.00,,1.27273,"Count In Each (ce)","Count by the Count In Each",7700.00,"Speed Machine Internation Co.LTD",,11000.00,1,
,"Active","Inventory Part","Speed Metal Z2 Green",,"Non","000008 · Lubricant and Oil Income","Lubricant and Oil","12100 · Inventory Asset",0.00,,2.81818,"Count In Each (ce)","Count by the Count In Each",7700.00,"Speed Machine Internation Co.LTD",,11000.00,1,
,"Active","Inventory Part","Clutch Set MDY King",,"Non","000004 · Motor cycle Income","54200 · Motor Cycle","12100 · Inventory Asset",0.00,,0,"Count In Each (ce)","Count by the Count In Each",10000.00,"MDY KING",,11000.00,"",
,"Active","Inventory Part","States 20W50",,"Non","000008 · Lubricant and Oil Income","Lubricant and Oil","12100 · Inventory Asset",0.00,,0,"Count In Each (ce)","Count by the Count In Each",3627.00,"Proven International Co.,Ltd",,4000.00,"",
,"Active","Inventory Part","Fork Lock",,"Non","000004 · Motor cycle Income","54200 · Motor Cycle","12100 · Inventory Asset",0.00,,2,"Count In Each (ce)","Count by the Count In Each",3100.00,"MH",,4000.00,1,
,"Active","Inventory Part","Chain Path Line 2",,"Non","000004 · Motor cycle Income","54200 · Motor Cycle","12100 · Inventory Asset",0.00,,15,"Count In Each (ce)","Count by the Count In Each",450.00,"MH",,800.00,1,
,"Active","Inventory Part","125 Body Start Clutch KYK 1",,"Non","000004 · Motor cycle Income","54200 · Motor Cycle","12100 · Inventory Asset",0.00,,6,"Count In Each (ce)","Count by the Count In Each",1550.00,"Thar Aung & Bros",,2500.00,"",
,"Active","Inventory Part","Jelly Sticker",,"Non","000002 · Sticker Income","54400 · Sticker","12100 · Inventory Asset",0.00,,36,"Count In Each (ce)","Count by the Count In Each",700.00,"Bo Gyi Sticker",,1000.00,1,
,"Active","Inventory Part","Exhaust Sticker 3",,"Non","000002 · Sticker Income","54400 · Sticker","12100 · Inventory Asset",0.00,,6,"Count In Each (ce)","Count by the Count In Each",400.00,"Bo Gyi Sticker",,700.00,1,
,"Active","Inventory Part","10x2 Cover Nut",,"Non","000003 · Bolt and Nut Income","54520 · Bolt and Nut","12100 · Inventory Asset",0.00,,331,"Count In Each (ce)","Count by the Count In Each",30.00,"Roberts & Bros",,50.00,1,
,"Active","Inventory Part","W-100 Center Carrier",,"Non","000004 · Motor cycle Income","54200 · Motor Cycle","12100 · Inventory Asset",0.00,,1,"Count In Each (ce)","Count by the Count In Each",3400.00,"Sein Kabar",,4000.00,"",
,"Active","Inventory Part","HMA 125 Brake Hub Rubber",,"Non","000004 · Motor cycle Income","54200 · Motor Cycle","12100 · Inventory Asset",0.00,,0,"Count In Each (ce)","Count by the Count In Each",1100.00,"Sein Kabar",,1500.00,1,
,"Active","Inventory Part","CZI Center Carrier 2",,"Non","000004 · Motor cycle Income","54200 · Motor Cycle","12100 · Inventory Asset",0.00,,1,"Count In Each (ce)","Count by the Count In Each",3300.00,"Sein Kabar",,4000.00,"",
,"Active","Inventory Part","CZI Center Carrier",,"Non","000004 · Motor cycle Income","54200 · Motor Cycle","12100 · Inventory Asset",0.00,,1,"Count In Each (ce)","Count by the Count In Each",2450.00,"Sein Kabar",,3500.00,"",
,"Active","Inventory Part","Three Bond RTV Silicone",,"Non","00001 · Hardware and tool Income","54300 · Hardware and tool","12100 · Inventory Asset",0.00,,0,"Count In Each (ce)","Count by the Count In Each",3800.00,"Denso Service",,4500.00,"",
,"Active","Inventory Part","9T BerryLion",,"Non","00001 · Hardware and tool Income","54300 · Hardware and tool","12100 · Inventory Asset",0.00,,6,"Count In Each (ce)","Count by the Count In Each",1300.00,"Raja",,2500.00,1,
,"Active","Inventory Part","12.5mm Twisted Drill",,"Non","00001 · Hardware and tool Income","54300 · Hardware and tool","12100 · Inventory Asset",0.00,,5,"Count In Each (ce)","Count by the Count In Each",12500.00,"Raja",,15000.00,1,
,"Active","Inventory Part","18 V Drill",,"Non","00001 · Hardware and tool Income","54300 · Hardware and tool","12100 · Inventory Asset",0.00,,0,"Count In Each (ce)","Count by the Count In Each",57000.00,"Raja",,60000.00,1,
,"Active","Inventory Part","25 V Battery Parts",,"Non","54300 · Hardware and tool","54300 · Hardware and tool","12100 · Inventory Asset",0.00,,2,"Count In Each (ce)","Count by the Count In Each",16500.00,"Raja",,18000.00,0,
,"Active","Inventory Part","Esicut Green Cutting Wheel 2",,"Non","00001 · Hardware and tool Income","54300 · Hardware and tool","12100 · Inventory Asset",0.00,,0,"Count In Each (ce)","Count by the Count In Each",180.00,"Raja",,300.00,1,
,"Active","Inventory Part","Led 18Bulbs White",,"Non","000004 · Motor cycle Income","54200 · Motor Cycle","12100 · Inventory Asset",0.00,,0,"Count In Each (ce)","Count by the Count In Each",3500.00,"MH",,4000.00,"",
,"Active","Inventory Part","Led 12 Bulbs Small",,"Non","000004 · Motor cycle Income","54200 · Motor Cycle","12100 · Inventory Asset",0.00,,0,"Count In Each (ce)","Count by the Count In Each",3500.00,"MH",,4500.00,"",
,"Active","Inventory Part","Snail Horn",,"Non","000004 · Motor cycle Income","54200 · Motor Cycle","12100 · Inventory Asset",0.00,,0,"Count In Each (ce)","Count by the Count In Each",4200.00,"MH",,5000.00,"",
,"Active","Inventory Part","Led 6 Bulb Line 2",,"Non","000004 · Motor cycle Income","54200 · Motor Cycle","12100 · Inventory Asset",0.00,,198,"Count In Each (ce)","Count by the Count In Each",300.00,"MH",,600.00,1,
,"Active","Inventory Part","Fancy L Key Bolt",,"Non","000004 · Motor cycle Income","54200 · Motor Cycle","12100 · Inventory Asset",0.00,,1,"pair (pr)","Count by the pair",500.00,"MH",,800.00,1,
,"Active","Inventory Part","Steering Handle Nut 2",,"Non","000004 · Motor cycle Income","54200 · Motor Cycle","12100 · Inventory Asset",0.00,,8,"Count In Each (ce)","Count by the Count In Each",1500.00,"MH",,2000.00,1,
,"Active","Inventory Part","Air Filter Pipe Clip",,"Non","000004 · Motor cycle Income","54200 · Motor Cycle","12100 · Inventory Asset",0.00,,2,"Count In Each (ce)","Count by the Count In Each",230.00,"MH",,300.00,1,
,"Active","Inventory Part","Fancy Bolt Head Cover",,"Non","000004 · Motor cycle Income","54200 · Motor Cycle","12100 · Inventory Asset",0.00,,5,"Count In Each (ce)","Count by the Count In Each",750.00,"MH",,1000.00,1,
,"Active","Inventory Part","10AMP Fuse Thai",,"Non","000004 · Motor cycle Income","54200 · Motor Cycle","12100 · Inventory Asset",0.00,,45,"Count In Each (ce)","Count by the Count In Each",80.00,"MH",,200.00,1,
,"Active","Inventory Part","rear Passenger Bar Cover",,"Non","000004 · Motor cycle Income","54200 · Motor Cycle","12100 · Inventory Asset",0.00,,-3,"Count In Each (ce)","Count by the Count In Each",1800.00,"MH",,2500.00,"",
,"Active","Inventory Part","Argon Tunnsten Electrode",,"Non","00001 · Hardware and tool Income","54300 · Hardware and tool","12100 · Inventory Asset",0.00,,3.5,"Count In Each (ce)","Count by the Count In Each",5500.00,"Steel Dragon",,6500.00,1,
,"Active","Inventory Part","Argon Electrode Tip Collect",,"Non","00001 · Hardware and tool Income","54300 · Hardware and tool","12100 · Inventory Asset",0.00,,20,"Count In Each (ce)","Count by the Count In Each",120.00,"Steel Dragon",,200.00,1,
,"Active","Inventory Part","Argon Electrode Tip Set",,"Non","00001 · Hardware and tool Income","54300 · Hardware and tool","12100 · Inventory Asset",0.00,,1,"Count In Each (ce)","Count by the Count In Each",2200.00,"Steel Dragon",,3000.00,1,
,"Active","Inventory Part","Argon Electrode Tip Shield Cup",,"Non","00001 · Hardware and tool Income","54300 · Hardware and tool","12100 · Inventory Asset",0.00,,55,"Count In Each (ce)","Count by the Count In Each",100.00,"Steel Dragon",,300.00,"","D-4170"
,"Active","Inventory Part","W.P.C Power",,"Non","00001 · Hardware and tool Income","54300 · Hardware and tool","12100 · Inventory Asset",0.00,,5,"Count In Each (ce)","Count by the Count In Each",1700.00,"Steel Dragon",,2500.00,1,
,"Active","Inventory Part","Ptt Brake oil .5Ltr",,"Non","000008 · Lubricant and Oil Income","Lubricant and Oil","12100 · Inventory Asset",0.00,,0,"Count In Each (ce)","Count by the Count In Each",9300.00,"Tunn Star",,10539.99969,1,
,"Active","Inventory Part","11x2 Fan",,"Non","000005 · Diesel Engine Income","54000 · Diesel","12100 · Inventory Asset",0.00,,1,"Count In Each (ce)","Count by the Count In Each",2450.00,"MyintMya",,3000.00,"",
,"Active","Inventory Part","22 Crank Bush 2",,"Non","000005 · Diesel Engine Income","54000 · Diesel","12100 · Inventory Asset",0.00,,6,"Count In Each (ce)","Count by the Count In Each",1200.00,"MyintMya",,2000.00,"",
,"Active","Inventory Part","B 80 Thai","..","Non","000005 · Diesel Engine Income","54000 · Diesel","12100 · Inventory Asset",0.00,,0,"Count In Each (ce)","Count by the Count In Each",2480.00,"Maw",,3500.00,1,
,"Active","Inventory Part","B 40 Thai",,"Non","000005 · Diesel Engine Income","54000 · Diesel","12100 · Inventory Asset",0.00,,0,"Count In Each (ce)","Count by the Count In Each",1360.00,"Maw",,2000.00,"",
,"Active","Inventory Part","CNG Wheel Valve",,"Non","00001 · Hardware and tool Income","54300 · Hardware and tool","12100 · Inventory Asset",0.00,,4,"Count In Each (ce)","Count by the Count In Each",5000.00,"Steel Dragon",,6000.00,0,
,"Active","Inventory Part","Grease Box",,"Non","000008 · Lubricant and Oil Income","Lubricant and Oil","12100 · Inventory Asset",0.00,,17,"Count In Each (ce)","Count by the Count In Each",1000.00,"9M 7839",,1500.00,1,
,"Active","Inventory Part","5mm Steel Twisted Drill",,"Non","00001 · Hardware and tool Income","54300 · Hardware and tool","12100 · Inventory Asset",0.00,,2,"Count In Each (ce)","Count by the Count In Each",1425.00,"Steel Dragon",,2700.00,1,"D-3500"
,"Active","Inventory Part","4mm Steel Twisted Drill",,"Non","00001 · Hardware and tool Income","54300 · Hardware and tool","12100 · Inventory Asset",0.00,,6,"Count In Each (ce)","Count by the Count In Each",1250.00,"Steel Dragon",,2343.75,1,"D-3485"
,"Active","Inventory Part","6004 DD NSK",,"Non","000007 · Ball & Bearing","54599 · Ball and Bearing","12100 · Inventory Asset",0.00,,8,"Count In Each (ce)","Count by the Count In Each",950.00,"Super",,1461.53843,1,
,"Active","Inventory Part","Rubber Packing Medium",,"Non","00001 · Hardware and tool Income","54300 · Hardware and tool","12100 · Inventory Asset",0.00,,13.4,"Count In Each (ce)","Count by the Count In Each",1800.00,"Super",,2500.00,1,
,"Active","Inventory Part","6307DD Japan",,"Non","000007 · Ball & Bearing","54599 · Ball and Bearing","12100 · Inventory Asset",0.00,,3,"Count In Each (ce)","Count by the Count In Each",5850.00,"Super",,8500.00,"",
,"Active","Inventory Part","Wax Queen Power Oil",,"Non","000008 · Lubricant and Oil Income","Lubricant and Oil","12100 · Inventory Asset",0.00,,-1,"Count In Each (ce)","Count by the Count In Each",750.00,"Wax Queen",,1000.00,0,
,"Active","Inventory Part","Wax Queen Leather Polish",,"Non","000008 · Lubricant and Oil Income","Lubricant and Oil","12100 · Inventory Asset",0.00,,0,"Count In Each (ce)","Count by the Count In Each",1400.00,"Wax Queen",,2000.00,0,
,"Active","Inventory Part","625 HCH",,"Non","000007 · Ball & Bearing","000007 · Ball & Bearing","12100 · Inventory Asset",0.00,,10,"Count In Each (ce)","Count by the Count In Each",650.00,"Super",,800.00,1,
,"Active","Inventory Part","6003",,"Non","000007 · Ball & Bearing","54599 · Ball and Bearing","12100 · Inventory Asset",0.00,,0,"Count In Each (ce)","Count by the Count In Each",480.00,"Super",,600.00,1,
,"Active","Inventory Part","6002",,"Non","000007 · Ball & Bearing","54599 · Ball and Bearing","12100 · Inventory Asset",0.00,,6,"Count In Each (ce)","Count by the Count In Each",425.00,"Super",,600.00,0,
,"Active","Inventory Part","6001",,"Non","000007 · Ball & Bearing","54599 · Ball and Bearing","12100 · Inventory Asset",0.00,,2,"Count In Each (ce)","Count by the Count In Each",500.00,"Super",,800.00,1,
,"Active","Inventory Part","Hero SAE 50 CF/SD",,"Non","000008 · Lubricant and Oil Income","Lubricant and Oil","12100 · Inventory Asset",0.00,,0,"Count In Each (ce)","Count by the Count In Each",10916.66667,"Tip Top",,20000.00,1,
,"Active","Inventory Part","States Pro 4T SAE 40",,"Non","000008 · Lubricant and Oil Income","Lubricant and Oil","12100 · Inventory Asset",0.00,,8,"Count In Each (ce)","Count by the Count In Each",3053.00,"Proven International Co.,Ltd",,3500.00,0,
,"Active","Inventory Part","States Gear Oil GlL-1 SAE 90",,"Non","000008 · Lubricant and Oil Income","Lubricant and Oil","12100 · Inventory Asset",0.00,,8,"Count In Each (ce)","Count by the Count In Each",5050.00,"Proven International Co.,Ltd",,6321.90765,0,
,"Active","Inventory Part","States RG303 Grease",,"Non","000008 · Lubricant and Oil Income","Lubricant and Oil","12100 · Inventory Asset",0.00,,0,"Count In Each (ce)","Count by the Count In Each",1591.00,"Proven International Co.,Ltd",,3000.00,0,
,"Active","Inventory Part","Brick Twist Drill 6mm CH",,"Non","00001 · Hardware and tool Income","54300 · Hardware and tool","12100 · Inventory Asset",0.00,,7,"Count In Each (ce)","Count by the Count In Each",1000.00,"Steel Dragon",,1300.00,0,
,"Active","Inventory Part","8.5mm Steel Twist Drill",,"Non","00001 · Hardware and tool Income","54300 · Hardware and tool","12100 · Inventory Asset",0.00,,5,"Count In Each (ce)","Count by the Count In Each",5300.00,"Steel Dragon",,6625.00,0,"D-3540"
,"Active","Inventory Part","7mm Steel Twist Drill",,"Non","00001 · Hardware and tool Income","54300 · Hardware and tool","12100 · Inventory Asset",0.00,,1,"Count In Each (ce)","Count by the Count In Each",3650.00,"Steel Dragon",,6112.44038,0,"D-3525"
,"Active","Inventory Part","YSD EFI On Off",,"Non","000004 · Motor cycle Income","54200 · Motor Cycle","12100 · Inventory Asset",0.00,,39,"Count In Each (ce)","Count by the Count In Each",300.00,"Sein Kabar",,500.00,0,"SKT00176"
,"Active","Inventory Part","Sonic Halmet",,"Non","000004 · Motor cycle Income","54200 · Motor Cycle","12100 · Inventory Asset",0.00,,0,"Count In Each (ce)","Count by the Count In Each",11000.00,"Sein Kabar",,13000.00,"",
,"Active","Inventory Part","KSS Timing Chain 90L",,"Non","000004 · Motor cycle Income","54200 · Motor Cycle","12100 · Inventory Asset",0.00,,2,"Count In Each (ce)","Count by the Count In Each",8375.00,"Sein Kabar",,11000.00,0,
,"Active","Inventory Part","KFM Timing Chain 84L",,"Non","000004 · Motor cycle Income","54200 · Motor Cycle","12100 · Inventory Asset",0.00,,3,"Count In Each (ce)","Count by the Count In Each",3225.00,"Sein Kabar",,5000.00,0,
,"Active","Inventory Part","KFM Timing Chain 88L",,"Non","000004 · Motor cycle Income","54200 · Motor Cycle","12100 · Inventory Asset",0.00,,0,"Count In Each (ce)","Count by the Count In Each",3650.00,"Sein Kabar",,5000.00,0,
,"Active","Inventory Part","SLL X 125 Rear Short Absorber",,"Non","000004 · Motor cycle Income","54200 · Motor Cycle","12100 · Inventory Asset",0.00,,1,"Count In Each (ce)","Count by the Count In Each",14200.00,"Sein Kabar",,16000.00,1,
,"Active","Inventory Part","DID 428-106 Chain",,"Non","000004 · Motor cycle Income","54200 · Motor Cycle","12100 · Inventory Asset",0.00,,6,"Count In Each (ce)","Count by the Count In Each",2575.00,"Sein Kabar",,3000.00,0,"SKT00681"
,"Active","Inventory Part","Rider Glove 4",,"Non","000004 · Motor cycle Income","54200 · Motor Cycle","12100 · Inventory Asset",0.00,,5,"Count In Each (ce)","Count by the Count In Each",7500.00,"Thar Aung & Bros",,8124.99975,0,
,"Active","Inventory Part","Rider Glove 3",,"Non","000004 · Motor cycle Income","54200 · Motor Cycle","12100 · Inventory Asset",0.00,,2,"Count In Each (ce)","Count by the Count In Each",5600.00,"Thar Aung & Bros",,6222.22216,0,
,"Active","Inventory Part","Rider Glove 2",,"Non","000004 · Motor cycle Income","54200 · Motor Cycle","12100 · Inventory Asset",0.00,,2,"Count In Each (ce)","Count by the Count In Each",1780.00,"Thar Aung & Bros",,2500.00,0,
,"Active","Inventory Part","Rider Glove",,"Non","000004 · Motor cycle Income","54200 · Motor Cycle","12100 · Inventory Asset",0.00,,2,"Count In Each (ce)","Count by the Count In Each",1380.00,"Thar Aung & Bros",,2000.00,0,
,"Active","Inventory Part","Jaw cover Halmet",,"Non","000004 · Motor cycle Income","54200 · Motor Cycle","12100 · Inventory Asset",0.00,,1,"Count In Each (ce)","Count by the Count In Each",7800.00,"Thar Aung & Bros",,8500.00,0,
,"Active","Inventory Part","Clean tape 2",,"Non","00001 · Hardware and tool Income","54300 · Hardware and tool","12100 · Inventory Asset",0.00,,54,"Count In Each (ce)","Count by the Count In Each",220.83333,"Raja",,500.00,0,
,"Active","Inventory Part","Silicon Gun",,"Non","00001 · Hardware and tool Income","54300 · Hardware and tool","12100 · Inventory Asset",0.00,,-1,"Count In Each (ce)","Count by the Count In Each",1500.00,"Raja",,3000.00,0,
,"Active","Inventory Part","Silicon Glue",,"Non","00001 · Hardware and tool Income","54300 · Hardware and tool","12100 · Inventory Asset",0.00,,-2,"Count In Each (ce)","Count by the Count In Each",2250.00,"Raja",,3500.00,0,"Silicone-0061"
,"Active","Inventory Part","Welding Auto Cover Glove Long",,"Non","00001 · Hardware and tool Income","54300 · Hardware and tool","12100 · Inventory Asset",0.00,,5,"Count In Each (ce)","Count by the Count In Each",3500.00,"Raja",,4500.00,0,
,"Active","Inventory Part","Tool KIt Metal 3",,"Non","00001 · Hardware and tool Income","54300 · Hardware and tool","12100 · Inventory Asset",0.00,,0,"Count In Each (ce)","Count by the Count In Each",55000.00,"Raja",,78571.427,"",
,"Active","Inventory Part","Double Open Wrench 20x22",,"Non","00001 · Hardware and tool Income","54300 · Hardware and tool","12100 · Inventory Asset",0.00,,5,"Count In Each (ce)","Count by the Count In Each",1600.00,"Raja",,2000.00,0,
,"Active","Inventory Part","19x19 Stud Bolt",,"Non","000003 · Bolt and Nut Income","54520 · Bolt and Nut","12100 · Inventory Asset",0.00,,-8,"Count In Each (ce)","Count by the Count In Each",230.00,"Roberts & Bros",,400.00,0,
,"Active","Inventory Part","14x14 Stub Bolt",,"Non","000003 · Bolt and Nut Income","54520 · Bolt and Nut","12100 · Inventory Asset",0.00,,71,"Count In Each (ce)","Count by the Count In Each",125.00,"Roberts & Bros",,250.00,0,
,"Active","Inventory Part","6.5mm Steel Twist Drill",,"Non","00001 · Hardware and tool Income","54300 · Hardware and tool","12100 · Inventory Asset",0.00,,14,"Count In Each (ce)","Count by the Count In Each",3200.00,"Steel Dragon",,4210.5264,1,"D-3520"
,"Active","Inventory Part","6mm Steel Twist Drill",,"Non","00001 · Hardware and tool Income","54300 · Hardware and tool","12100 · Inventory Asset",0.00,,8,"Count In Each (ce)","Count by the Count In Each",2800.00,"Steel Dragon",,4117.64696,1,"D-3515"
,"Active","Inventory Part","4.5mm Steel Twist Drill",,"Non","00001 · Hardware and tool Income","54300 · Hardware and tool","12100 · Inventory Asset",0.00,,4,"Count In Each (ce)","Count by the Count In Each",900.00,"Steel Dragon",,2500.00,1,"D-3495"
,"Active","Inventory Part","3.5mm Steel Twist Drill",,"Non","00001 · Hardware and tool Income","54300 · Hardware and tool","12100 · Inventory Asset",0.00,,21,"Count In Each (ce)","Count by the Count In Each",1000.00,"Steel Dragon",,1800.00,1,"D-3480"
,"Active","Inventory Part","3mm Steel Twisted Drill",,"Non","00001 · Hardware and tool Income","54300 · Hardware and tool","12100 · Inventory Asset",0.00,,14,"Count In Each (ce)","Count by the Count In Each",850.00,"Steel Dragon",,1236.36368,"","D-3470"
,"Active","Inventory Part","Pipe Clip 11-16mm 1/2-5/8",,"Non","00001 · Hardware and tool Income","54300 · Hardware and tool","12100 · Inventory Asset",0.00,,25,"Count In Each (ce)","Count by the Count In Each",160.00,"Raja",,300.00,0,
,"Active","Inventory Part","2 Way Umbrella Brush",,"Non","00001 · Hardware and tool Income","54300 · Hardware and tool","12100 · Inventory Asset",0.00,,36,"Count In Each (ce)","Count by the Count In Each",200.00,"Raja",,500.00,1,
,"Active","Inventory Part","Dr 125 Exhaust Pipe",,"Non","000004 · Motor cycle Income","54200 · Motor Cycle","12100 · Inventory Asset",0.00,,0,"Count In Each (ce)","Count by the Count In Each",3300.00,"MH",,4000.00,"",
,"Active","Inventory Part","W 125 Exhaust Pipe",,"Non","000004 · Motor cycle Income","54200 · Motor Cycle","12100 · Inventory Asset",0.00,,0,"Count In Each (ce)","Count by the Count In Each",3300.00,"MH",,4000.00,0,
,"Active","Inventory Part","Connecting",,"Non","000004 · Motor cycle Income","54200 · Motor Cycle","12100 · Inventory Asset",0.00,,-5,"Count In Each (ce)","Count by the Count In Each",3000.00,"MH",,3500.00,0,
,"Active","Inventory Part","125 Front Brond",,"Non","000004 · Motor cycle Income","54200 · Motor Cycle","12100 · Inventory Asset",0.00,,0,"Count In Each (ce)","Count by the Count In Each",8800.00,"MH",,10000.00,0,
,"Active","Inventory Part","110 Rear Brond",,"Non","000004 · Motor cycle Income","54200 · Motor Cycle","12100 · Inventory Asset",0.00,,0,"Count In Each (ce)","Count by the Count In Each",7900.00,"MH",,10000.00,0,"SKT00012"
,"Active","Inventory Part","110 Front Brond",,"Non","000004 · Motor cycle Income","54200 · Motor Cycle","12100 · Inventory Asset",0.00,,-1,"Count In Each (ce)","Count by the Count In Each",7900.00,"MH",,10000.00,0,"SKT01017"
,"Active","Inventory Part","110 Rear Brake Hub Cover",,"Non","000004 · Motor cycle Income","54200 · Motor Cycle","12100 · Inventory Asset",0.00,,0,"Count In Each (ce)","Count by the Count In Each",2370.00,"MH",,3500.00,0,"SKT00141"
,"Active","Inventory Part","110 Full Set 7",,"Non","000004 · Motor cycle Income","54200 · Motor Cycle","12100 · Inventory Asset",0.00,,0,"Count In Each (ce)","Count by the Count In Each",1300.00,"MH",,2000.00,0,
,"Active","Inventory Part","125 Full Set 7",,"Non","000004 · Motor cycle Income","54200 · Motor Cycle","12100 · Inventory Asset",0.00,,0,"Count In Each (ce)","Count by the Count In Each",1300.00,"MH",,2000.00,0,
,"Active","Inventory Part","Hat Design Led 6 Bulbs",,"Non","000004 · Motor cycle Income","54200 · Motor Cycle","12100 · Inventory Asset",0.00,,-1,"Count In Each (ce)","Count by the Count In Each",1300.00,"MH",,2000.00,"",
,"Active","Inventory Part","Hat Design Led 4 Bulbs",,"Non","000004 · Motor cycle Income","54200 · Motor Cycle","12100 · Inventory Asset",0.00,,1,"Count In Each (ce)","Count by the Count In Each",1100.00,"MH",,1500.00,0,
,"Active","Inventory Part","Led Front Light  With Fan RDT",,"Non","000004 · Motor cycle Income","54200 · Motor Cycle","12100 · Inventory Asset",0.00,,0,"Count In Each (ce)","Count by the Count In Each",13000.00,"MH",,15000.00,"",
,"Active","Inventory Part","Led 9 Bulbs",,"Non","000004 · Motor cycle Income","54200 · Motor Cycle","12100 · Inventory Asset",0.00,,6,"Count In Each (ce)","Count by the Count In Each",1500.00,"MH",,2500.00,0,
,"Active","Inventory Part","LED 6 Bulb Twin",,"Non","000004 · Motor cycle Income","54200 · Motor Cycle","12100 · Inventory Asset",0.00,,2,"Count In Each (ce)","Count by the Count In Each",3200.00,"MH",,4000.00,0,
,"Active","Inventory Part","Led 12 Bulbs Square",,"Non","000004 · Motor cycle Income","54200 · Motor Cycle","12100 · Inventory Asset",0.00,,0,"Count In Each (ce)","Count by the Count In Each",3800.00,"MH",,5000.00,0,
,"Active","Inventory Part","Long Box Spaner 18",,"Non","00001 · Hardware and tool Income","54300 · Hardware and tool","12100 · Inventory Asset",0.00,,26,"Count In Each (ce)","Count by the Count In Each",1500.00,"Raja",,3500.00,0,
,"Active","Inventory Part","275-17 BMD Stone Tube",,"Non","000004 · Motor cycle Income","54200 · Motor Cycle","12100 · Inventory Asset",0.00,,0,"Count In Each (ce)","Count by the Count In Each",2200.00,"Sein Kabar",,2500.00,"",
,"Active","Inventory Part","225-17 BMD Stone Tube",,"Non","000004 · Motor cycle Income","54200 · Motor Cycle","12100 · Inventory Asset",0.00,,3,"Count In Each (ce)","Count by the Count In Each",1700.00,"Sein Kabar",,2000.00,0,
,"Active","Inventory Part","250-17 BMD Stone Tube",,"Non","000004 · Motor cycle Income","54200 · Motor Cycle","12100 · Inventory Asset",0.00,,2,"Count In Each (ce)","Count by the Count In Each",1870.00,"Sein Kabar",,2300.00,0,
,"Active","Inventory Part","Startor motor Carbon Set 1",,"Non","000004 · Motor cycle Income","54200 · Motor Cycle","12100 · Inventory Asset",0.00,,9,"Count In Each (ce)","Count by the Count In Each",200.00,"Sein Kabar",,300.00,0,
,"Active","Inventory Part","ysd Ring .50",,"Non","000004 · Motor cycle Income","54200 · Motor Cycle","12100 · Inventory Asset",0.00,,0,"Count In Each (ce)","Count by the Count In Each",1675.00,"Sein Kabar",,2000.00,0,
,"Active","Inventory Part","Ysd Piston .50",,"Non","000004 · Motor cycle Income","54200 · Motor Cycle","12100 · Inventory Asset",0.00,,0,"Count In Each (ce)","Count by the Count In Each",2650.00,"Sein Kabar",,3000.00,0,
,"Active","Inventory Part","JPR Brake Shoe",,"Non","000004 · Motor cycle Income","54200 · Motor Cycle","12100 · Inventory Asset",0.00,,-1,"Count In Each (ce)","Count by the Count In Each",1100.00,"Sein Kabar",,1500.00,0,
,"Active","Inventory Part","C Sonic Halmet",,"Non","000004 · Motor cycle Income","54200 · Motor Cycle","12100 · Inventory Asset",0.00,,1,"Count In Each (ce)","Count by the Count In Each",5500.00,"Sein Kabar",,6500.00,0,
,"Active","Inventory Part","602 Halmet",,"Non","000004 · Motor cycle Income","54200 · Motor Cycle","12100 · Inventory Asset",0.00,,1,"Count In Each (ce)","Count by the Count In Each",7200.00,"Sein Kabar",,10000.00,0,
,"Active","Inventory Part","Ysd Horn switch",,"Non","000004 · Motor cycle Income","54200 · Motor Cycle","12100 · Inventory Asset",0.00,,53,"Count In Each (ce)","Count by the Count In Each",550.00,"Sein Kabar",,1018.51855,0,
,"Active","Inventory Part","4.2x11/4"" Self Drill",,"Non","000003 · Bolt and Nut Income","54520 · Bolt and Nut","12100 · Inventory Asset",0.00,,403,"Count In Each (ce)","Count by the Count In Each",10.00,"Roberts & Bros",,20.00,0,
,"Active","Inventory Part","Tappet Nut",,"Non","000004 · Motor cycle Income","54200 · Motor Cycle","12100 · Inventory Asset",0.00,,17,"Count In Each (ce)","Count by the Count In Each",200.00,"Thar Aung & Bros",,300.00,0,
,"Active","Inventory Part","14xPlain Washer small",,"Non","000003 · Bolt and Nut Income","54520 · Bolt and Nut","12100 · Inventory Asset",0.00,,598,"Count In Each (ce)","Count by the Count In Each",7.00,"Roberts & Bros",,10.00,0,
,"Active","Inventory Part","Gear Padel 3",,"Non","000004 · Motor cycle Income","54200 · Motor Cycle","12100 · Inventory Asset",0.00,,1,"Count In Each (ce)","Count by the Count In Each",2200.00,"Ko Ye Htet",,3000.00,0,
,"Active","Inventory Part","Led String Bulb 2",,"Non","000004 · Motor cycle Income","54200 · Motor Cycle","12100 · Inventory Asset",0.00,,19,"Count In Each (ce)","Count by the Count In Each",780.00,"Ko Ye Htet",,1000.00,0,
,"Active","Inventory Part","Smile Reflection Sticker2",,"Non","000002 · Sticker Income","54400 · Sticker","12100 · Inventory Asset",0.00,,1,"Count In Each (ce)","Count by the Count In Each",150.00,"Bo Bo Sticker",,250.00,0,
,"Active","Inventory Part","honda Big Sticker",,"Non","000002 · Sticker Income","54400 · Sticker","12100 · Inventory Asset",0.00,,89.25,"Count In Each (ce)","Count by the Count In Each",100.00,"Bo Bo Sticker",,200.00,0,
,"Active","Inventory Part","175 Piston Ring CYPR",,"Non","000005 · Diesel Engine Income","54000 · Diesel","12100 · Inventory Asset",0.00,,6,"Count In Each (ce)","Count by the Count In Each",1501.00,"MyintMya",,2000.00,"",
,"Active","Inventory Part","22 Nozzel Y",,"Non","000005 · Diesel Engine Income","54000 · Diesel","12100 · Inventory Asset",0.00,,9,"Count In Each (ce)","Count by the Count In Each",1950.00,"MyintMya",,2500.00,"",
,"Active","Inventory Part","22 Connecting Rod Bearing .25",,"Non","000005 · Diesel Engine Income","54000 · Diesel","12100 · Inventory Asset",0.00,,9,"Count In Each (ce)","Count by the Count In Each",470.00,"MyintMya",,700.00,"",
,"Active","Inventory Part","DF Clutch Assy Mouth Small",,"Non","000005 · Diesel Engine Income","54000 · Diesel","12100 · Inventory Asset",0.00,,10,"Count In Each (ce)","Count by the Count In Each",160.00,"MyintMya",,300.00,"",
,"Active","Inventory Part","4"" Abarasive Grinder Cover",,"Non","00001 · Hardware and tool Income","54300 · Hardware and tool","12100 · Inventory Asset",0.00,,4,"Count In Each (ce)","Count by the Count In Each",1000.00,"Han Asia",,2500.00,0,
,"Active","Inventory Part","Tap Handle 280 Ch",,"Non","00001 · Hardware and tool Income","54300 · Hardware and tool","12100 · Inventory Asset",0.00,,0,"Count In Each (ce)","Count by the Count In Each",6300.00,"Han Asia",,8500.00,0,
,"Active","Inventory Part","Tap Handle Best 2",,"Non","00001 · Hardware and tool Income","54300 · Hardware and tool","12100 · Inventory Asset",0.00,,1,"Count In Each (ce)","Count by the Count In Each",4100.00,"Han Asia",,5000.00,0,
,"Active","Inventory Part","Tap Handle Best 1",,"Non","00001 · Hardware and tool Income","54300 · Hardware and tool","12100 · Inventory Asset",0.00,,0,"Count In Each (ce)","Count by the Count In Each",4800.00,"Han Asia",,6000.00,0,
,"Active","Inventory Part","8"" Screwdriver -",,"Non","00001 · Hardware and tool Income","54300 · Hardware and tool","12100 · Inventory Asset",0.00,,53,"Count In Each (ce)","Count by the Count In Each",3750.00,"Han Asia",,5000.00,0,
,"Active","Inventory Part","8"" Screwdriver *",,"Non","00001 · Hardware and tool Income","54300 · Hardware and tool","12100 · Inventory Asset",0.00,,14,"Count In Each (ce)","Count by the Count In Each",1700.00,"Han Asia",,2632.25807,0,
,"Active","Inventory Part","10.12.14 Long",,"Non","00001 · Hardware and tool Income","54300 · Hardware and tool","12100 · Inventory Asset",0.00,,8,"Count In Each (ce)","Count by the Count In Each",4950.00,"Han Asia",,8839.28579,0,
,"Active","Inventory Part","Drill On Off",,"Non","00001 · Hardware and tool Income","54300 · Hardware and tool","12100 · Inventory Asset",0.00,,17,"Count In Each (ce)","Count by the Count In Each",2200.00,"Han Asia",,3000.00,0,
,"Active","Inventory Part","Front bulbs On Off Switch",,"Non","00001 · Hardware and tool Income","54300 · Hardware and tool","12100 · Inventory Asset",0.00,,0,"Count In Each (ce)","Count by the Count In Each",750.00,"Han Asia",,1000.00,0,
,"Active","Inventory Part","5 Elephant Welding Handle",,"Non","00001 · Hardware and tool Income","54300 · Hardware and tool","12100 · Inventory Asset",0.00,,1,"Count In Each (ce)","Count by the Count In Each",6500.00,"Han Asia",,10000.00,0,
,"Active","Inventory Part","6"" Degital Clapper",,"Non","00001 · Hardware and tool Income","54300 · Hardware and tool","12100 · Inventory Asset",0.00,,1,"Count In Each (ce)","Count by the Count In Each",15000.00,"Han Asia",,30000.00,0,
,"Active","Inventory Part","6"" Depression Wheel",,"Non","00001 · Hardware and tool Income","54300 · Hardware and tool","12100 · Inventory Asset",0.00,,0,"Count In Each (ce)","Count by the Count In Each",15000.00,"Han Asia",,18000.00,0,
,"Active","Inventory Part","Black Lion Welding  Handle",,"Non","00001 · Hardware and tool Income","54300 · Hardware and tool","12100 · Inventory Asset",0.00,,2,"Count In Each (ce)","Count by the Count In Each",2800.00,"Han Asia",,4000.00,0,
,"Active","Inventory Part","13pcs Tipo Drill Set",,"Non","00001 · Hardware and tool Income","54300 · Hardware and tool","12100 · Inventory Asset",0.00,,1,"Count In Each (ce)","Count by the Count In Each",4000.00,"Han Asia",,5000.00,0,
,"Active","Inventory Part","10"" Screwdriver-",,"Non","00001 · Hardware and tool Income","54300 · Hardware and tool","12100 · Inventory Asset",0.00,,20,"Count In Each (ce)","Count by the Count In Each",7500.00,"Han Asia",,13000.00,0,
,"Active","Inventory Part","3/8 Hollow Punch",,"Non","00001 · Hardware and tool Income","54300 · Hardware and tool","12100 · Inventory Asset",0.00,,10,"Count In Each (ce)","Count by the Count In Each",1600.00,"Han Asia",,2909.09088,0,
,"Active","Inventory Part","5/16 Hollow Punch",,"Non","00001 · Hardware and tool Income","54300 · Hardware and tool","12100 · Inventory Asset",0.00,,5,"Count In Each (ce)","Count by the Count In Each",1300.00,"Han Asia",,1857.14282,0,
,"Active","Inventory Part","1/4 , 6m Hollow Punch",,"Non","00001 · Hardware and tool Income","54300 · Hardware and tool","12100 · Inventory Asset",0.00,,13,"Count In Each (ce)","Count by the Count In Each",2200.00,"Han Asia",,4400.00,0,
,"Active","Inventory Part","Chain Saw Sharpen Tool",,"Non","00001 · Hardware and tool Income","54300 · Hardware and tool","12100 · Inventory Asset",0.00,,0,"Count In Each (ce)","Count by the Count In Each",816.00,"Han Asia",,1500.00,0,
,"Active","Inventory Part","W-5 Cutting tools",,"Non","00001 · Hardware and tool Income","54300 · Hardware and tool","12100 · Inventory Asset",0.00,,7,"Count In Each (ce)","Count by the Count In Each",1400.00,"Han Asia",,2000.00,0,
,"Active","Inventory Part","12"" Angle Measuring Tool",,"Non","00001 · Hardware and tool Income","54300 · Hardware and tool","12100 · Inventory Asset",0.00,,0,"Count In Each (ce)","Count by the Count In Each",1800.00,"Han Asia",,3000.00,0,
,"Active","Inventory Part","VK+Eagleone Grease Pump Gun2",,"Non","00001 · Hardware and tool Income","54300 · Hardware and tool","12100 · Inventory Asset",0.00,,0,"Count In Each (ce)","Count by the Count In Each",5300.00,"Han Asia",,6500.00,1,
,"Active","Inventory Part","Grease Pump Gun",,"Non","00001 · Hardware and tool Income","54300 · Hardware and tool","12100 · Inventory Asset",0.00,,3,"Count In Each (ce)","Count by the Count In Each",25500.00,"Han Asia",,29651.16285,"",
,"Active","Inventory Part","4"" Grinder Run A",,"Non","00001 · Hardware and tool Income","54300 · Hardware and tool","12100 · Inventory Asset",0.00,,0,"Count In Each (ce)","Count by the Count In Each",23500.00,"Han Asia",,25000.00,"",
,"Active","Inventory Part","Sippon Cr123-15L 1400W Speed Co","Sippon Cr123-15L 1400W Speed Control 15L Vatun Cleaner","Non","00001 · Hardware and tool Income","54300 · Hardware and tool","12100 · Inventory Asset",0.00,"Sippon Cr123-15L 1400W Speed Control 15L Vatun Cleaner",1,"Count In Each (ce)","Count by the Count In Each",79000.00,"JInlong",,85000.00,0,
,"Active","Inventory Part","Makute AG008-B 850W 4""Grinder",,"Non","00001 · Hardware and tool Income","54300 · Hardware and tool","12100 · Inventory Asset",0.00,,1,"Count In Each (ce)","Count by the Count In Each",30000.00,"JInlong",,33000.00,"",
,"Active","Inventory Part","LA  1/4 1902 Gray",,"Non","00001 · Hardware and tool Income","54300 · Hardware and tool","12100 · Inventory Asset",0.00,,0,"Count In Each (ce)","Count by the Count In Each",5300.00,"Raja",,7000.00,0,
,"Active","Inventory Part","Tool KIt Metal 21""",,"Non","00001 · Hardware and tool Income","54300 · Hardware and tool","12100 · Inventory Asset",0.00,,2,"Count In Each (ce)","Count by the Count In Each",70500.00,"Raja",,80000.00,"",
,"Active","Inventory Part","125 Body Start Clutch KYK",,"Non","000004 · Motor cycle Income","54200 · Motor Cycle","12100 · Inventory Asset",0.00,,0,"Count In Each (ce)","Count by the Count In Each",3100.00,"Thar Aung & Bros",,4000.00,"",
,"Active","Inventory Part","YSD Oil Filter",,"Non","000004 · Motor cycle Income","54200 · Motor Cycle","12100 · Inventory Asset",0.00,,7,"Count In Each (ce)","Count by the Count In Each",350.00,"Sein Kabar",,500.00,0,"SKT00061"
,"Active","Inventory Part","Oil Pump Pinion 110",,"Non","000004 · Motor cycle Income","54200 · Motor Cycle","12100 · Inventory Asset",0.00,,5,"Count In Each (ce)","Count by the Count In Each",570.00,"Sein Kabar",,1000.00,0,
,"Active","Inventory Part","YSD 125 Front Fork Spring",,"Non","000004 · Motor cycle Income","54200 · Motor Cycle","12100 · Inventory Asset",0.00,,3,"Count In Each (ce)","Count by the Count In Each",925.00,"Sein Kabar",,1500.00,"",
,"Active","Inventory Part","1.5 Wire String","..","Non","000004 · Motor cycle Income","54200 · Motor Cycle","12100 · Inventory Asset",0.00,,85,"Count In Each (ce)","Count by the Count In Each",35.00,"MH",,100.00,"",
,"Active","Inventory Part","2 Pin Socket",,"Non","000004 · Motor cycle Income","54200 · Motor Cycle","12100 · Inventory Asset",0.00,,0,"Count In Each (ce)","Count by the Count In Each",350.00,"Bo Bo Sticker",,500.00,"",
,"Active","Inventory Part","Lubricant Dipstick Plastic",,"Non","000004 · Motor cycle Income","54200 · Motor Cycle","12100 · Inventory Asset",0.00,,14,"Count In Each (ce)","Count by the Count In Each",130.00,"Bo Bo Sticker",,200.00,"",
,"Active","Inventory Part","Lubricant Dipstick Metal",,"Non","000004 · Motor cycle Income","54200 · Motor Cycle","12100 · Inventory Asset",0.00,,24,"Count In Each (ce)","Count by the Count In Each",180.00,"Bo Bo Sticker",,300.00,1,
,"Active","Inventory Part","Zip Key Chain",,"Non","54400 · Sticker","54400 · Sticker","12100 · Inventory Asset",0.00,,1,"Count In Each (ce)","Count by the Count In Each",190.00,"Bo Bo Sticker",,300.00,"",
,"Active","Inventory Part","Ptt Engine Oil 10W40 1 L",,"Non","000008 · Lubricant and Oil Income","Lubricant and Oil","12100 · Inventory Asset",0.00,,-9,"Count In Each (ce)","Count by the Count In Each",9000.00,"Tunn Star",,12000.00,1,
,"Active","Inventory Part","Led Bulb signal Special 2",,"Non","000004 · Motor cycle Income","54200 · Motor Cycle","12100 · Inventory Asset",0.00,,3,"Count In Each (ce)","Count by the Count In Each",850.00,"MH",,1500.00,0,
,"Active","Inventory Part","Led Front Light  With Fan",,"Non","000004 · Motor cycle Income","54200 · Motor Cycle","12100 · Inventory Asset",0.00,,0,"Count In Each (ce)","Count by the Count In Each",5900.00,"MH",,7500.00,0,
,"Active","Inventory Part","Led 14 Bulb",,"Non","000004 · Motor cycle Income","54200 · Motor Cycle","12100 · Inventory Asset",0.00,,0,"Count In Each (ce)","Count by the Count In Each",4000.00,"MH",,5500.00,"",
,"Active","Inventory Part","Fancy Brake Pedal Cover Smile",,"Non","000004 · Motor cycle Income","54200 · Motor Cycle","12100 · Inventory Asset",0.00,,2,"Count In Each (ce)","Count by the Count In Each",950.00,"MH",,1500.00,"",
,"Active","Inventory Part","Fancy Brake Pedal Cover",,"Non","000004 · Motor cycle Income","54200 · Motor Cycle","12100 · Inventory Asset",0.00,,-1,"Count In Each (ce)","Count by the Count In Each",850.00,"MH",,1300.00,0,
,"Active","Inventory Part","Magnetic Welding Holder",,"Non","00001 · Hardware and tool Income","54300 · Hardware and tool","12100 · Inventory Asset",0.00,,-1,"Count In Each (ce)","Count by the Count In Each",6000.00,"Raja",,12000.00,0,
,"Active","Inventory Part","Starex Rivets Gun",,"Non","00001 · Hardware and tool Income","54300 · Hardware and tool","12100 · Inventory Asset",0.00,,0,"Count In Each (ce)","Count by the Count In Each",3200.00,"Raja",,4000.00,"",
,"Active","Inventory Part","27mm Twisted Drill",,"Non","00001 · Hardware and tool Income","54300 · Hardware and tool","12100 · Inventory Asset",0.00,,2,"Count In Each (ce)","Count by the Count In Each",10000.00,"Raja",,13500.00,0,
,"Active","Inventory Part","20mm Twisted Drill",,"Non","00001 · Hardware and tool Income","54300 · Hardware and tool","12100 · Inventory Asset",0.00,,2,"Count In Each (ce)","Count by the Count In Each",7500.00,"Raja",,10000.00,0,
,"Active","Inventory Part","YSD DY HeadLight Switch",,"Non","000004 · Motor cycle Income","54200 · Motor Cycle","12100 · Inventory Asset",0.00,,2,"Count In Each (ce)","Count by the Count In Each",350.00,"Sein Kabar",,500.00,0,"SKT00185"
,"Active","Inventory Part","YSD 125 Rotor Magneto","..","Non","000004 · Motor cycle Income","54200 · Motor Cycle","12100 · Inventory Asset",0.00,,-1,"Count In Each (ce)","Count by the Count In Each",7050.00,"Sein Kabar",,7500.00,0,"SKT00009"
,"Active","Inventory Part","Welding Auto Cover Glass",,"Non","00001 · Hardware and tool Income","54300 · Hardware and tool","12100 · Inventory Asset",0.00,,2,"Count In Each (ce)","Count by the Count In Each",10000.00,"Raja",,13000.00,0,
,"Active","Inventory Part","3"" Rabbit Brush",,"Non","00001 · Hardware and tool Income","54300 · Hardware and tool","12100 · Inventory Asset",0.00,,4,"Count In Each (ce)","Count by the Count In Each",280.00,"Raja",,500.00,0,
,"Active","Inventory Part","bosny Green Spray 37",,"Non","00001 · Hardware and tool Income","54300 · Hardware and tool","12100 · Inventory Asset",0.00,,13,"Count In Each (ce)","Count by the Count In Each",1750.00,"Raja",,4000.00,0,
,"Active","Inventory Part","Bosny River Blue Spray 15",,"Non","00001 · Hardware and tool Income","54300 · Hardware and tool","12100 · Inventory Asset",0.00,,10,"Count In Each (ce)","Count by the Count In Each",2791.66667,"Raja",,4000.00,0,
,"Active","Inventory Part","3/8 Wall Press Nut",,"Non","000003 · Bolt and Nut Income","54520 · Bolt and Nut","12100 · Inventory Asset",0.00,,67,"Count In Each (ce)","Count by the Count In Each",129.00,"Roberts & Bros",,300.00,0,
,"Active","Inventory Part","1/4 Wall Press Nut",,"Non","000003 · Bolt and Nut Income","54520 · Bolt and Nut","12100 · Inventory Asset",0.00,,153,"Count In Each (ce)","Count by the Count In Each",74.00,"Roberts & Bros",,150.00,0,
,"Active","Inventory Part","10x1 JT Screw",,"Non","000003 · Bolt and Nut Income","54520 · Bolt and Nut","12100 · Inventory Asset",0.00,,307,"Count In Each (ce)","Count by the Count In Each",17.00,"Roberts & Bros",,50.00,1,
,"Active","Inventory Part","10x3/4 JT Screw",,"Non","000003 · Bolt and Nut Income","54520 · Bolt and Nut","12100 · Inventory Asset",0.00,,356,"Count In Each (ce)","Count by the Count In Each",36.00,"Roberts & Bros",,50.00,1,
,"Active","Inventory Part","8x1 JT Screw","..","Non","000003 · Bolt and Nut Income","54520 · Bolt and Nut","12100 · Inventory Asset",0.00,,249,"Count In Each (ce)","Count by the Count In Each",16.00,"Roberts & Bros",,64.00,1,
,"Active","Inventory Part","8x3/4 JT Screw",,"Non","000003 · Bolt and Nut Income","54520 · Bolt and Nut","12100 · Inventory Asset",0.00,,400,"Count In Each (ce)","Count by the Count In Each",28.00,"Roberts & Bros",,50.00,1,
,"Active","Inventory Part","Rod Assy Rear Brake 110",,"Non","000004 · Motor cycle Income","54200 · Motor Cycle","12100 · Inventory Asset",0.00,,5,"Count In Each (ce)","Count by the Count In Each",925.00,"Thar Aung & Bros",,1000.00,0,"SKT0064"
,"Active","Inventory Part","110 Wheel Flower",,"Non","000004 · Motor cycle Income","54200 · Motor Cycle","12100 · Inventory Asset",0.00,,0,"Count In Each (ce)","Count by the Count In Each",40200.00,"Thar Aung & Bros",,47000.00,0,
,"Active","Inventory Part","125 Wheel 6",,"Non","000004 · Motor cycle Income","54200 · Motor Cycle","12100 · Inventory Asset",0.00,,0,"Count In Each (ce)","Count by the Count In Each",37500.00,"Thar Aung & Bros",,42000.00,0,
,"Active","Inventory Part","110 Wheel 6",,"Non","000004 · Motor cycle Income","54200 · Motor Cycle","12100 · Inventory Asset",0.00,,0,"Count In Each (ce)","Count by the Count In Each",37500.00,"Thar Aung & Bros",,42000.00,0,
,"Active","Inventory Part","6000DD J Koyo",,"Non","000007 · Ball & Bearing","54599 · Ball and Bearing","12100 · Inventory Asset",0.00,,0,"Count In Each (ce)","Count by the Count In Each",2075.00,"Super",,2500.00,"",
,"Active","Inventory Part","63mm Hole Saw",,"Non","00001 · Hardware and tool Income","54300 · Hardware and tool","12100 · Inventory Asset",0.00,,1,"Count In Each (ce)","Count by the Count In Each",9950.00,"Steel Dragon",,11500.00,0,
,"Active","Inventory Part","50mm Hole Saw",,"Non","00001 · Hardware and tool Income","54300 · Hardware and tool","12100 · Inventory Asset",0.00,,-2,"Count In Each (ce)","Count by the Count In Each",15600.00,"Steel Dragon",,18795.18108,0,
,"Active","Inventory Part","38mm Hole Saw",,"Non","00001 · Hardware and tool Income","54300 · Hardware and tool","12100 · Inventory Asset",0.00,,-1,"Count In Each (ce)","Count by the Count In Each",6000.00,"Steel Dragon",,12000.00,0,
,"Active","Inventory Part","32mm Hole Saw",,"Non","00001 · Hardware and tool Income","54300 · Hardware and tool","12100 · Inventory Asset",0.00,,9,"Count In Each (ce)","Count by the Count In Each",11200.00,"Steel Dragon",,14000.00,0,"D-3450"
,"Active","Inventory Part","25mm Hole Saw",,"Non","00001 · Hardware and tool Income","54300 · Hardware and tool","12100 · Inventory Asset",0.00,,7,"Count In Each (ce)","Count by the Count In Each",8750.00,"Steel Dragon",,12000.00,0,"D-3435"
,"Active","Inventory Part","22mm Hole Saw",,"Non","00001 · Hardware and tool Income","54300 · Hardware and tool","12100 · Inventory Asset",0.00,,4,"Count In Each (ce)","Count by the Count In Each",4200.00,"Steel Dragon",,5000.00,0,"D-3425"
,"Active","Inventory Part","19mm Hole Saw",,"Non","00001 · Hardware and tool Income","54300 · Hardware and tool","12100 · Inventory Asset",0.00,,4,"Count In Each (ce)","Count by the Count In Each",3500.00,"Steel Dragon",,4500.00,0,"D-3420"
,"Active","Inventory Part","12.7mm Hole Saw",,"Non","00001 · Hardware and tool Income","54300 · Hardware and tool","12100 · Inventory Asset",0.00,,7,"Count In Each (ce)","Count by the Count In Each",1700.00,"Steel Dragon",,2500.00,0,"D-3405"
,"Active","Inventory Part","Luk Oil 10W30",,"Non","000008 · Lubricant and Oil Income","Lubricant and Oil","12100 · Inventory Asset",0.00,,0,"Count In Each (ce)","Count by the Count In Each",4950.00,"Luk Oil Lubricant",,5500.00,"",
,"Active","Inventory Part","Luk Oil 20W50",,"Non","000008 · Lubricant and Oil Income","Lubricant and Oil","12100 · Inventory Asset",0.00,,0,"Count In Each (ce)","Count by the Count In Each",4500.00,"Luk Oil Lubricant",,5000.00,"",
,"Active","Inventory Part","12.5mm Steel Twist Drill",,"Non","00001 · Hardware and tool Income","54300 · Hardware and tool","12100 · Inventory Asset",0.00,,0,"Count In Each (ce)","Count by the Count In Each",12100.00,"Steel Dragon",,15000.00,0,"D-3575"
,"Active","Inventory Part","12mm Steel Twist Drill",,"Non","00001 · Hardware and tool Income","54300 · Hardware and tool","12100 · Inventory Asset",0.00,,5,"Count In Each (ce)","Count by the Count In Each",6000.00,"Steel Dragon",,7500.00,0,"D-3570"
,"Active","Inventory Part","11mm Steel Twist Drill",,"Non","00001 · Hardware and tool Income","54300 · Hardware and tool","12100 · Inventory Asset",0.00,,1,"Count In Each (ce)","Count by the Count In Each",9600.00,"Steel Dragon",,12500.00,0,
,"Active","Inventory Part","10mm Steel Twist Drill",,"Non","00001 · Hardware and tool Income","54300 · Hardware and tool","12100 · Inventory Asset",0.00,,3,"Count In Each (ce)","Count by the Count In Each",5605.00,"Steel Dragon",,7546.51182,0,"D-3555"
,"Active","Inventory Part","Brick Twist Drill 12mm Wately",,"Non","00001 · Hardware and tool Income","54300 · Hardware and tool","12100 · Inventory Asset",0.00,,3,"Count In Each (ce)","Count by the Count In Each",1100.00,"Steel Dragon",,1500.00,0,"D-5990"
,"Active","Inventory Part","Brick Twist Drill 10mm Wately",,"Non","00001 · Hardware and tool Income","54300 · Hardware and tool","12100 · Inventory Asset",0.00,,5,"Count In Each (ce)","Count by the Count In Each",1100.00,"Steel Dragon",,1500.00,0,
,"Active","Inventory Part","Brick Twist Drill 8mm Wately",,"Non","00001 · Hardware and tool Income","54300 · Hardware and tool","12100 · Inventory Asset",0.00,,0,"Count In Each (ce)","Count by the Count In Each",1050.00,"Steel Dragon",,1500.00,0,
,"Active","Inventory Part","14"" Corolla",,"Non","00001 · Hardware and tool Income","54300 · Hardware and tool","12100 · Inventory Asset",0.00,,12,"Count In Each (ce)","Count by the Count In Each",1700.00,"Steel Dragon",,2500.00,0,"D-7895"
,"Active","Inventory Part","M10 x 4 4.8",,"Non","000003 · Bolt and Nut Income","54520 · Bolt and Nut","12100 · Inventory Asset",0.00,,65,"Count In Each (ce)","Count by the Count In Each",104.16667,"Roberts & Bros",,300.00,1,
,"Active","Inventory Part","M10 x 3 4.8",,"Non","000003 · Bolt and Nut Income","54520 · Bolt and Nut","12100 · Inventory Asset",0.00,,6,"Count In Each (ce)","Count by the Count In Each",84.72222,"Roberts & Bros",,200.00,1,
,"Active","Inventory Part","M10 x 21/2 4.8",,"Non","000003 · Bolt and Nut Income","54520 · Bolt and Nut","12100 · Inventory Asset",0.00,,19,"Count In Each (ce)","Count by the Count In Each",79.16667,"Roberts & Bros",,200.00,"",
,"Active","Inventory Part","L32 Valve Set",,"Non","000005 · Diesel Engine Income","54000 · Diesel","12100 · Inventory Asset",0.00,,0,"Count In Each (ce)","Count by the Count In Each",3580.00,"MyintMya",,4000.00,"",
,"Active","Inventory Part","Denso X22",,"Non","000004 · Motor cycle Income","54200 · Motor Cycle","12100 · Inventory Asset",0.00,,27,"Count In Each (ce)","Count by the Count In Each",2900.00,"Denso Service",,3500.00,0,
,"Active","Inventory Part","Denso W24",,"Non","000004 · Motor cycle Income","54200 · Motor Cycle","12100 · Inventory Asset",0.00,,10,"Count In Each (ce)","Count by the Count In Each",1650.00,"Denso Service",,3500.00,0,
,"Active","Inventory Part","denso W20",,"Non","000004 · Motor cycle Income","54200 · Motor Cycle","12100 · Inventory Asset",0.00,,-3,"Count In Each (ce)","Count by the Count In Each",1680.00,"Denso Service",,3500.00,0,
,"Active","Inventory Part","denso U20",,"Non","000004 · Motor cycle Income","54200 · Motor Cycle","12100 · Inventory Asset",0.00,,-3,"Count In Each (ce)","Count by the Count In Each",2200.00,"Denso Service",,3000.00,0,"U20EPR9"
,"Active","Inventory Part","4"" Corolla Cutting Wheel",,"Non","00001 · Hardware and tool Income","54300 · Hardware and tool","12100 · Inventory Asset",0.00,,0,"Count In Each (ce)","Count by the Count In Each",600.00,"Steel Dragon",,869.56518,0,
,"Active","Inventory Part","Mobil Super 4T 20W40 1 Lit",,"Non","000008 · Lubricant and Oil Income","Lubricant and Oil","12100 · Inventory Asset",0.00,,0,"Count In Each (ce)","Count by the Count In Each",4750.00,"Mobil",,5500.00,0,
,"Active","Inventory Part","Ptt Engine Oil 10W30 1 L",,"Non","000008 · Lubricant and Oil Income","Lubricant and Oil","12100 · Inventory Asset",0.00,,0,"Count In Each (ce)","Count by the Count In Each",8500.00,"Tunn Star",,10000.00,0,
,"Active","Inventory Part","NGK 5 String Plug",,"Non","000006 · Gasoline","54100 · Gasoline Buy","12100 · Inventory Asset",0.00,,3,"Count In Each (ce)","Count by the Count In Each",1550.00,"MyintMya",,2000.00,"",
,"Active","Inventory Part","GL 7 String Plug",,"Non","000006 · Gasoline","54100 · Gasoline Buy","12100 · Inventory Asset",0.00,,0,"Count In Each (ce)","Count by the Count In Each",450.00,"MyintMya",,1000.00,"",
,"Active","Inventory Part","NGK 12 String Plug 16",,"Non","000006 · Gasoline","54100 · Gasoline Buy","12100 · Inventory Asset",0.00,,1,"Count In Each (ce)","Count by the Count In Each",1850.00,"MyintMya",,2500.00,"",
,"Active","Inventory Part","18cc Cyliner Kit Set",,"Non","000005 · Diesel Engine Income","54000 · Diesel","12100 · Inventory Asset",0.00,,0,"Count In Each (ce)","Count by the Count In Each",28314.00,"MyintMya",,33000.00,"",
,"Active","Inventory Part","16 Piston Cylinder Kit Set",,"Non","000005 · Diesel Engine Income","54000 · Diesel","12100 · Inventory Asset",0.00,,2,"Count In Each (ce)","Count by the Count In Each",28314.00,"MyintMya",,33000.00,"",
,"Active","Inventory Part","13 Piston Cylinder Kit Set",,"Non","000005 · Diesel Engine Income","54000 · Diesel","12100 · Inventory Asset",0.00,,0,"Count In Each (ce)","Count by the Count In Each",27407.00,"MyintMya",,32000.00,"",
,"Active","Inventory Part","Rear Brake Rod Spring Long",,"Non","000004 · Motor cycle Income","54200 · Motor Cycle","12100 · Inventory Asset",0.00,,-2,"Count In Each (ce)","Count by the Count In Each",150.00,"Sein Kabar",,300.00,0,
,"Active","Inventory Part","Rear Brake Rod Spring Short",,"Non","000004 · Motor cycle Income","54200 · Motor Cycle","12100 · Inventory Asset",0.00,,0,"Count In Each (ce)","Count by the Count In Each",120.00,"Sein Kabar",,200.00,0,
,"Active","Inventory Part","JPR 125 Full Set 2",,"Non","000004 · Motor cycle Income","54200 · Motor Cycle","12100 · Inventory Asset",0.00,,0,"Count In Each (ce)","Count by the Count In Each",985.00,"Sein Kabar",,1500.00,0,
,"Active","Inventory Part","Exhaust Gasket 2",,"Non","000004 · Motor cycle Income","54400 · Sticker","12100 · Inventory Asset",0.00,,0,"Count In Each (ce)","Count by the Count In Each",160.00,"MH",,300.00,0,
,"Active","Inventory Part","Rear Brake Switch With Socket",,"Non","000004 · Motor cycle Income","54200 · Motor Cycle","12100 · Inventory Asset",0.00,,-1,"Count In Each (ce)","Count by the Count In Each",450.00,"MH",,800.00,0,
,"Active","Inventory Part","Fancy Rear Foot Rest",,"Non","000004 · Motor cycle Income","54200 · Motor Cycle","12100 · Inventory Asset",0.00,,0,"Count In Each (ce)","Count by the Count In Each",1850.00,"MH",,3000.00,0,
,"Active","Inventory Part","Horn Clip",,"Non","000004 · Motor cycle Income","54200 · Motor Cycle","12100 · Inventory Asset",0.00,,54,"Count In Each (ce)","Count by the Count In Each",30.00,"MH",,50.00,1,
,"Active","Inventory Part","Tap 14 M10 x 1.25",,"Non","00001 · Hardware and tool Income","54300 · Hardware and tool","12100 · Inventory Asset",0.00,,-1,"Count In Each (ce)","Count by the Count In Each",4000.00,"Raja",,6000.00,0,
,"Active","Inventory Part","Utility Knife",,"Non","00001 · Hardware and tool Income","54300 · Hardware and tool","12100 · Inventory Asset",0.00,,16.25,"Count In Each (ce)","Count by the Count In Each",1800.00,"Raja",,3600.00,"",
,"Active","Inventory Part","Brick Twist Drill 16mm Long",,"Non","00001 · Hardware and tool Income","54300 · Hardware and tool","12100 · Inventory Asset",0.00,,0,"Count In Each (ce)","Count by the Count In Each",3500.00,"Raja",,5000.00,0,
,"Active","Inventory Part","Brick Twist Drill 14mm Long",,"Non","00001 · Hardware and tool Income","54300 · Hardware and tool","12100 · Inventory Asset",0.00,,4,"Count In Each (ce)","Count by the Count In Each",2000.00,"Raja",,3000.00,0,
,"Active","Inventory Part","Brick Twist Drill 12mm Long",,"Non","00001 · Hardware and tool Income","54300 · Hardware and tool","12100 · Inventory Asset",0.00,,1,"Count In Each (ce)","Count by the Count In Each",1800.00,"Raja",,2500.00,0,
,"Active","Inventory Part","Brick Twist Drill 10mm Long",,"Non","00001 · Hardware and tool Income","54300 · Hardware and tool","12100 · Inventory Asset",0.00,,0,"Count In Each (ce)","Count by the Count In Each",1500.00,"Raja",,3000.00,0,
,"Active","Inventory Part","Brick Twist Drill 8mm Long",,"Non","00001 · Hardware and tool Income","54300 · Hardware and tool","12100 · Inventory Asset",0.00,,2,"Count In Each (ce)","Count by the Count In Each",1200.00,"Raja",,2500.00,0,
,"Active","Inventory Part","La 1/8 Black 1999",,"Non","00001 · Hardware and tool Income","54300 · Hardware and tool","12100 · Inventory Asset",0.00,,3,"Count In Each (ce)","Count by the Count In Each",1898.33333,"Raja",,4000.00,0,
,"Active","Inventory Part","La 1/8 Red1700",,"Non","00001 · Hardware and tool Income","54300 · Hardware and tool","12100 · Inventory Asset",0.00,,0,"Count In Each (ce)","Count by the Count In Each",1898.33333,"Raja",,4000.00,0,
,"Active","Inventory Part","LA 1/8 White 1000",,"Non","00001 · Hardware and tool Income","54300 · Hardware and tool","12100 · Inventory Asset",0.00,,5,"Count In Each (ce)","Count by the Count In Each",1898.33333,"Raja",,4000.00,0,
,"Active","Inventory Part","SB-25 4"" Pump Oil Seal",,"Non","000006 · Gasoline","54100 · Gasoline Buy","12100 · Inventory Asset",0.00,,0,"Count In Each (ce)","Count by the Count In Each",1400.00,"MyintMya",,2500.00,"",
,"Active","Inventory Part","YAMAHA 2"" Pump oil Seal",,"Non","000006 · Gasoline","54100 · Gasoline Buy","12100 · Inventory Asset",0.00,,0,"Count In Each (ce)","Count by the Count In Each",950.00,"MyintMya 2",,1500.00,"",
,"Active","Inventory Part","22 3Ring CYPR",,"Non","000005 · Diesel Engine Income","54000 · Diesel","12100 · Inventory Asset",0.00,,17,"Count In Each (ce)","Count by the Count In Each",2061.00,"MyintMya",,3000.00,"",
,"Active","Inventory Part","1125 Main Pipe",,"Non","000005 · Diesel Engine Income","54000 · Diesel","12100 · Inventory Asset",0.00,,9,"Count In Each (ce)","Count by the Count In Each",850.00,"MyintMya",,1500.00,"",
,"Active","Inventory Part","175 Fuel Injector  Assy HB",,"Non","000005 · Diesel Engine Income","54000 · Diesel","12100 · Inventory Asset",0.00,,3,"Count In Each (ce)","Count by the Count In Each",3900.00,"MyintMya",,10000.00,"",
,"Active","Inventory Part","175 Fuel Injector HB",,"Non","000005 · Diesel Engine Income","54000 · Diesel","12100 · Inventory Asset",0.00,,1,"Count In Each (ce)","Count by the Count In Each",5900.00,"MyintMya",,10000.00,"",
,"Active","Inventory Part","Stop Switch",,"Non","000006 · Gasoline","54100 · Gasoline Buy","12100 · Inventory Asset",0.00,,0,"Count In Each (ce)","Count by the Count In Each",360.00,"MyintMya 2",,500.00,"",
,"Active","Inventory Part","Sun Moon Star Bicycle Air Short",,"Non","000004 · Motor cycle Income","54200 · Motor Cycle","12100 · Inventory Asset",0.00,,6.75,"Count In Each (ce)","Count by the Count In Each",1200.00,"Thar Aung & Bros",,2000.00,0,
,"Active","Inventory Part","Sun Moon Star Bicycle Air Pump2","....","Non","000004 · Motor cycle Income","54200 · Motor Cycle","12100 · Inventory Asset",0.00,,0,"Count In Each (ce)","Count by the Count In Each",1450.00,"Thar Aung & Bros",,2500.00,0,
,"Active","Inventory Part","5/8 Drill Chuck Key",,"Non","00001 · Hardware and tool Income","54300 · Hardware and tool","12100 · Inventory Asset",0.00,,1,"Count In Each (ce)","Count by the Count In Each",1080.00,"Raja",,2000.00,1,
,"Active","Inventory Part","Steel Abarasive smooth",,"Non","00001 · Hardware and tool Income","54300 · Hardware and tool","12100 · Inventory Asset",0.00,,-1,"Count In Each (ce)","Count by the Count In Each",750.00,"Raja",,1416.6667,"",
,"Active","Inventory Part","Valve Key",,"Non","000004 · Motor cycle Income","54200 · Motor Cycle","12100 · Inventory Asset",0.00,,3.5,"Count In Each (ce)","Count by the Count In Each",100.00,"Thar Aung & Bros",,200.00,"",
,"Active","Inventory Part","YSD Brake Shoe",,"Non","000004 · Motor cycle Income","54200 · Motor Cycle","12100 · Inventory Asset",0.00,,2,"Count In Each (ce)","Count by the Count In Each",2500.00,"Sein Kabar",,3333.33325,0,"SKT00124"
,"Active","Inventory Part","1/2 Wall press",,"Non","000003 · Bolt and Nut Income","54520 · Bolt and Nut","12100 · Inventory Asset",0.00,,17,"Count In Each (ce)","Count by the Count In Each",400.00,"Roberts & Bros",,700.00,0,
,"Active","Inventory Part","3/16x1 Z Nut",,"Non","000003 · Bolt and Nut Income","54520 · Bolt and Nut","12100 · Inventory Asset",0.00,,3,"Count In Each (ce)","Count by the Count In Each",14.00,"Roberts & Bros",,40.00,0,
,"Active","Inventory Part","3/16x3/4 Z nut",,"Non","000003 · Bolt and Nut Income","54520 · Bolt and Nut","12100 · Inventory Asset",0.00,,472,"Count In Each (ce)","Count by the Count In Each",14.00,"Roberts & Bros",,50.00,0,
,"Active","Inventory Part","10x11/2 Cover Nut",,"Non","000003 · Bolt and Nut Income","54520 · Bolt and Nut","12100 · Inventory Asset",0.00,,-54,"Count In Each (ce)","Count by the Count In Each",38.00,"Roberts & Bros",,100.00,1,
,"Active","Inventory Part","Df Clutch Depression Rod Flung",,"Non","000005 · Diesel Engine Income","54000 · Diesel","12100 · Inventory Asset",0.00,,3,"Count In Each (ce)","Count by the Count In Each",2300.00,"MyintMya",,3000.00,"",
,"Active","Inventory Part","Df Clutch Depression Rod",,"Non","000005 · Diesel Engine Income","54000 · Diesel","12100 · Inventory Asset",0.00,,6,"Count In Each (ce)","Count by the Count In Each",1275.00,"MyintMya",,2000.00,"",
,"Active","Inventory Part","14x3 Left Fan",,"Non","000005 · Diesel Engine Income","54000 · Diesel","12100 · Inventory Asset",0.00,,2,"Count In Each (ce)","Count by the Count In Each",3800.00,"MyintMya",,4500.00,"",
,"Active","Inventory Part","3/4xspring Washer",,"Non","000003 · Bolt and Nut Income","54520 · Bolt and Nut","12100 · Inventory Asset",0.00,,24,"Count In Each (ce)","Count by the Count In Each",40.00,"Mya Nut",,100.00,0,
,"Active","Inventory Part","Gx220 Ring 0.25",,"Non","000006 · Gasoline","54100 · Gasoline Buy","12100 · Inventory Asset",0.00,,10,"Count In Each (ce)","Count by the Count In Each",680.00,"MyintMya 2",,1000.00,"",
,"Active","Inventory Part","GX270 Caburator",,"Non","000006 · Gasoline","54100 · Gasoline Buy","12100 · Inventory Asset",0.00,,1,"Count In Each (ce)","Count by the Count In Each",5800.00,"MyintMya 2",,7000.00,"",
,"Active","Inventory Part","GX270 Ring 0.25",,"Non","000006 · Gasoline","54100 · Gasoline Buy","12100 · Inventory Asset",0.00,,0,"Count In Each (ce)","Count by the Count In Each",1320.00,"MyintMya 2",,2000.00,"",
,"Active","Inventory Part","GX270 Parking Set",,"Non","000006 · Gasoline","54100 · Gasoline Buy","12100 · Inventory Asset",0.00,,1,"Count In Each (ce)","Count by the Count In Each",850.00,"MyintMya 2",,1500.00,"",
,"Active","Inventory Part","GX270 Piston STD",,"Non","000006 · Gasoline","54100 · Gasoline Buy","12100 · Inventory Asset",0.00,,0,"Count In Each (ce)","Count by the Count In Each",4800.00,"MyintMya 2",,5500.00,"",
,"Active","Inventory Part","22 Nozzel Plunger Delivery XI",,"Non","000005 · Diesel Engine Income","54000 · Diesel","12100 · Inventory Asset",0.00,,0,"Count In Each (ce)","Count by the Count In Each",2850.00,"MyintMya",,3500.00,"",
,"Active","Inventory Part","45x3 Narrow Pinion",,"Non","000005 · Diesel Engine Income","54000 · Diesel","12100 · Inventory Asset",0.00,,0,"Count In Each (ce)","Count by the Count In Each",2750.00,"MyintMya",,3500.00,"",
,"Active","Inventory Part","NPT Brick Drill",,"Non","00001 · Hardware and tool Income","54300 · Hardware and tool","12100 · Inventory Asset",0.00,,0,"Count In Each (ce)","Count by the Count In Each",110000.00,"Raja",,130000.00,"",
,"Active","Inventory Part","100g Handle Hammer Small",,"Non","00001 · Hardware and tool Income","54300 · Hardware and tool","12100 · Inventory Asset",0.00,,14,"Count In Each (ce)","Count by the Count In Each",7700.00,"Raja",,12000.00,0,
,"Active","Inventory Part","3 Line Chain Short 66",,"Non","000005 · Diesel Engine Income","54000 · Diesel","12100 · Inventory Asset",0.00,,0,"Count In Each (ce)","Count by the Count In Each",4000.00,"MyintMya",,5000.00,"",
,"Active","Inventory Part","3 Line Chain Short 64Z",,"Non","000005 · Diesel Engine Income","54000 · Diesel","12100 · Inventory Asset",0.00,,0,"Count In Each (ce)","Count by the Count In Each",3850.00,"MyintMya",,5000.00,"",
,"Active","Inventory Part","Honda Valve",,"Non","000002 · Sticker Income","54200 · Motor Cycle","12100 · Inventory Asset",0.00,,4,"Count In Each (ce)","Count by the Count In Each",1350.00,"Sein Kabar",,3000.00,0,
,"Active","Inventory Part","Honda KPH Brake Shoe",,"Non","000004 · Motor cycle Income","54200 · Motor Cycle","12100 · Inventory Asset",0.00,,0,"Count In Each (ce)","Count by the Count In Each",3945.00,"Sein Kabar",,5000.00,0,"TH00005"
,"Active","Inventory Part","YSD 125 Silencer",,"Non","000004 · Motor cycle Income","54200 · Motor Cycle","12100 · Inventory Asset",0.00,,-1,"Count In Each (ce)","Count by the Count In Each",14600.00,"Sein Kabar",,17000.00,0,
,"Active","Inventory Part","YSD 110 Silencer",,"Non","000004 · Motor cycle Income","54200 · Motor Cycle","12100 · Inventory Asset",0.00,,0,"Count In Each (ce)","Count by the Count In Each",12000.00,"Sein Kabar",,14000.00,0,
,"Active","Inventory Part","YSD X 125 Silencer",,"Non","000004 · Motor cycle Income","54200 · Motor Cycle","12100 · Inventory Asset",0.00,,-1,"Count In Each (ce)","Count by the Count In Each",14400.00,"Sein Kabar",,17000.00,0,
,"Active","Inventory Part","YSD W-100 Silencer",,"Non","000004 · Motor cycle Income","54200 · Motor Cycle","12100 · Inventory Asset",0.00,,-1,"Count In Each (ce)","Count by the Count In Each",15400.00,"Sein Kabar",,18000.00,0,
,"Active","Inventory Part","YSD 125 Transmission",,"Non","000004 · Motor cycle Income","54200 · Motor Cycle","12100 · Inventory Asset",0.00,,0,"count in box (cb)","Count by the count in Pack",8400.00,"Sein Kabar",,10000.00,0,
,"Active","Inventory Part","YSD 125 Body Start Clutch",,"Non","000004 · Motor cycle Income","54200 · Motor Cycle","12100 · Inventory Asset",0.00,,3,"Count In Each (ce)","Count by the Count In Each",1350.00,"Sein Kabar",,2500.00,0,
,"Active","Inventory Part","Ysd 110 Body Start Clutch",,"Non","000004 · Motor cycle Income","54200 · Motor Cycle","12100 · Inventory Asset",0.00,,0,"Count In Each (ce)","Count by the Count In Each",1825.00,"Sein Kabar",,2500.00,0,
,"Active","Inventory Part","any bond",,"Non","00001 · Hardware and tool Income","54300 · Hardware and tool","12100 · Inventory Asset",0.00,,2,"pair (pr)","Count by the pair",180.00,"any bond",,300.00,0,
,"Active","Inventory Part","Gear Light Middium",,"Non","000004 · Motor cycle Income","54200 · Motor Cycle","12100 · Inventory Asset",0.00,,13,"Count In Each (ce)","Count by the Count In Each",42.00,"Thar Aung & Bros",,100.00,0,
,"Active","Inventory Part","Clutch Set",,"Non","000004 · Motor cycle Income","54200 · Motor Cycle","12100 · Inventory Asset",0.00,,0,"Count In Each (ce)","Count by the Count In Each",2400.00,"Thar Aung & Bros",,3500.00,0,
,"Active","Inventory Part","Clutch Adjust Spar parts",,"Non","000004 · Motor cycle Income","54200 · Motor Cycle","12100 · Inventory Asset",0.00,,30,"Count In Each (ce)","Count by the Count In Each",680.00,"Thar Aung & Bros",,1000.00,0,
,"Active","Inventory Part","gx200 Startor String",,"Non","000006 · Gasoline","54100 · Gasoline Buy","12100 · Inventory Asset",0.00,,22,"Count In Each (ce)","Count by the Count In Each",1500.00,"MyintMya 2",,2500.00,"",
,"Active","Inventory Part","NGK 12 String Plug 21",,"Non","000006 · Gasoline","54100 · Gasoline Buy","12100 · Inventory Asset",0.00,,3,"Count In Each (ce)","Count by the Count In Each",1550.00,"MyintMya 2",,2000.00,"",
,"Active","Inventory Part","Peacock Welding MMA300",,"Non","00001 · Hardware and tool Income","54300 · Hardware and tool","12100 · Inventory Asset",0.00,,0,"Count In Each (ce)","Count by the Count In Each",178400.00,"Raja",,200000.00,"",
,"Active","Inventory Part","Depress Center Wheel Remover",,"Non","00001 · Hardware and tool Income","54000 · Diesel","12100 · Inventory Asset",0.00,,20,"Count In Each (ce)","Count by the Count In Each",1500.00,"Raja",,2307.69225,0,
,"Active","Inventory Part","Bosny Metallic Blue No.2511",,"Non","00001 · Hardware and tool Income","54300 · Hardware and tool","12100 · Inventory Asset",0.00,,14,"Count In Each (ce)","Count by the Count In Each",3125.00,"Raja",,5000.00,0,
,"Active","Inventory Part","Bosny Metallic Red No.2601",,"Non","00001 · Hardware and tool Income","54300 · Hardware and tool","12100 · Inventory Asset",0.00,,14,"Count In Each (ce)","Count by the Count In Each",3125.00,"Raja",,5000.00,0,
,"Active","Inventory Part","Abao Piston & Ring",,"Non","000004 · Motor cycle Income","54200 · Motor Cycle","12100 · Inventory Asset",0.00,,0,"pair (pr)","Count by the pair",4400.00,"Tharaphoo",,4700.00,"",
,"Active","Inventory Part","Tool KIt Metal 17""",,"Non","00001 · Hardware and tool Income","54300 · Hardware and tool","12100 · Inventory Asset",0.00,,2,"Count In Each (ce)","Count by the Count In Each",60500.00,"Raja",,70000.00,0,
,"Active","Inventory Part","Tool Kit Plastic",,"Non","00001 · Hardware and tool Income","54300 · Hardware and tool","12100 · Inventory Asset",0.00,,2,"Count In Each (ce)","Count by the Count In Each",55000.00,"Raja",,78571.427,"",
,"Active","Inventory Part","Dove Stapler Gun",,"Non","00001 · Hardware and tool Income","54300 · Hardware and tool","12100 · Inventory Asset",0.00,,4,"Count In Each (ce)","Count by the Count In Each",10000.00,"Raja",,14098.884,0,
,"Active","Inventory Part","Trolergy Clutch Cable",,"Non","000005 · Diesel Engine Income","54000 · Diesel","12100 · Inventory Asset",0.00,,6,"Count In Each (ce)","Count by the Count In Each",950.00,"MyintMya",,2000.00,"",
,"Active","Inventory Part","GF6 14T Front Sprocket",,"Non","000004 · Motor cycle Income","54200 · Motor Cycle","12100 · Inventory Asset",0.00,,3,"Count In Each (ce)","Count by the Count In Each",2900.00,"Sein Kabar",,3500.00,0,
,"Active","Inventory Part","KTL 35 Rear Sprocket",,"Non","000004 · Motor cycle Income","54200 · Motor Cycle","12100 · Inventory Asset",0.00,,1,"Count In Each (ce)","Count by the Count In Each",9400.00,"Sein Kabar",,11000.00,0,"TH00767"
,"Active","Inventory Part","KTL Chain",,"Non","000004 · Motor cycle Income","54200 · Motor Cycle","12100 · Inventory Asset",0.00,,0,"Count In Each (ce)","Count by the Count In Each",7550.00,"Sein Kabar",,8500.00,0,"TH00134"
,"Active","Inventory Part","KYZ 36T Rear Sprocket",,"Non","000004 · Motor cycle Income","54200 · Motor Cycle","12100 · Inventory Asset",0.00,,2,"Count In Each (ce)","Count by the Count In Each",7550.00,"Sein Kabar",,8500.00,0,
,"Active","Inventory Part","KYZ Chain",,"Non","000004 · Motor cycle Income","54200 · Motor Cycle","12100 · Inventory Asset",0.00,,2,"Count In Each (ce)","Count by the Count In Each",5700.00,"Sein Kabar",,6500.00,0,
,"Active","Inventory Part","KPH 14T Front Sproket",,"Non","000004 · Motor cycle Income","54200 · Motor Cycle","12100 · Inventory Asset",0.00,,-3,"Count In Each (ce)","Count by the Count In Each",2745.00,"Sein Kabar",,3500.00,0,"TH00559"
,"Active","Inventory Part","KPH 34 Rear Sproket",,"Non","000004 · Motor cycle Income","54200 · Motor Cycle","12100 · Inventory Asset",0.00,,2,"Count In Each (ce)","Count by the Count In Each",5750.00,"Sein Kabar",,7000.00,0,"TH00009"
,"Active","Inventory Part","KPH Chain",,"Non","000004 · Motor cycle Income","54200 · Motor Cycle","12100 · Inventory Asset",0.00,,0,"Count In Each (ce)","Count by the Count In Each",8150.00,"Sein Kabar",,9000.00,0,"TH00007"
,"Active","Inventory Part","Kick Startor Pedal",,"Non","000004 · Motor cycle Income","54200 · Motor Cycle","12100 · Inventory Asset",0.00,,3,"Count In Each (ce)","Count by the Count In Each",2050.00,"Sein Kabar",,3000.00,0,"SKT00169"
,"Active","Inventory Part","Sll 110 Down brake Set",,"Non","000004 · Motor cycle Income","54200 · Motor Cycle","12100 · Inventory Asset",0.00,,-1,"Count In Each (ce)","Count by the Count In Each",5300.00,"Sein Kabar",,6500.00,0,
,"Active","Inventory Part","YSD Signal Flasher",,"Non","000004 · Motor cycle Income","54200 · Motor Cycle","12100 · Inventory Asset",0.00,,7,"Count In Each (ce)","Count by the Count In Each",790.00,"Sein Kabar",,1200.00,0,
,"Active","Inventory Part","YSD Starter Chain Guide",,"Non","000004 · Motor cycle Income","54200 · Motor Cycle","12100 · Inventory Asset",0.00,,2,"Count In Each (ce)","Count by the Count In Each",385.00,"Sein Kabar",,500.00,0,
,"Active","Inventory Part","YSD 125 Cylinder Block",,"Non","000004 · Motor cycle Income","54200 · Motor Cycle","12100 · Inventory Asset",0.00,,0,"Count In Each (ce)","Count by the Count In Each",13700.00,"Sein Kabar",,15000.00,0,"SKT00002"
,"Active","Inventory Part","YSD 110 Cylinder Block",,"Non","000004 · Motor cycle Income","54200 · Motor Cycle","12100 · Inventory Asset",0.00,,0,"Count In Each (ce)","Count by the Count In Each",11200.00,"Sein Kabar",,13000.00,0,"SKT00001"
,"Active","Inventory Part","SLL CZI Rear Brake Set",,"Non","000004 · Motor cycle Income","54200 · Motor Cycle","12100 · Inventory Asset",0.00,,3,"Count In Each (ce)","Count by the Count In Each",5800.00,"Sein Kabar",,7000.00,0,
,"Active","Inventory Part","SLL 125 Rear Brake Set",,"Non","000004 · Motor cycle Income","54200 · Motor Cycle","12100 · Inventory Asset",0.00,,1,"Count In Each (ce)","Count by the Count In Each",5350.00,"Sein Kabar",,6500.00,0,"SKT00274"
,"Active","Inventory Part","JPR 125 Front Fork Braket",,"Non","000004 · Motor cycle Income","54200 · Motor Cycle","12100 · Inventory Asset",0.00,,3,"Count In Each (ce)","Count by the Count In Each",8400.00,"Sein Kabar",,12000.00,0,
,"Active","Inventory Part","Sll 110 Front Fork Set",,"Non","000004 · Motor cycle Income","54200 · Motor Cycle","12100 · Inventory Asset",0.00,,-3,"Count In Each (ce)","Count by the Count In Each",8100.00,"Sein Kabar",,15000.00,0,"SKT00276"
,"Active","Inventory Part","Sll CZI Rear Shork Absorber",,"Non","000004 · Motor cycle Income","54200 · Motor Cycle","12100 · Inventory Asset",0.00,,2,"Count In Each (ce)","Count by the Count In Each",12500.00,"Sein Kabar",,15000.00,0,
,"Active","Inventory Part","SLL 125 Rear Shork Absorber",,"Non","000004 · Motor cycle Income","54200 · Motor Cycle","12100 · Inventory Asset",0.00,,-1,"Count In Each (ce)","Count by the Count In Each",14700.00,"Sein Kabar",,18000.00,0,"SKT00321"
,"Active","Inventory Part","SLL 110 Rear Shork Absorber",,"Non","000004 · Motor cycle Income","54200 · Motor Cycle","12100 · Inventory Asset",0.00,,2,"Count In Each (ce)","Count by the Count In Each",14000.00,"Sein Kabar",,18000.00,0,
,"Active","Inventory Part","110 Chain Cover Set",,"Non","000004 · Motor cycle Income","54200 · Motor Cycle","12100 · Inventory Asset",0.00,,2,"Count In Each (ce)","Count by the Count In Each",4500.00,"Sein Kabar",,5500.00,0,
,"Active","Inventory Part","125 Chain Cover Set",,"Non","000004 · Motor cycle Income","54200 · Motor Cycle","12100 · Inventory Asset",0.00,,1,"Count In Each (ce)","Count by the Count In Each",3550.00,"Sein Kabar",,5000.00,0,
,"Active","Inventory Part","YSD W-7 Chain Cover Set",,"Non","000004 · Motor cycle Income","54200 · Motor Cycle","12100 · Inventory Asset",0.00,,0,"Count In Each (ce)","Count by the Count In Each",3900.00,"Sein Kabar",,5000.00,0,
,"Active","Inventory Part","Lion King",,"Non","000004 · Motor cycle Income","54200 · Motor Cycle","12100 · Inventory Asset",0.00,,1,"Count In Each (ce)","Count by the Count In Each",11500.00,"Sein Kabar",,15000.00,0,
,"Active","Inventory Part","YSD 104 Chain Sproket","..","Non","000004 · Motor cycle Income","54200 · Motor Cycle","12100 · Inventory Asset",0.00,,0,"Count In Each (ce)","Count by the Count In Each",7300.00,"Sein Kabar",,10000.00,0,"SKT00090"
,"Active","Inventory Part","6000DD",,"Non","000007 · Ball & Bearing","54599 · Ball and Bearing","12100 · Inventory Asset",0.00,,10,"Count In Each (ce)","Count by the Count In Each",350.00,"Sein Kabar",,600.00,"","SKT00161"
,"Active","Inventory Part","YSD 6203",,"Non","000007 · Ball & Bearing","54599 · Ball and Bearing","12100 · Inventory Asset",0.00,,9,"Count In Each (ce)","Count by the Count In Each",620.00,"Sein Kabar",,1000.00,1,"SKT00167"
,"Active","Inventory Part","Jpr CZI Disc Pad",,"Non","000004 · Motor cycle Income","54200 · Motor Cycle","12100 · Inventory Asset",0.00,,6,"Count In Each (ce)","Count by the Count In Each",600.00,"Sein Kabar",,1000.00,0,
,"Active","Inventory Part","YSD 110 Solonide",,"Non","000004 · Motor cycle Income","54200 · Motor Cycle","12100 · Inventory Asset",0.00,,-4,"Count In Each (ce)","Count by the Count In Each",1975.00,"Sein Kabar",,2500.00,0,
,"Active","Inventory Part","SLL 12v Horn",,"Non","000004 · Motor cycle Income","54200 · Motor Cycle","12100 · Inventory Asset",0.00,,4,"Count In Each (ce)","Count by the Count In Each",1550.00,"Sein Kabar",,2113.63642,0,"SKT00302"
,"Active","Inventory Part","Ysd Spark Plug Cap",,"Non","000004 · Motor cycle Income","54200 · Motor Cycle","12100 · Inventory Asset",0.00,,40,"Count In Each (ce)","Count by the Count In Each",335.00,"Sein Kabar",,500.00,0,"SKT00247"
,"Active","Inventory Part","YSD 110 Caburetor Assy",,"Non","000004 · Motor cycle Income","54200 · Motor Cycle","12100 · Inventory Asset",0.00,,2,"Count In Each (ce)","Count by the Count In Each",7600.00,"Sein Kabar",,10000.00,0,"SKT00111"
,"Active","Inventory Part","YSD 125 Caburator",,"Non","000004 · Motor cycle Income","54200 · Motor Cycle","12100 · Inventory Asset",0.00,,2,"Count In Each (ce)","Count by the Count In Each",7300.00,"Sein Kabar",,10000.00,0,
,"Active","Inventory Part","Hamp 4 CDI",,"Non","000004 · Motor cycle Income","54200 · Motor Cycle","12100 · Inventory Asset",0.00,,0,"Count In Each (ce)","Count by the Count In Each",1400.00,"Sein Kabar",,2000.00,"",
,"Active","Inventory Part","17x3 Narrow Pinion",,"Non","000005 · Diesel Engine Income","54000 · Diesel","12100 · Inventory Asset",0.00,,1,"Count In Each (ce)","Count by the Count In Each",1450.00,"MyintMya",,2000.00,"",
,"Active","Inventory Part","Grinder Nut",,"Non","00001 · Hardware and tool Income","54300 · Hardware and tool","12100 · Inventory Asset",0.00,,11.5,"Count In Each (ce)","Count by the Count In Each",1100.00,"Raja",,2700.00,0,
,"Active","Inventory Part","WD-40 400ml",,"Non","00001 · Hardware and tool Income","54300 · Hardware and tool","12100 · Inventory Asset",0.00,,11,"Count In Each (ce)","Count by the Count In Each",9300.00,"Asai Light",,13984.96242,"",
,"Active","Inventory Part","Super Tiger Metal Cutter",,"Non","00001 · Hardware and tool Income","54300 · Hardware and tool","12100 · Inventory Asset",0.00,,1,"Count In Each (ce)","Count by the Count In Each",1200.00,"Asai Light",,2000.00,0,
,"Active","Inventory Part","Bohua Drill",,"Non","00001 · Hardware and tool Income","54300 · Hardware and tool","12100 · Inventory Asset",0.00,,0,"Count In Each (ce)","Count by the Count In Each",50000.00,"Raja",,60000.00,"",
,"Active","Inventory Part","Led Circle Flash Light",,"Non","000004 · Motor cycle Income","54200 · Motor Cycle","12100 · Inventory Asset",0.00,,9,"Count In Each (ce)","Count by the Count In Each",1300.00,"MH",,2000.00,0,
,"Active","Inventory Part","Eye Led Fancy Bulb",,"Non","000004 · Motor cycle Income","54200 · Motor Cycle","12100 · Inventory Asset",0.00,,7,"Count In Each (ce)","Count by the Count In Each",1700.00,"MH",,2500.00,0,
,"Active","Inventory Part","ET Led Front Bulb",,"Non","000004 · Motor cycle Income","54200 · Motor Cycle","12100 · Inventory Asset",0.00,,0,"Count In Each (ce)","Count by the Count In Each",5300.00,"MH",,7000.00,"",
,"Active","Inventory Part","GX200 Coil",,"Non","000006 · Gasoline","54100 · Gasoline Buy","12100 · Inventory Asset",0.00,,1,"Count In Each (ce)","Count by the Count In Each",1900.00,"MyintMya 2",,2500.00,"",
,"Active","Inventory Part","GX200 Carburator",,"Non","000006 · Gasoline","54100 · Gasoline Buy","12100 · Inventory Asset",0.00,,0,"Count In Each (ce)","Count by the Count In Each",3900.00,"MyintMya 2",,4500.00,"",
,"Active","Inventory Part","950 Cylinder",,"Non","000006 · Gasoline","54100 · Gasoline Buy","12100 · Inventory Asset",0.00,,0,"Count In Each (ce)","Count by the Count In Each",5000.00,"MyintMya 2",,6000.00,"",
,"Active","Inventory Part","GX200 Silencer",,"Non","000006 · Gasoline","54100 · Gasoline Buy","12100 · Inventory Asset",0.00,,1,"Count In Each (ce)","Count by the Count In Each",2750.00,"MyintMya 2",,3500.00,"",
,"Active","Inventory Part","2500 Silencer",,"Non","000006 · Gasoline","000006 · Gasoline","12100 · Inventory Asset",0.00,,0,"Count In Each (ce)","Count by the Count In Each",6000.00,"MyintMya 2",,7000.00,"",
,"Active","Inventory Part","GX200 Parking Gasket",,"Non","000006 · Gasoline","54100 · Gasoline Buy","12100 · Inventory Asset",0.00,,-3,"Count In Each (ce)","Count by the Count In Each",570.00,"MyintMya 2",,1000.00,"",
,"Active","Inventory Part","gx200 Startor String Set",,"Non","000006 · Gasoline","54100 · Gasoline Buy","12100 · Inventory Asset",0.00,,0,"Count In Each (ce)","Count by the Count In Each",2000.00,"MyintMya 2",,2500.00,"",
,"Active","Inventory Part","GX200 Oil Seal",,"Non","000006 · Gasoline","54100 · Gasoline Buy","12100 · Inventory Asset",0.00,,5,"Count In Each (ce)","Count by the Count In Each",150.00,"MyintMya 2",,300.00,"",
,"Active","Inventory Part","GX200 Valve Set",,"Non","000006 · Gasoline","54100 · Gasoline Buy","12100 · Inventory Asset",0.00,,2,"Count In Each (ce)","Count by the Count In Each",630.00,"MyintMya 2",,1000.00,"",
,"Active","Inventory Part","GX200 Piston STD",,"Non","000006 · Gasoline","54100 · Gasoline Buy","12100 · Inventory Asset",0.00,,0,"Count In Each (ce)","Count by the Count In Each",2250.00,"MyintMya 2",,3000.00,"",
,"Active","Inventory Part","GX200 Governor Spring",,"Non","000006 · Gasoline","54100 · Gasoline Buy","12100 · Inventory Asset",0.00,,11,"Count In Each (ce)","Count by the Count In Each",85.00,"MyintMya 2",,200.00,"",
,"Active","Inventory Part","GX200 Lever Spring",,"Non","000006 · Gasoline","54100 · Gasoline Buy","12100 · Inventory Asset",0.00,,4,"Count In Each (ce)","Count by the Count In Each",85.00,"MyintMya 2",,200.00,"",
,"Active","Inventory Part","GX200 Startort Spring Ecofit",,"Non","000006 · Gasoline","54100 · Gasoline Buy","12100 · Inventory Asset",0.00,,0,"Count In Each (ce)","Count by the Count In Each",400.00,"MyintMya 2",,600.00,"",
,"Active","Inventory Part","950 Silencer HMTO",,"Non","000006 · Gasoline","54100 · Gasoline Buy","12100 · Inventory Asset",0.00,,5,"Count In Each (ce)","Count by the Count In Each",4500.00,"MyintMya 2",,5000.00,"",
,"Active","Inventory Part","950 Governor Spring",,"Non","000006 · Gasoline","54100 · Gasoline Buy","12100 · Inventory Asset",0.00,,21,"Count In Each (ce)","Count by the Count In Each",85.00,"MyintMya 2",,200.00,"",
,"Active","Inventory Part","950 lever Spring","..","Non","000006 · Gasoline","54100 · Gasoline Buy","12100 · Inventory Asset",0.00,,17,"Count In Each (ce)","Count by the Count In Each",85.00,"MyintMya 2",,200.00,"",
,"Active","Inventory Part","950 Startor String Set",,"Non","000006 · Gasoline","54100 · Gasoline Buy","12100 · Inventory Asset",0.00,,0,"Count In Each (ce)","Count by the Count In Each",2250.00,"MyintMya 2",,3000.00,"",
,"Active","Inventory Part","950 Carburator",,"Non","000006 · Gasoline","54100 · Gasoline Buy","12100 · Inventory Asset",0.00,,1,"Count In Each (ce)","Count by the Count In Each",2600.00,"MyintMya 2",,3000.00,"",
,"Active","Inventory Part","950 Intake Valve",,"Non","000006 · Gasoline","54100 · Gasoline Buy","12100 · Inventory Asset",0.00,,5,"Count In Each (ce)","Count by the Count In Each",900.00,"MyintMya 2",,1500.00,"",
,"Active","Inventory Part","24uF Capacitor",,"Non","000006 · Gasoline","000006 · Gasoline","12100 · Inventory Asset",0.00,,2,"Count In Each (ce)","Count by the Count In Each",1100.00,"MyintMya 2",,1500.00,"",
,"Active","Inventory Part","950 Plug Coil",,"Non","000006 · Gasoline","54100 · Gasoline Buy","12100 · Inventory Asset",0.00,,-1,"Count In Each (ce)","Count by the Count In Each",1050.00,"MyintMya 2",,1500.00,"",
,"Active","Inventory Part","950 Half Moon Coil",,"Non","000006 · Gasoline","54100 · Gasoline Buy","12100 · Inventory Asset",0.00,,2,"Count In Each (ce)","Count by the Count In Each",1050.00,"MyintMya 2",,1500.00,"",
,"Active","Inventory Part","950 CDI Coil",,"Non","000006 · Gasoline","54100 · Gasoline Buy","12100 · Inventory Asset",0.00,,0,"Count In Each (ce)","Count by the Count In Each",1050.00,"MyintMya 2",,1500.00,"",
,"Active","Inventory Part","950 Oil Seal HMTO",,"Non","000006 · Gasoline","54100 · Gasoline Buy","12100 · Inventory Asset",0.00,,0,"Count In Each (ce)","Count by the Count In Each",250.00,"MyintMya 2",,500.00,"",
,"Active","Inventory Part","950 Parking Set",,"Non","000006 · Gasoline","54100 · Gasoline Buy","12100 · Inventory Asset",0.00,,1,"Count In Each (ce)","Count by the Count In Each",280.00,"MyintMya 2",,500.00,"",
,"Active","Inventory Part","950 Piston Std",,"Non","000006 · Gasoline","54100 · Gasoline Buy","12100 · Inventory Asset",0.00,,2,"Count In Each (ce)","Count by the Count In Each",1250.00,"MyintMya 2",,2000.00,"",
,"Active","Inventory Part","GX220 Parking Set",,"Non","000006 · Gasoline","54100 · Gasoline Buy","12100 · Inventory Asset",0.00,,6,"Count In Each (ce)","Count by the Count In Each",560.00,"MyintMya 2",,1000.00,"",
,"Active","Inventory Part","GX220 Valve Set Ecofit",,"Non","000006 · Gasoline","54100 · Gasoline Buy","12100 · Inventory Asset",0.00,,-2,"Count In Each (ce)","Count by the Count In Each",1200.00,"MyintMya 2",,1500.00,"",
,"Active","Inventory Part","GX220 Piston Std",,"Non","000006 · Gasoline","54100 · Gasoline Buy","12100 · Inventory Asset",0.00,,0,"Count In Each (ce)","Count by the Count In Each",2350.00,"MyintMya 2",,3000.00,"",
,"Active","Inventory Part","17x3 Left Fan",,"Non","000005 · Diesel Engine Income","54000 · Diesel","12100 · Inventory Asset",0.00,,0,"Count In Each (ce)","Count by the Count In Each",5100.00,"MyintMya",,6000.00,"",
,"Active","Inventory Part","17 Eagleone Half Spaner Ring",,"Non","00001 · Hardware and tool Income","54300 · Hardware and tool","12100 · Inventory Asset",0.00,,0,"Count In Each (ce)","Count by the Count In Each",1700.00,"Raja",,3500.00,"","h"
,"Active","Inventory Part","Plug Spaner Long 21",,"Non","00001 · Hardware and tool Income","54300 · Hardware and tool","12100 · Inventory Asset",0.00,,13,"Count In Each (ce)","Count by the Count In Each",2600.00,"Raja",,3611.11114,1,
,"Active","Inventory Part","22 Crank Bush",,"Non","000005 · Diesel Engine Income","54000 · Diesel","12100 · Inventory Asset",0.00,,5,"Count In Each (ce)","Count by the Count In Each",1750.00,"MyintMya",,2500.00,"",
,"Active","Inventory Part","7/8"" Twisted Drill",,"Non","00001 · Hardware and tool Income","54300 · Hardware and tool","12100 · Inventory Asset",0.00,,0,"Count In Each (ce)","Count by the Count In Each",6000.00,"Raja",,7500.00,"",
,"Active","Inventory Part","10 T","..","Non","00001 · Hardware and tool Income","54300 · Hardware and tool","12100 · Inventory Asset",0.00,,18,"Count In Each (ce)","Count by the Count In Each",2600.00,"Raja",,5200.00,1,
,"Active","Inventory Part","PTT Challenger 4T",,"Non","000008 · Lubricant and Oil Income","Lubricant and Oil","12100 · Inventory Asset",0.00,,1,"Count In Each (ce)","Count by the Count In Each",9000.00,"Tunn Star",,13000.00,1,
,"Active","Inventory Part","Long Box Spaner 19",,"Non","00001 · Hardware and tool Income","54300 · Hardware and tool","12100 · Inventory Asset",0.00,,11,"Count In Each (ce)","Count by the Count In Each",1750.00,"Raja",,3500.00,1,
,"Active","Inventory Part","32208",,"Non","000007 · Ball & Bearing","54599 · Ball and Bearing","12100 · Inventory Asset",0.00,,8,"Count In Each (ce)","Count by the Count In Each",3500.00,"Super",,4500.00,1,
,"Active","Inventory Part","Bosny Metallic Black No.1139",,"Non","00001 · Hardware and tool Income","54300 · Hardware and tool","12100 · Inventory Asset",0.00,,3,"Count In Each (ce)","Count by the Count In Each",3125.00,"Raja",,5000.00,1,
,"Active","Inventory Part","Trane Super Nano Coolant 1L",,"Non","000008 · Lubricant and Oil Income","Lubricant and Oil","12100 · Inventory Asset",0.00,,0,"Count In Each (ce)","Count by the Count In Each",4500.00,"Htoo 3",,6000.00,"",
,"Active","Inventory Part","6x1Black Screw",,"Non","000003 · Bolt and Nut Income","54520 · Bolt and Nut","12100 · Inventory Asset",0.00,,4607.66667,"Count In Each (ce)","Count by the Count In Each",2.7957,"Roberts & Bros",,15.00,1,
,"Active","Inventory Part","Nasa Coolant Green 1 Lit",,"Non","000008 · Lubricant and Oil Income","Lubricant and Oil","12100 · Inventory Asset",0.00,,3,"Count In Each (ce)","Count by the Count In Each",4929.00,"Nasa Sein Wut Hmon",,8000.00,1,
,"Active","Inventory Part","Adjustable Plier Straight","..","Non","00001 · Hardware and tool Income","54300 · Hardware and tool","12100 · Inventory Asset",0.00,,0,"Count In Each (ce)","Count by the Count In Each",6000.00,"Raja",,10000.00,"",
,"Active","Inventory Part","Auto Wire Stripping Plier",,"Non","00001 · Hardware and tool Income","54300 · Hardware and tool","12100 · Inventory Asset",0.00,,10,"Count In Each (ce)","Count by the Count In Each",2000.00,"Raja",,3000.00,1,
,"Active","Inventory Part","13MM Drill",,"Non","00001 · Hardware and tool Income","54300 · Hardware and tool","12100 · Inventory Asset",0.00,,0,"Count In Each (ce)","Count by the Count In Each",26500.00,"Raja",,45000.00,1,
,"Active","Inventory Part","Startor Coil Yellow 2 Pin 2",,"Non","000004 · Motor cycle Income","54200 · Motor Cycle","12100 · Inventory Asset",0.00,,6,"Count In Each (ce)","Count by the Count In Each",5800.00,"Thar Aung & Bros",,7250.00,0,
,"Active","Inventory Part","8"" Tiger Tongue",,"Non","00001 · Hardware and tool Income","54300 · Hardware and tool","12100 · Inventory Asset",0.00,,11,"Count In Each (ce)","Count by the Count In Each",4166.66667,"Raja",,5303.03042,1,
,"Active","Inventory Part","Long Box Spaner 22",,"Non","00001 · Hardware and tool Income","54300 · Hardware and tool","12100 · Inventory Asset",0.00,,11,"Count In Each (ce)","Count by the Count In Each",2200.00,"Raja",,4000.00,"",
,"Active","Inventory Part","Baby Seat",,"Non","000004 · Motor cycle Income","54200 · Motor Cycle","12100 · Inventory Asset",0.00,,2,"Count In Each (ce)","Count by the Count In Each",10200.00,"Sein Kabar",,11000.00,1,
,"Active","Inventory Part","Two way Oil Filter Wrench",,"Non","00001 · Hardware and tool Income","54300 · Hardware and tool","12100 · Inventory Asset",0.00,,10,"Count In Each (ce)","Count by the Count In Each",6000.00,"Raja",,7000.00,1,
,"Active","Inventory Part","Steering Handle Supper Gripp",,"Non","000004 · Motor cycle Income","54200 · Motor Cycle","12100 · Inventory Asset",0.00,,-5,"Count In Each (ce)","Count by the Count In Each",2600.00,"MH",,3500.00,"",
,"Active","Inventory Part","Signal Bulb Control",,"Non","000004 · Motor cycle Income","54200 · Motor Cycle","12100 · Inventory Asset",0.00,,0,"Count In Each (ce)","Count by the Count In Each",2900.00,"MH",,3500.00,"",
,"Active","Inventory Part","LED 6 Bulb Light Bar",,"Non","000004 · Motor cycle Income","54200 · Motor Cycle","12100 · Inventory Asset",0.00,,0,"Count In Each (ce)","Count by the Count In Each",2200.00,"MH",,4000.00,0,
,"Active","Inventory Part","Back Mirror Close Rubber",,"Non","000004 · Motor cycle Income","54200 · Motor Cycle","12100 · Inventory Asset",0.00,,0,"Count In Each (ce)","Count by the Count In Each",80.00,"MH",,150.00,0,
,"Active","Inventory Part","Back Mirror Layer Light",,"Non","000004 · Motor cycle Income","54200 · Motor Cycle","12100 · Inventory Asset",0.00,,1,"Count In Each (ce)","Count by the Count In Each",4100.00,"MH",,5000.00,0,
,"Active","Inventory Part","ZKHH Snail Horn",,"Non","000004 · Motor cycle Income","54200 · Motor Cycle","12100 · Inventory Asset",0.00,,0,"Count In Each (ce)","Count by the Count In Each",2000.00,"MH",,3500.00,"",
,"Active","Inventory Part","Phone Layer",,"Non","000004 · Motor cycle Income","54200 · Motor Cycle","12100 · Inventory Asset",0.00,,1,"Count In Each (ce)","Count by the Count In Each",2400.00,"MH",,3500.00,"",
,"Active","Inventory Part","Led 12 Bulbs Long",,"Non","000004 · Motor cycle Income","54200 · Motor Cycle","12100 · Inventory Asset",0.00,,0,"Count In Each (ce)","Count by the Count In Each",8500.00,"MH",,10000.00,"",
,"Active","Inventory Part","LED 6 Bulb Headlamp",,"Non","000004 · Motor cycle Income","54200 · Motor Cycle","12100 · Inventory Asset",0.00,,0,"Count In Each (ce)","Count by the Count In Each",4600.00,"MH",,5500.00,"",
,"Active","Inventory Part","414418",,"Non","000007 · Ball & Bearing","54599 · Ball and Bearing","12100 · Inventory Asset",0.00,,3,"Count In Each (ce)","Count by the Count In Each",4500.00,"Super",,5500.00,1,
,"Active","Inventory Part","25580",,"Non","000007 · Ball & Bearing","54599 · Ball and Bearing","12100 · Inventory Asset",0.00,,-2,"Count In Each (ce)","Count by the Count In Each",3700.00,"Super",,5000.00,1,
,"Active","Inventory Part","110 125 Clean Switch",,"Non","000004 · Motor cycle Income","54200 · Motor Cycle","12100 · Inventory Asset",0.00,,16,"Count In Each (ce)","Count by the Count In Each",250.00,"Thar Aung & Bros",,500.00,1,
,"Active","Inventory Part","62 L Chain",,"Non","000004 · Motor cycle Income","54200 · Motor Cycle","12100 · Inventory Asset",0.00,,0,"Count In Each (ce)","Count by the Count In Each",900.00,"Thar Aung & Bros",,1500.00,1,"SKT00050"
,"Active","Inventory Part","18CC Delivery Valve HB",,"Non","000005 · Diesel Engine Income","54000 · Diesel","12100 · Inventory Asset",0.00,,6,"Count In Each (ce)","Count by the Count In Each",580.00,"MyintMya",,800.00,"",
,"Active","Inventory Part","175 Delivery Valve Y",,"Non","000005 · Diesel Engine Income","54000 · Diesel","12100 · Inventory Asset",0.00,,5,"Count In Each (ce)","Count by the Count In Each",650.00,"MyintMya",,1000.00,"",
,"Active","Inventory Part","Ring STD KYK",,"Non","000004 · Motor cycle Income","54200 · Motor Cycle","12100 · Inventory Asset",0.00,,8,"Count In Each (ce)","Count by the Count In Each",1950.00,"Thar Aung & Bros",,2500.00,1,
,"Active","Inventory Part","Piston STD KYK",,"Non","000004 · Motor cycle Income","54200 · Motor Cycle","12100 · Inventory Asset",0.00,,-1,"Count In Each (ce)","Count by the Count In Each",2200.00,"Thar Aung & Bros",,2500.00,1,
,"Active","Inventory Part","4.2x2"" Self Drill Screw",,"Non","000003 · Bolt and Nut Income","54520 · Bolt and Nut","12100 · Inventory Asset",0.00,,904,"Count In Each (ce)","Count by the Count In Each",13.00,"Roberts & Bros",,30.00,10,
,"Active","Inventory Part","4.2x11/2"" Self Drill",,"Non","000003 · Bolt and Nut Income","54520 · Bolt and Nut","12100 · Inventory Asset",0.00,,-302,"Count In Each (ce)","Count by the Count In Each",11.00,"Roberts & Bros",,25.00,"",
,"Active","Inventory Part","Belt",,"Non","000004 · Motor cycle Income","54200 · Motor Cycle","12100 · Inventory Asset",0.00,,15,"Count In Each (ce)","Count by the Count In Each",170.00,"MH",,300.00,1,
,"Active","Inventory Part","Long Box Spaner 21",,"Non","00001 · Hardware and tool Income","54300 · Hardware and tool","12100 · Inventory Asset",0.00,,15,"Count In Each (ce)","Count by the Count In Each",7500.00,"Raja",,12000.00,1,
,"Active","Inventory Part","Wire Stripping Plier",,"Non","00001 · Hardware and tool Income","54300 · Hardware and tool","12100 · Inventory Asset",0.00,,0,"Count In Each (ce)","Count by the Count In Each",1700.00,"Raja",,2500.00,1,
,"Active","Inventory Part","5/8 Drill Chuck",,"Non","00001 · Hardware and tool Income","54300 · Hardware and tool","12100 · Inventory Asset",0.00,,0,"Count In Each (ce)","Count by the Count In Each",11000.00,"Raja",,14666.6663,0,
,"Active","Inventory Part","Eagleone 12"" Adjust Plier",,"Non","00001 · Hardware and tool Income","54300 · Hardware and tool","12100 · Inventory Asset",0.00,,0,"Count In Each (ce)","Count by the Count In Each",8000.00,"Raja",,13500.00,"",
,"Active","Inventory Part","6""Spring Caliper",,"Non","00001 · Hardware and tool Income","54300 · Hardware and tool","12100 · Inventory Asset",0.00,,12,"pair (pr)","Count by the pair",2500.00,"Raja",,3500.00,0,
,"Active","Inventory Part","18V Battery",,"Non","00001 · Hardware and tool Income","54300 · Hardware and tool","12100 · Inventory Asset",0.00,,1,"Count In Each (ce)","Count by the Count In Each",18000.00,"Raja",,20000.00,0,
,"Active","Inventory Part","Price Tape",,"Non","00001 · Hardware and tool Income","54300 · Hardware and tool","12100 · Inventory Asset",0.00,,89,"Count In Each (ce)","Count by the Count In Each",200.00,"Raja",,300.00,5,
,"Active","Inventory Part","Auto Horn",,"Non","000004 · Motor cycle Income","54200 · Motor Cycle","12100 · Inventory Asset",0.00,,2,"Count In Each (ce)","Count by the Count In Each",7800.00,"MH",,10000.00,"",
,"Active","Inventory Part","Angle Eye Front Light",,"Non","000004 · Motor cycle Income","54200 · Motor Cycle","12100 · Inventory Asset",0.00,,0,"Count In Each (ce)","Count by the Count In Each",8000.00,"MH",,9000.00,"",
,"Active","Inventory Part","JPR W-125 Lock",,"Non","000004 · Motor cycle Income","54200 · Motor Cycle","12100 · Inventory Asset",0.00,,2,"Count In Each (ce)","Count by the Count In Each",3975.00,"Sein Kabar",,5000.00,1,
,"Active","Inventory Part","JPR Long Lock",,"Non","000004 · Motor cycle Income","54200 · Motor Cycle","12100 · Inventory Asset",0.00,,0,"Count In Each (ce)","Count by the Count In Each",4000.00,"Sein Kabar",,5000.00,1,"SKT00454"
,"Active","Inventory Part","JPR Short Lock",,"Non","000004 · Motor cycle Income","54200 · Motor Cycle","12100 · Inventory Asset",0.00,,0,"Count In Each (ce)","Count by the Count In Each",3975.00,"Sein Kabar",,5000.00,1,
,"Active","Inventory Part","YSD Loujia 7 Pin Lock",,"Non","000004 · Motor cycle Income","54200 · Motor Cycle","12100 · Inventory Asset",0.00,,1,"Count In Each (ce)","Count by the Count In Each",2675.00,"Sein Kabar",,3500.00,"",
,"Active","Inventory Part","YSD 110 4Pin Lock",,"Non","000004 · Motor cycle Income","54200 · Motor Cycle","12100 · Inventory Asset",0.00,,0,"Count In Each (ce)","Count by the Count In Each",2570.00,"Sein Kabar",,3000.00,1,
,"Active","Inventory Part","Upper Brake Parts",,"Non","000004 · Motor cycle Income","54200 · Motor Cycle","12100 · Inventory Asset",0.00,,-2,"Count In Each (ce)","Count by the Count In Each",630.00,"Sein Kabar",,1000.00,1,"SKT00067"
,"Active","Inventory Part","Welding Cover Laser",,"Non","00001 · Hardware and tool Income","54300 · Hardware and tool","12100 · Inventory Asset",0.00,,1,"Count In Each (ce)","Count by the Count In Each",25000.00,"Raja",,30000.00,1,
,"Active","Inventory Part","150 Regulator",,"Non","000004 · Motor cycle Income","54200 · Motor Cycle","12100 · Inventory Asset",0.00,,0,"Count In Each (ce)","Count by the Count In Each",3800.00,"Yin Maha",,4500.00,"",
,"Active","Inventory Part","RatChet Screwdriver",,"Non","00001 · Hardware and tool Income","54300 · Hardware and tool","12100 · Inventory Asset",0.00,,0,"Count In Each (ce)","Count by the Count In Each",1600.00,"Raja",,2500.00,"",
,"Active","Inventory Part","1/2<3/4 Box Spaner Changer",,"Non","00001 · Hardware and tool Income","54300 · Hardware and tool","12100 · Inventory Asset",0.00,,-2,"Count In Each (ce)","Count by the Count In Each",4200.00,"Raja",,7000.00,1,
,"Active","Inventory Part","Tip top Grease .5G",,"Non","000008 · Lubricant and Oil Income","Lubricant and Oil","12100 · Inventory Asset",0.00,,0,"Count In Each (ce)","Count by the Count In Each",3040.00,"Tip Top",,3500.00,1,
,"Active","Inventory Part","Fancy Signal Bulb",,"Non","000004 · Motor cycle Income","54200 · Motor Cycle","12100 · Inventory Asset",0.00,,1.5,"Count In Each (ce)","Count by the Count In Each",2300.00,"MH",,3000.00,1,
,"Active","Inventory Part","Handle Back Mirror",,"Non","000004 · Motor cycle Income","54200 · Motor Cycle","12100 · Inventory Asset",0.00,,0,"Count In Each (ce)","Count by the Count In Each",3500.00,"MH",,4000.00,1,
,"Active","Inventory Part","Fancy Axle Cover",,"Non","000004 · Motor cycle Income","54200 · Motor Cycle","12100 · Inventory Asset",0.00,,1,"pair (pr)","Count by the pair",800.00,"MH",,1000.00,1,
,"Active","Inventory Part","Fancy Back Mirror Nut",,"Non","000004 · Motor cycle Income","54200 · Motor Cycle","12100 · Inventory Asset",0.00,,0,"pair (pr)","Count by the pair",480.00,"MH",,800.00,1,
,"Active","Inventory Part","LED 6 Bulb 7Colour",,"Non","000004 · Motor cycle Income","54200 · Motor Cycle","12100 · Inventory Asset",0.00,,1,"Count In Each (ce)","Count by the Count In Each",2500.00,"MH",,3000.00,1,
,"Active","Inventory Part","Big Plastic Stick",,"Non","00001 · Hardware and tool Income","54300 · Hardware and tool","12100 · Inventory Asset",0.00,,40,"Count In Each (ce)","Count by the Count In Each",600.00,"Raja",,1800.00,1,
,"Active","Inventory Part","Small Plastic Stick",,"Non","00001 · Hardware and tool Income","54300 · Hardware and tool","12100 · Inventory Asset",0.00,,82,"Count In Each (ce)","Count by the Count In Each",300.00,"Raja",,666.66666,1,
,"Active","Inventory Part","30mm Heavy Box Spaner",,"Non","00001 · Hardware and tool Income","54300 · Hardware and tool","12100 · Inventory Asset",0.00,,6,"Count In Each (ce)","Count by the Count In Each",18000.00,"Raja",,24000.00,1,
,"Active","Inventory Part","8.10.12.14 T",,"Non","00001 · Hardware and tool Income","54300 · Hardware and tool","12100 · Inventory Asset",0.00,,0,"Count In Each (ce)","Count by the Count In Each",1600.00,"Raja",,2000.00,1,
,"Active","Inventory Part","Screwdriver Set",,"Non","00001 · Hardware and tool Income","54300 · Hardware and tool","12100 · Inventory Asset",0.00,,1,"Count In Each (ce)","Count by the Count In Each",3200.00,"Raja",,4266.66656,"",
,"Active","Inventory Part","Hotmelt Glue Gun",,"Non","00001 · Hardware and tool Income","54300 · Hardware and tool","12100 · Inventory Asset",0.00,,2,"Count In Each (ce)","Count by the Count In Each",5000.00,"Raja",,6500.00,1,
,"Active","Inventory Part","22 Main Pipe",,"Non","000005 · Diesel Engine Income","54000 · Diesel","12100 · Inventory Asset",0.00,,2,"Count In Each (ce)","Count by the Count In Each",850.00,"MyintMya",,1000.00,"",
,"Active","Inventory Part","22 Lever Arm",,"Non","000005 · Diesel Engine Income","54000 · Diesel","12100 · Inventory Asset",0.00,,-2,"Count In Each (ce)","Count by the Count In Each",800.00,"MyintMya",,1500.00,"",
,"Active","Inventory Part","UCP.207 TIG",,"Non","000007 · Ball & Bearing","54599 · Ball and Bearing","12100 · Inventory Asset",0.00,,4,"Count In Each (ce)","Count by the Count In Each",7050.00,"Super",,9165.00,1,
,"Active","Inventory Part","Arr Mann welding",,"Non","00001 · Hardware and tool Income","54300 · Hardware and tool","12100 · Inventory Asset",0.00,,0,"Count In Each (ce)","Count by the Count In Each",110000.00,"Raja",,130000.00,"",
,"Active","Inventory Part","Inside Outside Measure","....","Non","00001 · Hardware and tool Income","54300 · Hardware and tool","12100 · Inventory Asset",0.00,"....",-5,"Count In Each (ce)","Count by the Count In Each",1500.00,"Raja",,5000.00,1,
,"Active","Inventory Part","Mobil Delvac MX 15W40 5Lit",,"Non","000008 · Lubricant and Oil Income","Lubricant and Oil","12100 · Inventory Asset",0.00,,0,"Count In Each (ce)","Count by the Count In Each",25000.00,"Mobil",,33000.00,"",
,"Active","Inventory Part","Mobil Delvac MX 15W40 1Lit",,"Non","000008 · Lubricant and Oil Income","Lubricant and Oil","12100 · Inventory Asset",0.00,,0,"Count In Each (ce)","Count by the Count In Each",5000.00,"Mobil",,6500.00,"",
,"Active","Inventory Part","Mobil Super 1000 10W30 4Lit",,"Non","000008 · Lubricant and Oil Income","Lubricant and Oil","12100 · Inventory Asset",0.00,,5,"Count In Each (ce)","Count by the Count In Each",22000.00,"Mobil",,27000.00,1,
,"Active","Inventory Part","Mobil Super 2000 10W40 4 L","..","Non","000008 · Lubricant and Oil Income","Lubricant and Oil","12100 · Inventory Asset",0.00,"..",0,"Count In Each (ce)","Count by the Count In Each",29000.00,"Mobil",,36000.00,1,
,"Active","Inventory Part","YSd Clutch Repair Kit",,"Non","000004 · Motor cycle Income","54200 · Motor Cycle","12100 · Inventory Asset",0.00,,11,"Count In Each (ce)","Count by the Count In Each",1680.00,"Sein Kabar",,2000.00,1,"SKT00083"
,"Active","Inventory Part","JPR Megnet Coil Cover Gasket",,"Non","000004 · Motor cycle Income","54200 · Motor Cycle","12100 · Inventory Asset",0.00,,75,"Count In Each (ce)","Count by the Count In Each",165.00,"Sein Kabar",,300.00,1,
,"Active","Inventory Part","JPR Clutch Cover Gasket",,"Non","000004 · Motor cycle Income","54200 · Motor Cycle","12100 · Inventory Asset",0.00,,89,"Count In Each (ce)","Count by the Count In Each",160.00,"Sein Kabar",,300.00,1,
,"Active","Inventory Part","SLL Valve Guide",,"Non","000004 · Motor cycle Income","54200 · Motor Cycle","12100 · Inventory Asset",0.00,,7,"Count In Each (ce)","Count by the Count In Each",785.00,"Sein Kabar",,1000.00,1,
,"Active","Inventory Part","YSD Voltage Regulator 5 pin","..","Non","000004 · Motor cycle Income","54200 · Motor Cycle","12100 · Inventory Asset",0.00,"..",-2,"Count In Each (ce)","Count by the Count In Each",2375.00,"Sein Kabar",,3000.00,1,
,"Active","Inventory Part","YSD Voltage Regulator 4 pin",,"Non","000004 · Motor cycle Income","54200 · Motor Cycle","12100 · Inventory Asset",0.00,,0,"Count In Each (ce)","Count by the Count In Each",2600.00,"Sein Kabar",,3000.00,1,
,"Active","Inventory Part","YSD 110 CDI 4",,"Non","000004 · Motor cycle Income","54200 · Motor Cycle","12100 · Inventory Asset",0.00,,2,"Count In Each (ce)","Count by the Count In Each",3850.00,"Sein Kabar",,5133.33321,1,"SKT00036"
,"Active","Inventory Part","YSD Drive Pinion 69",,"Non","000004 · Motor cycle Income","54200 · Motor Cycle","12100 · Inventory Asset",0.00,,0,"Count In Each (ce)","Count by the Count In Each",3780.00,"Sein Kabar",,4500.00,1,
,"Active","Inventory Part","YSD Drive Pinion 17",,"Non","000004 · Motor cycle Income","54200 · Motor Cycle","12100 · Inventory Asset",0.00,,0,"Count In Each (ce)","Count by the Count In Each",1280.00,"Sein Kabar",,1500.00,1,
,"Active","Inventory Part","YSD Sprocket Hub Set",,"Non","000004 · Motor cycle Income","54200 · Motor Cycle","12100 · Inventory Asset",0.00,,-2,"Count In Each (ce)","Count by the Count In Each",2850.00,"Sein Kabar",,3500.00,1,
,"Active","Inventory Part","YSD Ring Std",,"Non","000004 · Motor cycle Income","54200 · Motor Cycle","12100 · Inventory Asset",0.00,,6,"Count In Each (ce)","Count by the Count In Each",1600.00,"Sein Kabar",,2500.00,1,"SKT00129"
,"Active","Inventory Part","Ysd Piston Std",,"Non","000004 · Motor cycle Income","54200 · Motor Cycle","12100 · Inventory Asset",0.00,,2,"Count In Each (ce)","Count by the Count In Each",2500.00,"Sein Kabar",,3000.00,1,"SKT00132"
,"Active","Inventory Part","Rear Brake Switch Spring",,"Non","000004 · Motor cycle Income","54200 · Motor Cycle","12100 · Inventory Asset",0.00,,0,"Count In Each (ce)","Count by the Count In Each",50.00,"Sein Kabar",,100.00,1,
,"Active","Inventory Part","SLL Brake Cable",,"Non","000004 · Motor cycle Income","54200 · Motor Cycle","12100 · Inventory Asset",0.00,,36,"Count In Each (ce)","Count by the Count In Each",800.00,"Sein Kabar",,2000.00,1,"SKT00801"
,"Active","Inventory Part","YX Cable Storm Door Thread Arm","..","Non","000004 · Motor cycle Income","54200 · Motor Cycle","12100 · Inventory Asset",0.00,,4,"Count In Each (ce)","Count by the Count In Each",800.00,"Sein Kabar",,1000.00,1,
,"Active","Inventory Part","SLL 125 Cable Comb Trottle",,"Non","000004 · Motor cycle Income","54200 · Motor Cycle","12100 · Inventory Asset",0.00,,3,"Count In Each (ce)","Count by the Count In Each",800.00,"Sein Kabar",,1300.00,1,
,"Active","Inventory Part","JPr Sprocket Spacer",,"Non","000004 · Motor cycle Income","54200 · Motor Cycle","12100 · Inventory Asset",0.00,,12,"Count In Each (ce)","Count by the Count In Each",360.00,"Sein Kabar",,700.00,1,
,"Active","Inventory Part","SLL Czi Center Absorber",,"Non","000004 · Motor cycle Income","54200 · Motor Cycle","12100 · Inventory Asset",0.00,,1,"Count In Each (ce)","Count by the Count In Each",13200.00,"Sein Kabar",,16000.00,0,
,"Active","Inventory Part","YSD Motor Rotor",,"Non","000004 · Motor cycle Income","54200 · Motor Cycle","12100 · Inventory Asset",0.00,,4,"Count In Each (ce)","Count by the Count In Each",3200.00,"Sein Kabar",,4000.00,1,
,"Active","Inventory Part","Cable Storm Door Arm",,"Non","000004 · Motor cycle Income","54200 · Motor Cycle","12100 · Inventory Asset",0.00,,23,"Count In Each (ce)","Count by the Count In Each",825.00,"Thar Aung & Bros",,1000.00,1,
,"Active","Inventory Part","8"" Steel Files Tringle",,"Non","00001 · Hardware and tool Income","54300 · Hardware and tool","12100 · Inventory Asset",0.00,,11,"Count In Each (ce)","Count by the Count In Each",1083.33333,"Raja",,1500.00,1,
,"Active","Inventory Part","Venier Caliper",,"Non","00001 · Hardware and tool Income","54300 · Hardware and tool","12100 · Inventory Asset",0.00,,3,"Count In Each (ce)","Count by the Count In Each",17500.00,"Raja",,21875.00,1,
,"Active","Inventory Part","Boda Grinder G8-100",,"Non","00001 · Hardware and tool Income","54300 · Hardware and tool","12100 · Inventory Asset",0.00,,0,"Count In Each (ce)","Count by the Count In Each",31000.00,"Raja",,35000.00,1,
,"Active","Inventory Part","Kepu Welding MMA 280",,"Non","00001 · Hardware and tool Income","54300 · Hardware and tool","12100 · Inventory Asset",0.00,,0,"Count In Each (ce)","Count by the Count In Each",175000.00,"Raja",,200000.00,"",
,"Active","Inventory Part","8"" Small Screwdriver -",,"Non","00001 · Hardware and tool Income","54300 · Hardware and tool","12100 · Inventory Asset",0.00,,42,"Count In Each (ce)","Count by the Count In Each",833.33333,"Raja",,1500.00,1,
,"Active","Inventory Part","8"" Small Screwdriver *",,"Non","00001 · Hardware and tool Income","54300 · Hardware and tool","12100 · Inventory Asset",0.00,,29,"Count In Each (ce)","Count by the Count In Each",220.00,"Raja",,1500.00,1,
,"Active","Inventory Part","Center Stand Key",,"Non","000004 · Motor cycle Income","54200 · Motor Cycle","12100 · Inventory Asset",0.00,,16,"Count In Each (ce)","Count by the Count In Each",150,"Thar Aung & Bros",,200.00,1,
,"Active","Inventory Part","Side Stand",,"Non","000004 · Motor cycle Income","54200 · Motor Cycle","12100 · Inventory Asset",0.00,,3,"Count In Each (ce)","Count by the Count In Each",1125.00,"Thar Aung & Bros",,1500.00,1,"SKT00444"
,"Active","Inventory Part","Tipo Steel Cutting Wheel",,"Non","00001 · Hardware and tool Income","54300 · Hardware and tool","12100 · Inventory Asset",0.00,,4,"count in box (cb)","Count by the count in Pack",250.00,"Raja",,300.00,1,
,"Active","Inventory Part","Tip Top SAE 10W40 SL 4Lit",,"Non","000008 · Lubricant and Oil Income","Lubricant and Oil","12100 · Inventory Asset",0.00,,0,"Count In Each (ce)","Count by the Count In Each",16500.00,"Tip Top",,20000.00,1,
,"Active","Inventory Part","Tip Top SAE 10W30 SL 4Lit",,"Non","000008 · Lubricant and Oil Income","Lubricant and Oil","12100 · Inventory Asset",0.00,,0,"Count In Each (ce)","Count by the Count In Each",16500.00,"Tip Top",,20000.00,1,
,"Active","Inventory Part","Hero SAE 40 CF/SD",,"Non","000008 · Lubricant and Oil Income","Lubricant and Oil","12100 · Inventory Asset",0.00,,0,"Count In Each (ce)","Count by the Count In Each",13016.66667,"Tip Top",,20000.00,1,
,"Active","Inventory Part","Tip Top SAE 20W50 CG/4 SJ 4Lit",,"Non","000008 · Lubricant and Oil Income","Lubricant and Oil","12100 · Inventory Asset",0.00,,1,"Count In Each (ce)","Count by the Count In Each",18200.00,"Tip Top",,20000.00,"",
,"Active","Inventory Part","Tip Top SAE 15W40CG/4SJ 4Lit",,"Non","000008 · Lubricant and Oil Income","Lubricant and Oil","12100 · Inventory Asset",0.00,,1.83636,"Count In Each (ce)","Count by the Count In Each",18200.00,"Tip Top",,20000.00,1,
,"Active","Inventory Part","Tip Top SAE50 SC/CC",,"Non","000008 · Lubricant and Oil Income","Lubricant and Oil","12100 · Inventory Asset",0.00,,0,"Count In Each (ce)","Count by the Count In Each",3135.00,"Tip Top",,3500.00,"",
,"Active","Inventory Part","Tap M16",,"Non","00001 · Hardware and tool Income","54300 · Hardware and tool","12100 · Inventory Asset",0.00,,-0.00003,"Count In Each (ce)","Count by the Count In Each",6500,"Raja",,9000.00,1,
,"Active","Inventory Part","Tap M14",,"Non","00001 · Hardware and tool Income","54300 · Hardware and tool","12100 · Inventory Asset",0.00,,-0.4444,"Count In Each (ce)","Count by the Count In Each",7500.00,"Raja",,9000.00,1,
,"Active","Inventory Part","1"" Pipe",,"Non","00001 · Hardware and tool Income","54300 · Hardware and tool","12100 · Inventory Asset",0.00,,200,"foot (ft)","Length by the foot",130,"Raja",,250.00,1,
,"Active","Inventory Part","Abarasive Paper P60",,"Non","00001 · Hardware and tool Income","54300 · Hardware and tool","12100 · Inventory Asset",0.00,,99,"Count In Each (ce)","Count by the Count In Each",122.70,"Raja",,300.00,1,
,"Active","Inventory Part","16mm Tipo Twist Drill Bit",,"Non","00001 · Hardware and tool Income","54300 · Hardware and tool","12100 · Inventory Asset",0.00,,1,"Count In Each (ce)","Count by the Count In Each",9828.00,"Raja",,11168.18146,1,
,"Active","Inventory Part","14mm Tipo Twist Drill Bit","..","Non","00001 · Hardware and tool Income","54300 · Hardware and tool","12100 · Inventory Asset",0.00,"..",8,"Count In Each (ce)","Count by the Count In Each",4000.00,"Raja",,6000.00,"",
,"Active","Inventory Part","17mm Tipo Twist Drill Bit",,"Non","00001 · Hardware and tool Income","54300 · Hardware and tool","12100 · Inventory Asset",0.00,,0,"Count In Each (ce)","Count by the Count In Each",4200,"Raja",,5000.00,"",
,"Active","Inventory Part","6300DD Japan",,"Non","000007 · Ball & Bearing","54599 · Ball and Bearing","12100 · Inventory Asset",0.00,,6,"Count In Each (ce)","Count by the Count In Each",1750.00,"Super",,2500.00,1,
,"Active","Inventory Part","180 Fuel Tank",,"Non","000005 · Diesel Engine Income","54000 · Diesel","12100 · Inventory Asset",0.00,,0,"Count In Each (ce)","Count by the Count In Each",7800.00,"MyintMya",,10000.00,"",
,"Active","Inventory Part","High Speed Cutter 25mm",,"Non","00001 · Hardware and tool Income","54300 · Hardware and tool","12100 · Inventory Asset",0.00,,2,"Count In Each (ce)","Count by the Count In Each",6500.00,"Han Asia",,10000.00,1,
,"Active","Inventory Part","High Speed Cutter 16mm",,"Non","00001 · Hardware and tool Income","54300 · Hardware and tool","12100 · Inventory Asset",0.00,,6,"Count In Each (ce)","Count by the Count In Each",5000.00,"Han Asia",,7000.00,1,
,"Active","Inventory Part","High Speed Cutter 12mm",,"Non","00001 · Hardware and tool Income","54300 · Hardware and tool","12100 · Inventory Asset",0.00,,2,"Count In Each (ce)","Count by the Count In Each",2800.00,"Han Asia",,4000.00,"",
,"Active","Inventory Part","High Speed Cutter 10mm",,"Non","00001 · Hardware and tool Income","54300 · Hardware and tool","12100 · Inventory Asset",0.00,,4,"Count In Each (ce)","Count by the Count In Each",1700.00,"Han Asia",,3000.00,1,
,"Active","Inventory Part","High Speed Cutter 8mm",,"Non","00001 · Hardware and tool Income","54300 · Hardware and tool","12100 · Inventory Asset",0.00,,0,"Count In Each (ce)","Count by the Count In Each",1200.00,"Han Asia",,3000.00,1,
,"Active","Inventory Part","High Speed Cutter 6mm",,"Non","00001 · Hardware and tool Income","54300 · Hardware and tool","12100 · Inventory Asset",0.00,,0,"Count In Each (ce)","Count by the Count In Each",900,"Han Asia",,2000.00,1,
,"Active","Inventory Part","UCP.204",,"Non","000007 · Ball & Bearing","54599 · Ball and Bearing","12100 · Inventory Asset",0.00,,0,"Count In Each (ce)","Count by the Count In Each",2750.00,"Super",,3500.00,1,
,"Active","Inventory Part","21/2"" Plastic Brush",,"Non","00001 · Hardware and tool Income","54300 · Hardware and tool","12100 · Inventory Asset",0.00,,60,"Count In Each (ce)","Count by the Count In Each",356.25,"Raja",,600.00,1,
,"Active","Inventory Part","Ptt Engine Oil 10W30 5 L",,"Non","000008 · Lubricant and Oil Income","Lubricant and Oil","12100 · Inventory Asset",0.00,,1,"Count In Each (ce)","Count by the Count In Each",33120.00,"Htoo 3",,50000.00,1,
,"Active","Inventory Part","Ptt Engine Oil 10W40 5 L",,"Non","000008 · Lubricant and Oil Income","Lubricant and Oil","12100 · Inventory Asset",0.00,,0,"Count In Each (ce)","Count by the Count In Each",44000.00,"Htoo 3",,50000.00,1,
,"Active","Inventory Part","Trane 10w30 5Lit",,"Non","000008 · Lubricant and Oil Income","Lubricant and Oil","12100 · Inventory Asset",0.00,,0,"Count In Each (ce)","Count by the Count In Each",20500,"Htoo 3",,38000.00,1,
,"Active","Inventory Part","Trane 10w40 5Lit","..","Non","000008 · Lubricant and Oil Income","Lubricant and Oil","12100 · Inventory Asset",0.00,"..",0,"Count In Each (ce)","Count by the Count In Each",23100.00,"Htoo 3",,38000.00,0,
,"Active","Inventory Part","22 Nozzel Plunger Delivery Set",,"Non","000005 · Diesel Engine Income","54000 · Diesel","12100 · Inventory Asset",0.00,,1,,,6799.00,"MyintMya",,8000.00,"",
,"Active","Inventory Part","8x2 F Screw",,"Non","000003 · Bolt and Nut Income","54520 · Bolt and Nut","12100 · Inventory Asset",0.00,,1314,"Count In Each (ce)","Count by the Count In Each",12.00,"Roberts & Bros",,20.00,1,
,"Active","Inventory Part","6x2 F Screw",,"Non","000003 · Bolt and Nut Income","54520 · Bolt and Nut","12100 · Inventory Asset",0.00,,1618,"Count In Each (ce)","Count by the Count In Each",4.50,"Roberts & Bros",,10.00,1,
,"Active","Inventory Part","6x11/2 F Screw",,"Non","000003 · Bolt and Nut Income","54520 · Bolt and Nut","12100 · Inventory Asset",0.00,,1388,"Count In Each (ce)","Count by the Count In Each",25.00,"Roberts & Bros",,50.00,1,
,"Active","Inventory Part","14 x 11/2"" Collum Nut",,"Non","000003 · Bolt and Nut Income","54520 · Bolt and Nut","12100 · Inventory Asset",0.00,,170,"Count In Each (ce)","Count by the Count In Each",345.00,"Roberts & Bros",,517.50,1,
,"Active","Inventory Part","14x1"" Collum nut",,"Non","000003 · Bolt and Nut Income","54520 · Bolt and Nut","12100 · Inventory Asset",0.00,,206,"Count In Each (ce)","Count by the Count In Each",75.00,"Roberts & Bros",,150.00,1,
,"Active","Inventory Part","Kenbo Driven Pinion",,"Non","000004 · Motor cycle Income","54200 · Motor Cycle","12100 · Inventory Asset",0.00,,0,"pair (pr)","Count by the pair",7500.00,"Thar Aung & Bros",,8500.00,"",
,"Active","Inventory Part","3 Pin Front Bult Set",,"Non","000004 · Motor cycle Income","54200 · Motor Cycle","12100 · Inventory Asset",0.00,,13.5,"Count In Each (ce)","Count by the Count In Each",380.00,"Thar Aung & Bros",,1000.00,1,
,"Active","Inventory Part","12x3/4 Engine Nut",,"Non","000003 · Bolt and Nut Income","54520 · Bolt and Nut","12100 · Inventory Asset",0.00,,622,"Count In Each (ce)","Count by the Count In Each",92.00,"Roberts & Bros",,245.00,1,
,"Active","Inventory Part","12x11/2 Engine Nut",,"Non","000003 · Bolt and Nut Income","54520 · Bolt and Nut","12100 · Inventory Asset",0.00,,358,"Count In Each (ce)","Count by the Count In Each",138.00,"Roberts & Bros",,460.00,1,
,"Active","Inventory Part","12x11/4 Engine Nut",,"Non","000003 · Bolt and Nut Income","54520 · Bolt and Nut","12100 · Inventory Asset",0.00,,388,"Count In Each (ce)","Count by the Count In Each",115.00,"Roberts & Bros",,492.85714,1,
,"Active","Inventory Part","12x21/2 Engine Nut",,"Non","000003 · Bolt and Nut Income","54520 · Bolt and Nut","12100 · Inventory Asset",0.00,,279,"Count In Each (ce)","Count by the Count In Each",197.00,"Roberts & Bros",,724.26471,1,
,"Active","Inventory Part","12x2 Engine Nut",,"Non","000003 · Bolt and Nut Income","54520 · Bolt and Nut","12100 · Inventory Asset",0.00,,-29,"Count In Each (ce)","Count by the Count In Each",45.00,"Roberts & Bros",,200.00,1,
,"Active","Inventory Part","12X1 Engine Nut",,"Non","000003 · Bolt and Nut Income","54520 · Bolt and Nut","12100 · Inventory Asset",0.00,,267,"Count In Each (ce)","Count by the Count In Each",105.00,"Roberts & Bros",,318.18182,1,
,"Active","Inventory Part","4"" Grinder Carbon",,"Non","00001 · Hardware and tool Income","54300 · Hardware and tool","12100 · Inventory Asset",0.00,,1,"Count In Each (ce)","Count by the Count In Each",2500.00,"Han Asia",,3000.00,"",
,"Active","Inventory Part","25 Pcs Drill Set Esicut",,"Non","00001 · Hardware and tool Income","54300 · Hardware and tool","12100 · Inventory Asset",0.00,,1,"Count In Each (ce)","Count by the Count In Each",22000.00,"Han Asia",,25000.00,1,
,"Active","Inventory Part","Power Adapter WS Elecric",,"Non","00001 · Hardware and tool Income","54300 · Hardware and tool","12100 · Inventory Asset",0.00,,4,"Count In Each (ce)","Count by the Count In Each",3400,"Raja",,4000.00,1,
,"Active","Inventory Part","L32 Cylinder Kit Set",,"Non","000005 · Diesel Engine Income","54000 · Diesel","12100 · Inventory Asset",0.00,,1,"Count In Each (ce)","Count by the Count In Each",44530.00,"MyintMya",,47000.00,"",
,"Active","Inventory Part","Oil Seal Pack Black",,"Non","000004 · Motor cycle Income","54300 · Hardware and tool","12100 · Inventory Asset",0.00,,-1.58333,"Count In Each (ce)","Count by the Count In Each",400.00,"Raja",,600.00,"",
,"Active","Inventory Part","Universal Boxspaner",,"Non","00001 · Hardware and tool Income","54300 · Hardware and tool","12100 · Inventory Asset",0.00,,1,"Count In Each (ce)","Count by the Count In Each",7500,"Raja",,8500.00,0,
,"Active","Inventory Part","Start Switch JPR",,"Non","000004 · Motor cycle Income","54200 · Motor Cycle","12100 · Inventory Asset",0.00,,2,"Count In Each (ce)","Count by the Count In Each",210.00,"Thar Aung & Bros",,300.00,1,
,"Active","Inventory Part","Steering Handle Nut",,"Non","000004 · Motor cycle Income","54200 · Motor Cycle","12100 · Inventory Asset",0.00,,11.5,"Count In Each (ce)","Count by the Count In Each",680.00,"Thar Aung & Bros",,1000.00,1,
,"Active","Inventory Part","Led 12 Bulbs",,"Non","000004 · Motor cycle Income","54200 · Motor Cycle","12100 · Inventory Asset",0.00,,0,"Count In Each (ce)","Count by the Count In Each",2250.00,"Thar Aung & Bros",,3000.00,"",
,"Active","Inventory Part","Long Camshaft",,"Non","000004 · Motor cycle Income","54200 · Motor Cycle","12100 · Inventory Asset",0.00,,3,"Count In Each (ce)","Count by the Count In Each",3500.00,"Thar Aung & Bros",,5000.00,1,
,"Active","Inventory Part","275.14 Click Tube",,"Non","000004 · Motor cycle Income","54200 · Motor Cycle","12100 · Inventory Asset",0.00,,1,"Count In Each (ce)","Count by the Count In Each",2700.00,"Thar Aung & Bros",,5000.00,1,
,"Active","Inventory Part","250.14 Click Tube",,"Non","000004 · Motor cycle Income","54200 · Motor Cycle","12100 · Inventory Asset",0.00,,2,"Count In Each (ce)","Count by the Count In Each",2000.00,"Thar Aung & Bros",,3000.00,"",
,"Active","Inventory Part","Oil Tank Rubber Washer",,"Non","000004 · Motor cycle Income","54200 · Motor Cycle","12100 · Inventory Asset",0.00,,42,"Count In Each (ce)","Count by the Count In Each",40.00,"MH",,100.00,1,
,"Active","Inventory Part","Maganet Coil Cover Washer",,"Non","000004 · Motor cycle Income","54200 · Motor Cycle","12100 · Inventory Asset",0.00,,4,"Count In Each (ce)","Count by the Count In Each",200.00,"MH",,300.00,1,
,"Active","Inventory Part","Washer Egg  Design",,"Non","000004 · Motor cycle Income","54200 · Motor Cycle","12100 · Inventory Asset",0.00,,50,"Count In Each (ce)","Count by the Count In Each",40.00,"MH",,100.00,1,
,"Active","Inventory Part","Center Stand Cover Rubber",,"Non","000004 · Motor cycle Income","54200 · Motor Cycle","12100 · Inventory Asset",0.00,,82,"Count In Each (ce)","Count by the Count In Each",50.00,"MH",,100.00,1,
,"Active","Inventory Part","Valve Crank Washers",,"Non","000004 · Motor cycle Income","54200 · Motor Cycle","12100 · Inventory Asset",0.00,,13,"Count In Each (ce)","Count by the Count In Each",20.00,"MH",,50.00,1,
,"Active","Inventory Part","5 Pin Socket",,"Non","000004 · Motor cycle Income","54200 · Motor Cycle","12100 · Inventory Asset",0.00,,-17,"Count In Each (ce)","Count by the Count In Each",700.00,"MH",,1000.00,1,
,"Active","Inventory Part","Front Fork Rubber",,"Non","000004 · Motor cycle Income","54200 · Motor Cycle","12100 · Inventory Asset",0.00,,1,"Count In Each (ce)","Count by the Count In Each",700.00,"MH",,1000.00,"",
,"Active","Inventory Part","Kick Stater Pedal Cover Rubber",,"Non","000004 · Motor cycle Income","54200 · Motor Cycle","12100 · Inventory Asset",0.00,,56,"Count In Each (ce)","Count by the Count In Each",170.00,"MH",,250.00,1,
,"Active","Inventory Part","timing Chain Lifter Rubber","..","Non","000004 · Motor cycle Income","54200 · Motor Cycle","12100 · Inventory Asset",0.00,"..",28,"Count In Each (ce)","Count by the Count In Each",30.00,"MH",,50.00,1,
,"Active","Inventory Part","LED 6 Bulb Small",,"Non","000004 · Motor cycle Income","54200 · Motor Cycle","12100 · Inventory Asset",0.00,,7,"Count In Each (ce)","Count by the Count In Each",800.00,"MH",,1500.00,1,
,"Active","Inventory Part","Led Best R Red Blue",,"Non","000004 · Motor cycle Income","54200 · Motor Cycle","12100 · Inventory Asset",0.00,,1,"Count In Each (ce)","Count by the Count In Each",1350.00,"MH",,2000.00,1,
,"Active","Inventory Part","Tube Cap Light",,"Non","000004 · Motor cycle Income","54200 · Motor Cycle","12100 · Inventory Asset",0.00,,21,"Count In Each (ce)","Count by the Count In Each",680.00,"MH",,1000.00,1,
,"Active","Inventory Part","Platinum Plug",,"Non","000004 · Motor cycle Income","54200 · Motor Cycle","12100 · Inventory Asset",0.00,,3,"Count In Each (ce)","Count by the Count In Each",850.00,"MH",,1500.00,"",
,"Active","Inventory Part","Brake Buld Special","..","Non","000004 · Motor cycle Income","54200 · Motor Cycle","12100 · Inventory Asset",0.00,"..",4,"Count In Each (ce)","Count by the Count In Each",750.00,"MH",,2000.00,"",
,"Active","Inventory Part","Eagle One 2"" Hanger",,"Non","00001 · Hardware and tool Income","54300 · Hardware and tool","12100 · Inventory Asset",0.00,,5,"Count In Each (ce)","Count by the Count In Each",1700.00,"Raja",,2500.00,1,
,"Active","Inventory Part","Eagle One 11/2"" Hanger",,"Non","00001 · Hardware and tool Income","54300 · Hardware and tool","12100 · Inventory Asset",0.00,,11,"Count In Each (ce)","Count by the Count In Each",1300.00,"Raja",,2000.00,1,
,"Active","Inventory Part","Eagle One 1"" Hanger",,"Non","00001 · Hardware and tool Income","54300 · Hardware and tool","12100 · Inventory Asset",0.00,,3,"Count In Each (ce)","Count by the Count In Each",1000.00,"Raja",,1500.00,1,
,"Active","Inventory Part","Eagle One 3/4"" Hanger",,"Non","00001 · Hardware and tool Income","54300 · Hardware and tool","12100 · Inventory Asset",0.00,,9,"Count In Each (ce)","Count by the Count In Each",700.00,"Raja",,1000.00,1,
,"Active","Inventory Part","24"" Busi Drop Forge",,"Non","00001 · Hardware and tool Income","54300 · Hardware and tool","12100 · Inventory Asset",0.00,,0,"Count In Each (ce)","Count by the Count In Each",10925.00,"Raja",,18000.00,0,
,"Active","Inventory Part","18"" Busi Drop Forge",,"Non","00001 · Hardware and tool Income","54300 · Hardware and tool","12100 · Inventory Asset",0.00,,0,"Count In Each (ce)","Count by the Count In Each",6350.00,"Raja",,10000.00,"",
,"Active","Inventory Part","14"" Busi Drop Forge",,"Non","00001 · Hardware and tool Income","54300 · Hardware and tool","12100 · Inventory Asset",0.00,,0,"Count In Each (ce)","Count by the Count In Each",4300.00,"Raja",,5500.00,"",
,"Active","Inventory Part","12"" Busi Drop Forge",,"Non","00001 · Hardware and tool Income","54300 · Hardware and tool","12100 · Inventory Asset",0.00,,0,"Count In Each (ce)","Count by the Count In Each",4650.00,"Raja",,5000.00,"",
,"Active","Inventory Part","Jinsuo Chain Cutter",,"Non","00001 · Hardware and tool Income","54300 · Hardware and tool","12100 · Inventory Asset",0.00,,0,"Count In Each (ce)","Count by the Count In Each",14000.00,"Raja",,20000.00,1,
,"Active","Inventory Part","Wynn's Water Pump Prusser Head",,"Non","00001 · Hardware and tool Income","54300 · Hardware and tool","12100 · Inventory Asset",0.00,,1,"Count In Each (ce)","Count by the Count In Each",6900,"Raja",,7500.00,0,
,"Active","Inventory Part","Two One Tool Adjust Pliers",,"Non","00001 · Hardware and tool Income","54300 · Hardware and tool","12100 · Inventory Asset",0.00,,0,"Count In Each (ce)","Count by the Count In Each",7500,"Raja",,9000.00,"",
,"Active","Inventory Part","3 Pieces Step Drill Set",,"Non","00001 · Hardware and tool Income","54300 · Hardware and tool","12100 · Inventory Asset",0.00,,0,"Count In Each (ce)","Count by the Count In Each",10000.00,"Raja",,12000.00,"",
,"Active","Inventory Part","22mm Rotary Bearing Tile Cuttin",,"Non","00001 · Hardware and tool Income","54300 · Hardware and tool","12100 · Inventory Asset",0.00,,10,"Count In Each (ce)","Count by the Count In Each",4000,"Raja",,5000.00,1,
,"Active","Inventory Part","Wido Cordless Screwdriver",,"Non","00001 · Hardware and tool Income","54300 · Hardware and tool","12100 · Inventory Asset",0.00,,0,"Count In Each (ce)","Count by the Count In Each",19000,"Raja",,25000.00,"",
,"Active","Inventory Part","HSS Saw Blade 6 Pieces",,"Non","00001 · Hardware and tool Income","54300 · Hardware and tool","12100 · Inventory Asset",0.00,,1,"Count In Each (ce)","Count by the Count In Each",5000,"Raja",,6000.00,1,
,"Active","Inventory Part","2 way  screwdriver 6""",,"Non","00001 · Hardware and tool Income","54300 · Hardware and tool","12100 · Inventory Asset",0.00,,-1,"Count In Each (ce)","Count by the Count In Each",3040.00,"Raja",,6312.04928,1,
,"Active","Inventory Part","Booster Cable 1000AMP",,"Non","00001 · Hardware and tool Income","54300 · Hardware and tool","12100 · Inventory Asset",0.00,,3,"Count In Each (ce)","Count by the Count In Each",6000,"Raja",,10000.00,1,
,"Active","Inventory Part","28 Half Spaner Ring",,"Non","00001 · Hardware and tool Income","54300 · Hardware and tool","12100 · Inventory Asset",0.00,,0,"Count In Each (ce)","Count by the Count In Each",2800.00,"Raja",,5500.00,1,
,"Active","Inventory Part","Heavy Box Spaner",,"Non","00001 · Hardware and tool Income","54300 · Hardware and tool","12100 · Inventory Asset",0.00,,4,"Count In Each (ce)","Count by the Count In Each",29500.00,"Raja",,36000.00,1,
,"Active","Inventory Part","YSD 125 Front Light Switch",,"Non","000004 · Motor cycle Income","54200 · Motor Cycle","12100 · Inventory Asset",0.00,,22,"Count In Each (ce)","Count by the Count In Each",240.00,"Sein Kabar",,500.00,1,
,"Active","Inventory Part","YSD Timing Chain Roller Small",,"Non","000004 · Motor cycle Income","54200 · Motor Cycle","12100 · Inventory Asset",0.00,,7,"Count In Each (ce)","Count by the Count In Each",425.00,"Sein Kabar",,817.30768,1,
,"Active","Inventory Part","YSD 125 Timing Chain Roller Big",,"Non","000004 · Motor cycle Income","54200 · Motor Cycle","12100 · Inventory Asset",0.00,,-1,"Count In Each (ce)","Count by the Count In Each",370.00,"Sein Kabar",,500.00,1,
,"Active","Inventory Part","YSD 110 Timing Chain Roller Big","..","Non","000004 · Motor cycle Income","54200 · Motor Cycle","12100 · Inventory Asset",0.00,"..",17,"Count In Each (ce)","Count by the Count In Each",580.00,"Sein Kabar",,783.78381,1,
,"Active","Inventory Part","SLL Valve",,"Non","000004 · Motor cycle Income","54200 · Motor Cycle","12100 · Inventory Asset",0.00,,6,"Count In Each (ce)","Count by the Count In Each",900.00,"Sein Kabar",,1500.00,1,
,"Active","Inventory Part","SLL Lever Brake CZI",,"Non","000004 · Motor cycle Income","54200 · Motor Cycle","12100 · Inventory Asset",0.00,,-2,"Count In Each (ce)","Count by the Count In Each",3750.00,"Sein Kabar",,4500.00,0,"SKT00273"
,"Active","Inventory Part","SLL Lever Brake 125",,"Non","000004 · Motor cycle Income","54200 · Motor Cycle","12100 · Inventory Asset",0.00,,2,"Count In Each (ce)","Count by the Count In Each",2800.00,"Sein Kabar",,4500.00,1,
,"Active","Inventory Part","YSD Driver's Feet Rest Rubber",,"Non","000004 · Motor cycle Income","54200 · Motor Cycle","12100 · Inventory Asset",0.00,,21,"Count In Each (ce)","Count by the Count In Each",1050.00,"Sein Kabar",,1499.99997,1,"SKT00578"
,"Active","Inventory Part","CZI Rear Brake Pedal",,"Non","000004 · Motor cycle Income","54200 · Motor Cycle","12100 · Inventory Asset",0.00,,0,"Count In Each (ce)","Count by the Count In Each",1850.00,"Sein Kabar",,2500.00,1,
,"Active","Inventory Part","125 Rear Brake Pedal",,"Non","000004 · Motor cycle Income","54200 · Motor Cycle","12100 · Inventory Asset",0.00,,-1,"Count In Each (ce)","Count by the Count In Each",1750.00,"Sein Kabar",,2500.00,1,"SKT00235"
,"Active","Inventory Part","110 Rear Brake Pedal",,"Non","000004 · Motor cycle Income","54200 · Motor Cycle","12100 · Inventory Asset",0.00,,0,"Count In Each (ce)","Count by the Count In Each",1800.00,"Sein Kabar",,2500.00,"",
,"Active","Inventory Part","JPR 125 Disc Pad",,"Non","000004 · Motor cycle Income","54200 · Motor Cycle","12100 · Inventory Asset",0.00,,6,"Count In Each (ce)","Count by the Count In Each",700.00,"Sein Kabar",,1000.00,1,"SKT00538"
,"Active","Inventory Part","JPR 110 Disc Pad",,"Non","000004 · Motor cycle Income","54200 · Motor Cycle","12100 · Inventory Asset",0.00,,33,"Count In Each (ce)","Count by the Count In Each",470.00,"Sein Kabar",,1000.00,1,"SKT00537"
,"Active","Inventory Part","YSD CZI Driver Leg Rest Set",,"Non","000004 · Motor cycle Income","54200 · Motor Cycle","12100 · Inventory Asset",0.00,,1,"Count In Each (ce)","Count by the Count In Each",5300.00,"Sein Kabar",,7500.00,1,"SKT00059"
,"Active","Inventory Part","1xPlain Washer Big Thick",,"Non","000003 · Bolt and Nut Income","54520 · Bolt and Nut","12100 · Inventory Asset",0.00,,42,"Count In Each (ce)","Count by the Count In Each",150.00,"Mya Nut",,300.00,1,
,"Active","Inventory Part","Clean Tape Big","..","Non","00001 · Hardware and tool Income","54300 · Hardware and tool","12100 · Inventory Asset",0.00,,0,"Count In Each (ce)","Count by the Count In Each",2300.00,"Raja",,3000.00,1,
,"Active","Inventory Part","Welding Cover Black",,"Non","00001 · Hardware and tool Income","54300 · Hardware and tool","12100 · Inventory Asset",0.00,,2,"Count In Each (ce)","Count by the Count In Each",2500.00,"Raja",,3500.00,1,
,"Active","Inventory Part","Rubber Hammer",,"Non","00001 · Hardware and tool Income","54300 · Hardware and tool","12100 · Inventory Asset",0.00,,10,"Count In Each (ce)","Count by the Count In Each",6200.00,"Raja",,10850.00,1,
,"Active","Inventory Part","7Pieces Screwdriver Set",,"Non","00001 · Hardware and tool Income","54300 · Hardware and tool","12100 · Inventory Asset",0.00,,0,"count in box (cb)","Count by the count in Pack",2500.00,"Raja",,3500.00,"",
,"Active","Inventory Part","Clean Tape Medium",,"Non","00001 · Hardware and tool Income","54300 · Hardware and tool","12100 · Inventory Asset",0.00,,-2,"Count In Each (ce)","Count by the Count In Each",1400,"Raja",,1500.00,"",
,"Active","Inventory Part","6202 DD Na Japan",,"Non","000007 · Ball & Bearing","54599 · Ball and Bearing","12100 · Inventory Asset",0.00,,0,"Count In Each (ce)","Count by the Count In Each",1980.00,"Super",,3000.00,1,
,"Active","Inventory Part","12x2 Right Fan CRT",,"Non","000005 · Diesel Engine Income","54000 · Diesel","12100 · Inventory Asset",0.00,,0,"Count In Each (ce)","Count by the Count In Each",3000.00,"MyintMya",,4000.00,"",
,"Active","Inventory Part","X 125 Steering Handle Cover",,"Non","000004 · Motor cycle Income","54200 · Motor Cycle","12100 · Inventory Asset",0.00,,1,"Count In Each (ce)","Count by the Count In Each",2500.00,"Yin Maha",,3000.00,1,
,"Active","Inventory Part","Tap 5/8",,"Non","00001 · Hardware and tool Income","54300 · Hardware and tool","12100 · Inventory Asset",0.00,,0.31464,"Count In Each (ce)","Count by the Count In Each",8000.00,"Raja",,7000.00,1,
,"Active","Inventory Part","27mm Heavy Box Spaner",,"Non","00001 · Hardware and tool Income","54300 · Hardware and tool","12100 · Inventory Asset",0.00,,7,"Count In Each (ce)","Count by the Count In Each",15000.00,"Raja",,22000.00,1,
,"Active","Inventory Part","Front Bulb 3 socket",,"Non","000004 · Motor cycle Income","54200 · Motor Cycle","12100 · Inventory Asset",0.00,,5.5,"Count In Each (ce)","Count by the Count In Each",1350.00,"Thar Aung & Bros",,2000.00,1,
,"Active","Inventory Part","Exhaust Cover Sticker",,"Non","000002 · Sticker Income","54400 · Sticker","12100 · Inventory Asset",0.00,,43,"Count In Each (ce)","Count by the Count In Each",100.00,"Bo Bo Sticker",,200.00,0,
,"Active","Inventory Part","W 125 Rear Foot Rest Set",,"Non","000004 · Motor cycle Income","54200 · Motor Cycle","12100 · Inventory Asset",0.00,,-1,"Count In Each (ce)","Count by the Count In Each",5000.00,"Thar Aung & Bros",,6000.00,1,
,"Active","Inventory Part","Long Box 18 mm Spaner",,"Non","00001 · Hardware and tool Income","54300 · Hardware and tool","12100 · Inventory Asset",0.00,,7,"Count In Each (ce)","Count by the Count In Each",1500.00,"Raja",,3000.00,1,
,"Active","Inventory Part","Grinder Metal Brush Loose",,"Non","00001 · Hardware and tool Income","54300 · Hardware and tool","12100 · Inventory Asset",0.00,,9,"Count In Each (ce)","Count by the Count In Each",2000.00,"Raja",,2857.1428,1,
,"Active","Inventory Part","Grinder Metal Brush Tight",,"Non","00001 · Hardware and tool Income","54300 · Hardware and tool","12100 · Inventory Asset",0.00,,3,"Count In Each (ce)","Count by the Count In Each",850.00,"Raja",,1200.00,1,
,"Active","Inventory Part","12 Key Line",,"Non","00001 · Hardware and tool Income","54300 · Hardware and tool","12100 · Inventory Asset",0.00,,5,"Count In Each (ce)","Count by the Count In Each",700.00,"Raja",,1000.00,1,
,"Active","Inventory Part","Cover Sticker New",,"Non","000002 · Sticker Income","54400 · Sticker","12100 · Inventory Asset",0.00,,0,"Count In Each (ce)","Count by the Count In Each",400.00,"Bo Bo Sticker",,300.00,"",
,"Active","Inventory Part","Exhaust Sticker Tiger",,"Non","000002 · Sticker Income","54400 · Sticker","12100 · Inventory Asset",0.00,,0,"Count In Each (ce)","Count by the Count In Each",1500.00,"Bo Bo Sticker",,2000.00,"",
,"Active","Inventory Part","Diamond Sticker",,"Non","000002 · Sticker Income","54400 · Sticker","12100 · Inventory Asset",0.00,,24.05,"foot (ft)","Length by the foot",300,"Bo Bo Sticker",,500.00,1,
,"Active","Inventory Part","6307DD NC",,"Non","000007 · Ball & Bearing","54599 · Ball and Bearing","12100 · Inventory Asset",0.00,,0,"Count In Each (ce)","Count by the Count In Each",2300.00,"Super",,3500.00,1,
,"Active","Inventory Part","28mm Heavy Box Spaner",,"Non","00001 · Hardware and tool Income","54300 · Hardware and tool","12100 · Inventory Asset",0.00,,4,"Count In Each (ce)","Count by the Count In Each",3600,"Raja",,5000.00,1,
,"Active","Inventory Part","26mm Heavy Box Spaner",,"Non","00001 · Hardware and tool Income","54300 · Hardware and tool","12100 · Inventory Asset",0.00,,3,"Count In Each (ce)","Count by the Count In Each",3200,"Raja",,4500.00,1,
,"Active","Inventory Part","24 mm Heavy Box Spaner",,"Non","00001 · Hardware and tool Income","54300 · Hardware and tool","12100 · Inventory Asset",0.00,,2,"Count In Each (ce)","Count by the Count In Each",3000,"Raja",,4500.00,1,
,"Active","Inventory Part","22 mm Heavy Box Spaner",,"Non","000005 · Diesel Engine Income","54300 · Hardware and tool","12100 · Inventory Asset",0.00,,6,"Count In Each (ce)","Count by the Count In Each",3000.00,"Raja",,4000.00,1,
,"Active","Inventory Part","Drill Metal Brush",,"Non","00001 · Hardware and tool Income","54300 · Hardware and tool","12100 · Inventory Asset",0.00,,0,"Count In Each (ce)","Count by the Count In Each",500.00,"Raja",,1000.00,"",
,"Active","Inventory Part","Long Box Spaner 17mm",,"Non","00001 · Hardware and tool Income","54300 · Hardware and tool","12100 · Inventory Asset",0.00,,0,"Count In Each (ce)","Count by the Count In Each",2000.00,"Raja",,3000.00,1,
,"Active","Inventory Part","Long Box Spaner 16",,"Non","00001 · Hardware and tool Income","54300 · Hardware and tool","12100 · Inventory Asset",0.00,,11,"Count In Each (ce)","Count by the Count In Each",4500.00,"Raja",,9000.00,1,
,"Active","Inventory Part","Drill Abarasive Paper","..","Non","00001 · Hardware and tool Income","54300 · Hardware and tool","12100 · Inventory Asset",0.00,,4,"Count In Each (ce)","Count by the Count In Each",900.00,"Raja",,1384.61535,1,
,"Active","Inventory Part","Box spaner Joince Long",,"Non","00001 · Hardware and tool Income","54300 · Hardware and tool","12100 · Inventory Asset",0.00,,7,"Count In Each (ce)","Count by the Count In Each",3000.00,"Raja",,5625.00,1,
,"Active","Inventory Part","Box spaner Joince Short","..","Non","00001 · Hardware and tool Income","54300 · Hardware and tool","12100 · Inventory Asset",0.00,,4,"Count In Each (ce)","Count by the Count In Each",2500.00,"Raja",,4934.2105,1,
,"Active","Inventory Part","10Pieces Grinding Stone",,"Non","00001 · Hardware and tool Income","54300 · Hardware and tool","12100 · Inventory Asset",0.00,,8,"Count In Each (ce)","Count by the Count In Each",4800.00,"Raja",,7000.00,"",
,"Active","Inventory Part","Meganet Handle Pick up things",,"Non","00001 · Hardware and tool Income","54300 · Hardware and tool","12100 · Inventory Asset",0.00,,9,"Count In Each (ce)","Count by the Count In Each",5500.00,"Raja",,8000.00,1,
,"Active","Inventory Part","Y2K Rear Foot Rest Set","..","Non","000004 · Motor cycle Income","54200 · Motor Cycle","12100 · Inventory Asset",0.00,"..",0,"Count In Each (ce)","Count by the Count In Each",6400.00,"Thar Aung & Bros",,7500.00,1,
,"Active","Inventory Part","Rear Foot Rest Set Bush",,"Non","000004 · Motor cycle Income","54200 · Motor Cycle","12100 · Inventory Asset",0.00,,-1,"Count In Each (ce)","Count by the Count In Each",200.00,"Thar Aung & Bros",,300.00,1,
,"Active","Inventory Part","Anchor 14T34T 104L 125 Sprocket",,"Non","000004 · Motor cycle Income","54200 · Motor Cycle","12100 · Inventory Asset",0.00,,1.16667,"Count In Each (ce)","Count by the Count In Each",9100.00,"Sein Kabar",,11000.00,1,"TH00683"
,"Active","Inventory Part","110.90.13 Tube",,"Non","000004 · Motor cycle Income","54200 · Motor Cycle","12100 · Inventory Asset",0.00,,3,"Count In Each (ce)","Count by the Count In Each",2500.00,"Yin Maha",,5000.00,1,
,"Active","Inventory Part","175 Water Tank Packing",,"Non","000005 · Diesel Engine Income","54000 · Diesel","12100 · Inventory Asset",0.00,,19,"Count In Each (ce)","Count by the Count In Each",100.00,"MyintMya",,200.00,"",
,"Active","Inventory Part","Three Bond multi Purpose 200ml",,"Non","00001 · Hardware and tool Income","54300 · Hardware and tool","12100 · Inventory Asset",0.00,,0,"Count In Each (ce)","Count by the Count In Each",3300.00,"Denso Service",,5500.00,1,
,"Active","Inventory Part","Three Bond Multi Purpose Ironox",,"Non","00001 · Hardware and tool Income","54300 · Hardware and tool","12100 · Inventory Asset",0.00,,0,"Count In Each (ce)","Count by the Count In Each",4700.00,"Denso Service",,7000.00,1,"TB-1800-400L"
,"Active","Inventory Part","Three Bond",,"Non","00001 · Hardware and tool Income","54300 · Hardware and tool","12100 · Inventory Asset",0.00,,0,"Count In Each (ce)","Count by the Count In Each",780.00,"Denso Service",,1500.00,1,
,"Active","Inventory Part","185 Engine Cover Small",,"Non","000005 · Diesel Engine Income","54000 · Diesel","12100 · Inventory Asset",0.00,,2,"pair (pr)","Count by the pair",1750.00,"MyintMya",,2500.00,"",
,"Active","Inventory Part","40.80.12 Tora Korea",,"Non","000005 · Diesel Engine Income","54000 · Diesel","12100 · Inventory Asset",0.00,,17,,,600.00,"Super",,1000.00,1,
,"Active","Inventory Part","o-ring Blue Box",,"Non","00001 · Hardware and tool Income","54300 · Hardware and tool","12100 · Inventory Asset",0.00,,-0.215,"Count In Each (ce)","Count by the Count In Each",6800.00,"Super",,10000.00,"",
,"Active","Inventory Part","trolergy Clutch",,"Non","000005 · Diesel Engine Income","54000 · Diesel","12100 · Inventory Asset",0.00,,6,"Count In Each (ce)","Count by the Count In Each",1350.00,"MyintMya",,2000.00,"",
,"Active","Inventory Part","Trolergy Lever Cable",,"Non","000005 · Diesel Engine Income","54000 · Diesel","12100 · Inventory Asset",0.00,,2,"Count In Each (ce)","Count by the Count In Each",500.00,"MyintMya",,1000.00,"",
,"Active","Inventory Part","Trolergy Bulb 24V",,"Non","000005 · Diesel Engine Income","54000 · Diesel","12100 · Inventory Asset",0.00,,0,"Count In Each (ce)","Count by the Count In Each",3000,"MyintMya",,4000.00,"",
,"Active","Inventory Part","24 v Bulb Set",,"Non","000005 · Diesel Engine Income","54000 · Diesel","12100 · Inventory Asset",0.00,,0.91176,"Count In Each (ce)","Count by the Count In Each",7400.00,"MyintMya",,8500.00,"",
,"Active","Inventory Part","42.75.12",,"Non","000005 · Diesel Engine Income","54000 · Diesel","12100 · Inventory Asset",0.00,,0,"Count In Each (ce)","Count by the Count In Each",300.00,"Super",,500.00,"",
,"Active","Inventory Part","B 40",,"Non","000005 · Diesel Engine Income","54000 · Diesel","12100 · Inventory Asset",0.00,,40,"Count In Each (ce)","Count by the Count In Each",21.00,"MyintMya",,30.00,"",
,"Active","Inventory Part","B 38",,"Non","000005 · Diesel Engine Income","54000 · Diesel","12100 · Inventory Asset",0.00,,-38,"foot (ft)","Length by the foot",21.00,"MyintMya",,25.00,"",
,"Active","Inventory Part","B 36",,"Non","000005 · Diesel Engine Income","54000 · Diesel","12100 · Inventory Asset",0.00,,0,"foot (ft)","Length by the foot",32.00,"MyintMya",,25.00,"",
,"Active","Inventory Part","A 38",,"Non","000005 · Diesel Engine Income","54000 · Diesel","12100 · Inventory Asset",0.00,,38,"foot (ft)","Length by the foot",17.00,"MyintMya",,25.00,"",
,"Active","Inventory Part","A 36",,"Non","000005 · Diesel Engine Income","54000 · Diesel","12100 · Inventory Asset",0.00,,107,"foot (ft)","Length by the foot",24.00,"MyintMya",,35.00,"",
,"Active","Inventory Part","Big Che",,"Non","000002 · Sticker Income","54400 · Sticker","12100 · Inventory Asset",0.00,,13,"Count In Each (ce)","Count by the Count In Each",80.00,"09792252300",,150.00,1,
,"Active","Inventory Part","Che The King Engine Sticker",,"Non","000002 · Sticker Income","54200 · Motor Cycle","12100 · Inventory Asset",0.00,,73,"Count In Each (ce)","Count by the Count In Each",50,"09792252300",,100.00,1,
,"Active","Inventory Part","Puller (B)",,"Non","00001 · Hardware and tool Income","54300 · Hardware and tool","12100 · Inventory Asset",0.00,,-1,"Count In Each (ce)","Count by the Count In Each",5200.00,"Thar Aung & Bros",,4000.00,1,
,"Active","Inventory Part","Ptt GL-5 Gear Oil SAE 80W90",,"Non","000008 · Lubricant and Oil Income","Lubricant and Oil","12100 · Inventory Asset",0.00,,-1,"Count In Each (ce)","Count by the Count In Each",53000.00,"Htoo 3",,88333.3351,1,
,"Active","Inventory Part","UPG Thinner","..","Non","00001 · Hardware and tool Income","54300 · Hardware and tool","12100 · Inventory Asset",0.00,"..",2,"Count In Each (ce)","Count by the Count In Each",1583.33333,"Raja",,2500.00,1,
,"Active","Inventory Part","140 Wheel Kyk",,"Non","000004 · Motor cycle Income","54200 · Motor Cycle","12100 · Inventory Asset",0.00,,0,"Count In Each (ce)","Count by the Count In Each",3000.00,"Thar Aung & Bros",,8000.00,1,
,"Active","Inventory Part","40.80.12 Tora",,"Non","000005 · Diesel Engine Income","54000 · Diesel","12100 · Inventory Asset",0.00,,9,"Count In Each (ce)","Count by the Count In Each",600,"Raja",,2000.00,1,
,"Active","Inventory Part","8x1 F Screw","..","Non","000003 · Bolt and Nut Income","54520 · Bolt and Nut","12100 · Inventory Asset",0.00,,2270,"Count In Each (ce)","Count by the Count In Each",15.00,"Roberts & Bros",,30.00,1,
,"Active","Inventory Part","8x3/4 F Screw",,"Non","000003 · Bolt and Nut Income","54520 · Bolt and Nut","12100 · Inventory Asset",0.00,,571,"Count In Each (ce)","Count by the Count In Each",5.55555,"Roberts & Bros",,10.00,1,
,"Active","Inventory Part","8x1/2 F Screw",,"Non","000003 · Bolt and Nut Income","54520 · Bolt and Nut","12100 · Inventory Asset",0.00,,0,"Count In Each (ce)","Count by the Count In Each",4.86111,"Roberts & Bros",,10.00,1,
,"Active","Inventory Part","6x1/2 F",,"Non","000003 · Bolt and Nut Income","54520 · Bolt and Nut","12100 · Inventory Asset",0.00,,1320,"Count In Each (ce)","Count by the Count In Each",3.50,"Roberts & Bros",,10.00,1,
,"Active","Inventory Part","pipe clip 9.5-12 5/16",,"Non","00001 · Hardware and tool Income","54300 · Hardware and tool","12100 · Inventory Asset",0.00,,108,"Count In Each (ce)","Count by the Count In Each",180.00,"Raja",,300.00,1,
,"Active","Inventory Part","Pipe Clip 1"" White","..","Non","00001 · Hardware and tool Income","54300 · Hardware and tool","12100 · Inventory Asset",0.00,"..",152,"Count In Each (ce)","Count by the Count In Each",50,"Raja",,100.00,1,
,"Active","Inventory Part","Pipe Clip 3/4"" White",,"Non","00001 · Hardware and tool Income","54300 · Hardware and tool","12100 · Inventory Asset",0.00,,116,"Count In Each (ce)","Count by the Count In Each",50.00,"Raja",,100.00,1,
,"Active","Inventory Part","Pipe Clip 5/8 White",,"Non","00001 · Hardware and tool Income","54300 · Hardware and tool","12100 · Inventory Asset",0.00,,155,"Count In Each (ce)","Count by the Count In Each",50,"Raja",,100.00,1,
,"Active","Inventory Part","Welding Cable Set",,"Non","00001 · Hardware and tool Income","54300 · Hardware and tool","12100 · Inventory Asset",0.00,,0,"Count In Each (ce)","Count by the Count In Each",18000,"Raja",,20000.00,"",
,"Active","Inventory Part","40.70.12 Tora",,"Non","000005 · Diesel Engine Income","54000 · Diesel","12100 · Inventory Asset",0.00,,4,"Count In Each (ce)","Count by the Count In Each",300.00,"Super",,1000.00,1,
,"Active","Inventory Part","LA GAllon Blue1601",,"Non","00001 · Hardware and tool Income","54300 · Hardware and tool","12100 · Inventory Asset",0.00,,0.54286,"Count In Each (ce)","Count by the Count In Each",19500.00,"Raja",,35000.00,1,
,"Active","Inventory Part","LA Gallon Green1401",,"Non","00001 · Hardware and tool Income","54300 · Hardware and tool","12100 · Inventory Asset",0.00,,0,"Count In Each (ce)","Count by the Count In Each",16600.00,"Raja",,28000.00,1,
,"Active","Inventory Part","25cc Valve Cap & Valve Key",,"Non","000005 · Diesel Engine Income","54000 · Diesel","12100 · Inventory Asset",0.00,,7,"Count In Each (ce)","Count by the Count In Each",350.00,"MyintMya",,500.00,"",
,"Active","Inventory Part","13 Valve cap & Valve Key",,"Non","000005 · Diesel Engine Income","54000 · Diesel","12100 · Inventory Asset",0.00,,10,"Count In Each (ce)","Count by the Count In Each",325.00,"MyintMya",,500.00,"",
,"Active","Inventory Part","185 Valve cap & Valve Key",,"Non","000005 · Diesel Engine Income","54000 · Diesel","12100 · Inventory Asset",0.00,,8,"Count In Each (ce)","Count by the Count In Each",300.00,"MyintMya",,500.00,"",
,"Active","Inventory Part","Valvoline 10w30 Scooter",,"Non","000008 · Lubricant and Oil Income","Lubricant and Oil","12100 · Inventory Asset",0.00,,0,"Count In Each (ce)","Count by the Count In Each",13500.00,"Valvoline",,14568.34545,1,
,"Active","Inventory Part","EM 185 Wide Gasket",,"Non","000005 · Diesel Engine Income","54000 · Diesel","12100 · Inventory Asset",0.00,,5,"Count In Each (ce)","Count by the Count In Each",380,"AAA Company Limited",,500.00,1,
,"Active","Inventory Part","R 180 A Gasket",,"Non","000005 · Diesel Engine Income","54000 · Diesel","12100 · Inventory Asset",0.00,,2,"Count In Each (ce)","Count by the Count In Each",330.00,"AAA Company Limited",,500.00,1,
,"Active","Inventory Part","ZH 1130 Gasket",,"Non","000005 · Diesel Engine Income","54000 · Diesel","12100 · Inventory Asset",0.00,,4,"Count In Each (ce)","Count by the Count In Each",760.00,"AAA Company Limited",,1000.00,1,
,"Active","Inventory Part","S 1130 Gasket",,"Non","000005 · Diesel Engine Income","54000 · Diesel","12100 · Inventory Asset",0.00,,5,"Count In Each (ce)","Count by the Count In Each",735.00,"AAA Company Limited",,1000.00,1,
,"Active","Inventory Part","ZH 1125 Gasket",,"Non","000005 · Diesel Engine Income","54000 · Diesel","12100 · Inventory Asset",0.00,,0,"Count In Each (ce)","Count by the Count In Each",730.00,"AAA Company Limited",,1000.00,1,
,"Active","Inventory Part","S 1125 Gasket",,"Non","000005 · Diesel Engine Income","54000 · Diesel","12100 · Inventory Asset",0.00,,5,"Count In Each (ce)","Count by the Count In Each",735.00,"AAA Company Limited",,1000.00,1,
,"Active","Inventory Part","ZH 1115 Gasket",,"Non","000005 · Diesel Engine Income","54000 · Diesel","12100 · Inventory Asset",0.00,,0,"Count In Each (ce)","Count by the Count In Each",545.00,"AAA Company Limited",,1000.00,1,
,"Active","Inventory Part","S 1115 Gasket",,"Non","000005 · Diesel Engine Income","54000 · Diesel","12100 · Inventory Asset",0.00,,-1,"Count In Each (ce)","Count by the Count In Each",515.00,"AAA Company Limited",,1000.00,1,
,"Active","Inventory Part","ZH 1110 Gasket",,"Non","000005 · Diesel Engine Income","54000 · Diesel","12100 · Inventory Asset",0.00,,1,"Count In Each (ce)","Count by the Count In Each",515.00,"AAA Company Limited",,1000.00,"",
,"Active","Inventory Part","S 1100 Gasket 5 Nut",,"Non","000005 · Diesel Engine Income","54000 · Diesel","12100 · Inventory Asset",0.00,,3,"Count In Each (ce)","Count by the Count In Each",520.00,"AAA Company Limited",,1000.00,1,
,"Active","Inventory Part","S1100 Gasket 4 Nut",,"Non","000005 · Diesel Engine Income","54000 · Diesel","12100 · Inventory Asset",0.00,,1,"Count In Each (ce)","Count by the Count In Each",495.00,"AAA Company Limited",,1000.00,1,
,"Active","Inventory Part","X 195 Gasket",,"Non","000005 · Diesel Engine Income","54000 · Diesel","12100 · Inventory Asset",0.00,,4,"Count In Each (ce)","Count by the Count In Each",545,"AAA Company Limited",,1000.00,1,
,"Active","Inventory Part","S 195 Gasket",,"Non","000005 · Diesel Engine Income","54000 · Diesel","12100 · Inventory Asset",0.00,,1,"Count In Each (ce)","Count by the Count In Each",495.00,"AAA Company Limited",,800.00,1,
,"Active","Inventory Part","EM 185 Narrow Gasket",,"Non","000005 · Diesel Engine Income","54000 · Diesel","12100 · Inventory Asset",0.00,,5,"Count In Each (ce)","Count by the Count In Each",315.00,"AAA Company Limited",,500.00,1,
,"Active","Inventory Part","R 180 Narrow Gasket",,"Non","000005 · Diesel Engine Income","54000 · Diesel","12100 · Inventory Asset",0.00,,4,"Count In Each (ce)","Count by the Count In Each",330.00,"AAA Company Limited",,500.00,1,
,"Active","Inventory Part","ZH 1130 Full Set Parking",,"Non","000005 · Diesel Engine Income","54000 · Diesel","12100 · Inventory Asset",0.00,,5,"Count In Each (ce)","Count by the Count In Each",1115.00,"AAA Company Limited",,1500.00,1,
,"Active","Inventory Part","ZH 1125 Full Set",,"Non","000005 · Diesel Engine Income","54000 · Diesel","12100 · Inventory Asset",0.00,,5,"Count In Each (ce)","Count by the Count In Each",1020.00,"AAA Company Limited",,1500.00,1,
,"Active","Inventory Part","ZH 1110 Full Set Parking",,"Non","000005 · Diesel Engine Income","54000 · Diesel","12100 · Inventory Asset",0.00,,8,"Count In Each (ce)","Count by the Count In Each",1244.00,"AAA Company Limited",,1800.00,1,
,"Active","Inventory Part","S 195 Full Set Parking",,"Non","000005 · Diesel Engine Income","54000 · Diesel","12100 · Inventory Asset",0.00,,0,"Count In Each (ce)","Count by the Count In Each",935.00,"AAA Company Limited",,1500.00,"",
,"Active","Inventory Part","EM185 Full Set Parking",,"Non","000005 · Diesel Engine Income","54000 · Diesel","12100 · Inventory Asset",0.00,,5,"Count In Each (ce)","Count by the Count In Each",750.00,"AAA Company Limited",,1000.00,1,
,"Active","Inventory Part","R180 Full Set Parking",,"Non","000005 · Diesel Engine Income","54000 · Diesel","12100 · Inventory Asset",0.00,,4,"Count In Each (ce)","Count by the Count In Each",640.00,"AAA Company Limited",,1000.00,1,
,"Active","Inventory Part","R175 Full Set Parking MCD",,"Non","000005 · Diesel Engine Income","54000 · Diesel","12100 · Inventory Asset",0.00,,1.6,"Count In Each (ce)","Count by the Count In Each",330.00,"AAA Company Limited",,500.00,1,
,"Active","Inventory Part","ZH 1115 Valve Seat",,"Non","000005 · Diesel Engine Income","54000 · Diesel","12100 · Inventory Asset",0.00,,5,"pair (pr)","Count by the pair",2420.00,"AAA Company Limited",,3000.00,1,
,"Active","Inventory Part","S1100 Valve Seat",,"Non","000005 · Diesel Engine Income","54000 · Diesel","12100 · Inventory Asset",0.00,,5,"pair (pr)","Count by the pair",2185.00,"AAA Company Limited",,2500.00,1,
,"Active","Inventory Part","R175 Valve Seat",,"Non","000005 · Diesel Engine Income","54000 · Diesel","12100 · Inventory Asset",0.00,,0,"pair (pr)","Count by the pair",2180.00,"AAA Company Limited",,2500.00,0,
,"Active","Inventory Part","S1110 Valve Guide",,"Non","000005 · Diesel Engine Income","54000 · Diesel","12100 · Inventory Asset",0.00,,4.5,"pair (pr)","Count by the pair",1730.00,"AAA Company Limited",,2000.00,1,
,"Active","Inventory Part","R175 Valve Guide",,"Non","000005 · Diesel Engine Income","54000 · Diesel","12100 · Inventory Asset",0.00,,0,"pair (pr)","Count by the pair",1310.00,"AAA Company Limited",,1500.00,"",
,"Active","Inventory Part","S1100 Half Valve",,"Non","000005 · Diesel Engine Income","54000 · Diesel","12100 · Inventory Asset",0.00,,4,"Count In Each (ce)","Count by the Count In Each",2970.00,"AAA Company Limited",,3500.00,"",
,"Active","Inventory Part","R175 Half Valve AR",,"Non","000005 · Diesel Engine Income","54000 · Diesel","12100 · Inventory Asset",0.00,,0,"Count In Each (ce)","Count by the Count In Each",1910.00,"AAA Company Limited",,2500.00,"",
,"Active","Inventory Part","Long Spark Plus SLL","..","Non","000004 · Motor cycle Income","54200 · Motor Cycle","12100 · Inventory Asset",0.00,"..",15,"Count In Each (ce)","Count by the Count In Each",775.00,"Yin Maha",,1500.00,1,
,"Active","Inventory Part","Loujia Swith Head Lght",,"Non","000004 · Motor cycle Income","54200 · Motor Cycle","12100 · Inventory Asset",0.00,,-1,"Count In Each (ce)","Count by the Count In Each",550.00,"Yin Maha",,800.00,"",
,"Active","Inventory Part","Brick Twist Drill 12mm",,"Non","00001 · Hardware and tool Income","54300 · Hardware and tool","12100 · Inventory Asset",0.00,,14,"Count In Each (ce)","Count by the Count In Each",1800.00,"Raja",,3000.00006,1,
,"Active","Inventory Part","Brick Twist Drill 8mm",,"Non","00001 · Hardware and tool Income","54300 · Hardware and tool","12100 · Inventory Asset",0.00,,12,"Count In Each (ce)","Count by the Count In Each",1500.00,"Raja",,3000.00,1,
,"Active","Inventory Part","General Aung San",,"Non","000002 · Sticker Income","54400 · Sticker","12100 · Inventory Asset",0.00,,10,"Count In Each (ce)","Count by the Count In Each",100.00,"Bo Bo Sticker",,200.00,1,
,"Active","Inventory Part","Small Angle Grinder Box",,"Non","000004 · Motor cycle Income","54300 · Hardware and tool","12100 · Inventory Asset",0.00,,0,"Count In Each (ce)","Count by the Count In Each",29000,"Raja",,35000.00,"",
,"Active","Inventory Part","Small Angle Grinder",,"Non","000004 · Motor cycle Income","54300 · Hardware and tool","12100 · Inventory Asset",0.00,,2,"Count In Each (ce)","Count by the Count In Each",18500.00,"Raja",,25000.00,0,
,"Active","Inventory Part","5/8 Drill Boda",,"Non","00001 · Hardware and tool Income","54300 · Hardware and tool","12100 · Inventory Asset",0.00,,0,"Count In Each (ce)","Count by the Count In Each",49500.00,"Raja",,60000.00,"",
,"Active","Inventory Part","1/2 Drill Boda","..","Non","00001 · Hardware and tool Income","54300 · Hardware and tool","12100 · Inventory Asset",0.00,,0,"Count In Each (ce)","Count by the Count In Each",140000.00,"Raja",,180000.002,"","D5-13E"
,"Active","Inventory Part","3/8 Drill Boda",,"Non","00001 · Hardware and tool Income","54300 · Hardware and tool","12100 · Inventory Asset",0.00,,1,"Count In Each (ce)","Count by the Count In Each",80000.00,"Raja",,96000.00,1,
,"Active","Inventory Part","Esicut Green Cutting Wheel",,"Non","00001 · Hardware and tool Income","54300 · Hardware and tool","12100 · Inventory Asset",0.00,,0,"Count In Each (ce)","Count by the Count In Each",15000.00,"Raja",,17000.00,"",
,"Active","Inventory Part","5/8 Drill",,"Non","00001 · Hardware and tool Income","54300 · Hardware and tool","12100 · Inventory Asset",0.00,,1,"Count In Each (ce)","Count by the Count In Each",110000.00,"Raja",,140000.00,0,
,"Active","Inventory Part","125 Gasket 1/2 Ymh",,"Non","000004 · Motor cycle Income","54200 · Motor Cycle","12100 · Inventory Asset",0.00,,1,"Count In Each (ce)","Count by the Count In Each",1000.00,"Yin Maha",,1500.00,1,
,"Active","Inventory Part","Dream 125 Ring Pag",,"Non","000004 · Motor cycle Income","54200 · Motor Cycle","12100 · Inventory Asset",0.00,,4,"Count In Each (ce)","Count by the Count In Each",3500.00,"Rainbow",,4000.00,1,
,"Active","Inventory Part","Ptt Engine Oil 20W50 6 L",,"Non","000008 · Lubricant and Oil Income","Lubricant and Oil","12100 · Inventory Asset",0.00,,0,"Count In Each (ce)","Count by the Count In Each",46000.00,"Htoo 3",,55000.00,"",
,"Active","Inventory Part","Led Front Bulb",,"Non","000004 · Motor cycle Income","54200 · Motor Cycle","12100 · Inventory Asset",0.00,,1,"Count In Each (ce)","Count by the Count In Each",1500.00,"MH",,3000.00,1,
,"Active","Inventory Part","signal Bulb 7 Colour",,"Non","000004 · Motor cycle Income","54200 · Motor Cycle","12100 · Inventory Asset",0.00,,-6,"pair (pr)","Count by the pair",330.00,"MH",,500.00,"",
,"Active","Inventory Part","Led Bulb signal Special",,"Non","000004 · Motor cycle Income","54200 · Motor Cycle","12100 · Inventory Asset",0.00,,3.5,"Count In Each (ce)","Count by the Count In Each",650.00,"Thar Aung & Bros",,1000.00,1,
,"Active","Inventory Part","5 Horse Belt String",,"Non","000004 · Motor cycle Income","54200 · Motor Cycle","12100 · Inventory Asset",0.00,,18,"Count In Each (ce)","Count by the Count In Each",213.63636,"Thar Aung & Bros",,300.00,1,
,"Active","Inventory Part","1125 Nozzel 5Hole",,"Non","000005 · Diesel Engine Income","54000 · Diesel","12100 · Inventory Asset",0.00,,1,"Count In Each (ce)","Count by the Count In Each",3250.00,"MyintMya",,4000.00,"",
,"Active","Inventory Part","125 Center Carrier",,"Non","000004 · Motor cycle Income","54200 · Motor Cycle","12100 · Inventory Asset",0.00,,4,"Count In Each (ce)","Count by the Count In Each",2450,"Thar Aung & Bros",,3000.00,1,
,"Active","Inventory Part","110 Center Carry",,"Non","000004 · Motor cycle Income","54200 · Motor Cycle","12100 · Inventory Asset",0.00,,2,"Count In Each (ce)","Count by the Count In Each",2450,"Thar Aung & Bros",,3500.00,1,
,"Active","Inventory Part","125 Front Basket",,"Non","000004 · Motor cycle Income","54200 · Motor Cycle","12100 · Inventory Asset",0.00,,3,"Count In Each (ce)","Count by the Count In Each",3350,"Thar Aung & Bros",,5000.00,1,
,"Active","Inventory Part","110 Front Basket",,"Non","000004 · Motor cycle Income","54200 · Motor Cycle","12100 · Inventory Asset",0.00,,-1,"Count In Each (ce)","Count by the Count In Each",3000.00,"Thar Aung & Bros",,4000.00,"",
,"Active","Inventory Part","Jomthai Asahi 125 Chain& Sprock",,"Non","000004 · Motor cycle Income","54200 · Motor Cycle","12100 · Inventory Asset",0.00,,0,"Count In Each (ce)","Count by the Count In Each",11600.00,"Thar Aung & Bros",,15000.00,1,"TH00734"
,"Active","Inventory Part","Y2K Battery Layer",,"Non","000004 · Motor cycle Income","54200 · Motor Cycle","12100 · Inventory Asset",0.00,,0,"Count In Each (ce)","Count by the Count In Each",3200.00,"Thar Aung & Bros",,3500.00,"",
,"Active","Inventory Part","Y2K  Rear Wheel Cover",,"Non","000004 · Motor cycle Income","54200 · Motor Cycle","12100 · Inventory Asset",0.00,,-5,"Count In Each (ce)","Count by the Count In Each",2600.00,"Thar Aung & Bros",,3000.00,"",
,"Active","Inventory Part","Y2K Centre Cover",,"Non","000004 · Motor cycle Income","54200 · Motor Cycle","12100 · Inventory Asset",0.00,,-1,"Count In Each (ce)","Count by the Count In Each",2000.00,"Thar Aung & Bros",,2500.00,"",
,"Active","Inventory Part","Y2K Front Centre Cover",,"Non","000004 · Motor cycle Income","54200 · Motor Cycle","12100 · Inventory Asset",0.00,,-1,"Count In Each (ce)","Count by the Count In Each",1350.00,"Thar Aung & Bros",,1500.00,"",
,"Active","Inventory Part","Y2K Wheel Cover A+B",,"Non","000004 · Motor cycle Income","54200 · Motor Cycle","12100 · Inventory Asset",0.00,,-2,"pair (pr)","Count by the pair",5350.00,"Thar Aung & Bros",,6000.00,"",
,"Active","Inventory Part","Y2K Front Head A+B","..","Non","000004 · Motor cycle Income","54200 · Motor Cycle","12100 · Inventory Asset",0.00,"..",-1.5,"pair (pr)","Count by the pair",4900.00,"Thar Aung & Bros",,5500.00,"",
,"Active","Inventory Part","Y2k Side cover",,"Non","000004 · Motor cycle Income","54200 · Motor Cycle","12100 · Inventory Asset",0.00,,0,"pair (pr)","Count by the pair",11000.00,"Thar Aung & Bros",,12000.00,"",
,"Active","Inventory Part","Y2K Knee Cover Black",,"Non","000004 · Motor cycle Income","54200 · Motor Cycle","12100 · Inventory Asset",0.00,,0,"pair (pr)","Count by the pair",10000.00,"Thar Aung & Bros",,11000.00,"",
,"Active","Inventory Part","2 Ton Pulley",,"Non","00001 · Hardware and tool Income","54300 · Hardware and tool","12100 · Inventory Asset",0.00,,5,"Count In Each (ce)","Count by the Count In Each",8000.00,"Raja",,8500.00,1,
,"Active","Inventory Part","Valvoline Motor  10w 40 SN 5Lit",,"Non","000008 · Lubricant and Oil Income","Lubricant and Oil","12100 · Inventory Asset",0.00,,0,"Count In Each (ce)","Count by the Count In Each",30550.00,"Valvoline",,40000.00,"",
,"Active","Inventory Part","Valvoline Motor 10w 30 SN 4Lit",,"Non","000008 · Lubricant and Oil Income","Lubricant and Oil","12100 · Inventory Asset",0.00,,2,"Count In Each (ce)","Count by the Count In Each",23594.00,"Valvoline",,45000.00,1,"691849"
,"Active","Inventory Part","Valvoline 15w 40 1Lit Turbo",,"Non","000008 · Lubricant and Oil Income","Lubricant and Oil","12100 · Inventory Asset",0.00,,0,"Count In Each (ce)","Count by the Count In Each",5922.00,"Valvoline",,9000.00,"","692171"
,"Active","Inventory Part","Valvoline 15w 40 1Lit Premium",,"Non","000008 · Lubricant and Oil Income","Lubricant and Oil","12100 · Inventory Asset",0.00,,0,"Count In Each (ce)","Count by the Count In Each",6298.00,"Valvoline",,9000.00,1,
,"Active","Inventory Part","Valvoline 15w 40 5Lit turbo",,"Non","000008 · Lubricant and Oil Income","Lubricant and Oil","12100 · Inventory Asset",0.00,,0,"Count In Each (ce)","Count by the Count In Each",25568.00,"Valvoline",,40000.00,"",
,"Active","Inventory Part","ysd 110 Signal Switch",,"Non","000004 · Motor cycle Income","54200 · Motor Cycle","12100 · Inventory Asset",0.00,,0,"Count In Each (ce)","Count by the Count In Each",290.00,"Yin Maha",,500.00,1,
,"Active","Inventory Part","FM-28 Press Drill Pully String",,"Non","00001 · Hardware and tool Income","54300 · Hardware and tool","12100 · Inventory Asset",0.00,,23,"Count In Each (ce)","Count by the Count In Each",800.00,"Raja",,1500.00,1,
,"Active","Inventory Part","Double ring Offset spanner2022",,"Non","00001 · Hardware and tool Income","54300 · Hardware and tool","12100 · Inventory Asset",0.00,,1,"Count In Each (ce)","Count by the Count In Each",2000.00,"Raja",,2300.00,1,
,"Active","Inventory Part","Double Ring Offset Spanner1819",,"Non","00001 · Hardware and tool Income","54300 · Hardware and tool","12100 · Inventory Asset",0.00,,11,"Count In Each (ce)","Count by the Count In Each",7000.00,"Raja",,10000.00,1,
,"Active","Inventory Part","Double Ring Offset Spanner1617",,"Non","00001 · Hardware and tool Income","54300 · Hardware and tool","12100 · Inventory Asset",0.00,,22,"Count In Each (ce)","Count by the Count In Each",4800.00,"Raja",,6399.99984,1,
,"Active","Inventory Part","Double Ring Offset Spanner1415",,"Non","00001 · Hardware and tool Income","54300 · Hardware and tool","12100 · Inventory Asset",0.00,,27,"Count In Each (ce)","Count by the Count In Each",3800.00,"Raja",,5000.00,1,
,"Active","Inventory Part","Double Ring Offset Spanner12 13",,"Non","00001 · Hardware and tool Income","54300 · Hardware and tool","12100 · Inventory Asset",0.00,,33,"Count In Each (ce)","Count by the Count In Each",3000.00,"Raja",,4500.00,1,
,"Active","Inventory Part","Double Ring Offset Spanner1011",,"Non","00001 · Hardware and tool Income","54300 · Hardware and tool","12100 · Inventory Asset",0.00,,9,"Count In Each (ce)","Count by the Count In Each",950.00,"Raja",,1500.00,1,
,"Active","Inventory Part","Double Ring Offset Spanner 8 9",,"Non","00001 · Hardware and tool Income","54300 · Hardware and tool","12100 · Inventory Asset",0.00,,15,"Count In Each (ce)","Count by the Count In Each",1950.00,"Raja",,3250.00007,1,
,"Active","Inventory Part","4"" Plastic Bruch",,"Non","00001 · Hardware and tool Income","54300 · Hardware and tool","12100 · Inventory Asset",0.00,,16,"Count In Each (ce)","Count by the Count In Each",1500.00,"Raja",,2500.00,1,
,"Active","Inventory Part","5/8 Drill Press",,"Non","00001 · Hardware and tool Income","54300 · Hardware and tool","12100 · Inventory Asset",0.00,,0,"Count In Each (ce)","Count by the Count In Each",225000.00,"Raja",,250000.00,"",
,"Active","Inventory Part","LA 1902 Gray 1 Gallon",,"Non","00001 · Hardware and tool Income","54300 · Hardware and tool","12100 · Inventory Asset",0.00,,1,"Count In Each (ce)","Count by the Count In Each",19500.00,"Raja",,28000.00,"",
,"Active","Inventory Part","Red Oxide 1 Gallon","....","Non","00001 · Hardware and tool Income","54300 · Hardware and tool","12100 · Inventory Asset",0.00,"........",-1,"Count In Each (ce)","Count by the Count In Each",10500.00,"Raja",,18000.00,"",
,"Active","Inventory Part","Welding Cover Wynn",,"Non","00001 · Hardware and tool Income","54300 · Hardware and tool","12100 · Inventory Asset",0.00,,0,"Count In Each (ce)","Count by the Count In Each",4000.00,"Raja",,5000.00,"",
,"Active","Inventory Part","11 T","..","Non","00001 · Hardware and tool Income","54300 · Hardware and tool","12100 · Inventory Asset",0.00,,15,"Count In Each (ce)","Count by the Count In Each",880.00,"Raja",,6000.00,1,
,"Active","Inventory Part","9 T",,"Non","00001 · Hardware and tool Income","54300 · Hardware and tool","12100 · Inventory Asset",0.00,,7,"Count In Each (ce)","Count by the Count In Each",2600.00,"Raja",,3840.90902,"",
,"Active","Inventory Part","17x2 wide pinion",,"Non","000005 · Diesel Engine Income","54000 · Diesel","12100 · Inventory Asset",0.00,,-1,"Count In Each (ce)","Count by the Count In Each",1950.00,"MyintMya",,2500.00,"",
,"Active","Inventory Part","502 Glue",,"Non","00001 · Hardware and tool Income","54300 · Hardware and tool","12100 · Inventory Asset",0.00,,29,"Count In Each (ce)","Count by the Count In Each",1200.00,"Raja",,1800.00,1,
,"Active","Inventory Part","Kenbo Flasher Cut Out",,"Non","000004 · Motor cycle Income","54200 · Motor Cycle","12100 · Inventory Asset",0.00,,4,"Count In Each (ce)","Count by the Count In Each",1500,"MH",,2000.00,1,
,"Active","Inventory Part","Czi Rear Foot Rest",,"Non","000004 · Motor cycle Income","54200 · Motor Cycle","12100 · Inventory Asset",0.00,,45,"Count In Each (ce)","Count by the Count In Each",1450.00,"MH",,2500.00,1,
,"Active","Inventory Part","Led 6 Bulb Line",,"Non","000004 · Motor cycle Income","54200 · Motor Cycle","12100 · Inventory Asset",0.00,,0,"Count In Each (ce)","Count by the Count In Each",480.00,"MH",,1000.00,1,
,"Active","Inventory Part","Valvoline 15w 40 5Lit Premium",,"Non","000008 · Lubricant and Oil Income","Lubricant and Oil","12100 · Inventory Asset",0.00,,0,"Count In Each (ce)","Count by the Count In Each",27542.00,"Valvoline",,45000.00,"",
,"Active","Inventory Part","Trane Brake Oil .5 Lit",,"Non","000008 · Lubricant and Oil Income","Lubricant and Oil","12100 · Inventory Asset",0.00,,0,"Count In Each (ce)","Count by the Count In Each",3515.00,"Htoo 3",,5000.00,1,
,"Active","Inventory Part","6301 DD NTN2","......","Non","000007 · Ball & Bearing","54599 · Ball and Bearing","12100 · Inventory Asset",0.00,,-2,"Count In Each (ce)","Count by the Count In Each",850.00,"Super",,1857.14289,1,
,"Active","Inventory Part","6300DD NC",,"Non","000007 · Ball & Bearing","54599 · Ball and Bearing","12100 · Inventory Asset",0.00,,17,"Count In Each (ce)","Count by the Count In Each",550.00,"Super",,733.33332,1,
,"Active","Inventory Part","S.N,H Engine Oil",,"Non","000008 · Lubricant and Oil Income","Lubricant and Oil","12100 · Inventory Asset",0.00,,0,"Count In Each (ce)","Count by the Count In Each",1650.00,"Thar Aung & Bros",,2000.00,"",
,"Active","Inventory Part","Exhaust Sticker Set",,"Non","000002 · Sticker Income","54400 · Sticker","12100 · Inventory Asset",0.00,,5.42,"Count In Each (ce)","Count by the Count In Each",1400.00,"Thar Aung & Bros",,2500.00,1,
,"Active","Inventory Part","10x1 Cover Nut",,"Non","000003 · Bolt and Nut Income","54520 · Bolt and Nut","12100 · Inventory Asset",0.00,,59,"Count In Each (ce)","Count by the Count In Each",64.00,"Roberts & Bros",,160.00,1,
,"Active","Inventory Part","1/2 Drill Press",,"Non","00001 · Hardware and tool Income","54300 · Hardware and tool","12100 · Inventory Asset",0.00,,1,"Count In Each (ce)","Count by the Count In Each",80000.00,"Raja",,85000.00,"",
,"Active","Inventory Part","Tokyo 1/2 Drill Press",,"Non","00001 · Hardware and tool Income","54300 · Hardware and tool","12100 · Inventory Asset",0.00,,0,"Count In Each (ce)","Count by the Count In Each",75000.00,"Raja",,80000.00,"",
,"Active","Inventory Part","Peacock 14"" Cut off maching",,"Non","00001 · Hardware and tool Income","54300 · Hardware and tool","12100 · Inventory Asset",0.00,,1,"Count In Each (ce)","Count by the Count In Each",90000,"Raja",,100000.00,"",
,"Active","Inventory Part","9T Gread One",,"Non","00001 · Hardware and tool Income","54300 · Hardware and tool","12100 · Inventory Asset",0.00,,0,"Count In Each (ce)","Count by the Count In Each",1600.00,"Raja",,2500.00,"",
,"Active","Inventory Part","Ranger Sae 40","..","Non","000008 · Lubricant and Oil Income","Lubricant and Oil","12100 · Inventory Asset",0.00,,4.73357,"gallon (gal)","Volume by the gallon",6100.00,"Tip Top",,8000.00,1,
,"Active","Inventory Part","Startor Assy White Yellow",,"Non","000004 · Motor cycle Income","54200 · Motor Cycle","12100 · Inventory Asset",0.00,,0,"Count In Each (ce)","Count by the Count In Each",4400.00,"Thar Aung & Bros",,5500.00,"","SKT00082"
,"Active","Inventory Part","Oil Seal Pack",,"Non","000005 · Diesel Engine Income","54200 · Motor Cycle","12100 · Inventory Asset",0.00,,0,"count in box (cb)","Count by the count in Pack",200,"MyintMya",,500.00,"",
,"Active","Inventory Part","15x3 narrow Gear Pinion",,"Non","000005 · Diesel Engine Income","54000 · Diesel","12100 · Inventory Asset",0.00,,-5,"Count In Each (ce)","Count by the Count In Each",1150.00,"MyintMya",,2000.00,"",
,"Active","Inventory Part","25 Lever Spring",,"Non","000005 · Diesel Engine Income","54000 · Diesel","12100 · Inventory Asset",0.00,,-3,"Count In Each (ce)","Count by the Count In Each",80.00,"MyintMya",,150.00,"",
,"Active","Inventory Part","22 Lever Spring",,"Non","000005 · Diesel Engine Income","54000 · Diesel","12100 · Inventory Asset",0.00,,3,"Count In Each (ce)","Count by the Count In Each",80.00,"MyintMya",,150.00,"",
,"Active","Inventory Part","175 lever spring",,"Non","000005 · Diesel Engine Income","54000 · Diesel","12100 · Inventory Asset",0.00,,9,"Count In Each (ce)","Count by the Count In Each",85.00,"MyintMya",,200.00,"",
,"Active","Inventory Part","22 Intake Air Pipe Parcking",,"Non","000005 · Diesel Engine Income","54000 · Diesel","12100 · Inventory Asset",0.00,,11,"Count In Each (ce)","Count by the Count In Each",50.00,"MyintMya",,200.00,"",
,"Active","Inventory Part","Denso U16",,"Non","000004 · Motor cycle Income","54200 · Motor Cycle","12100 · Inventory Asset",0.00,,0,"Count In Each (ce)","Count by the Count In Each",1650.00,"Thar Aung & Bros",,3000.00,1,
,"Active","Inventory Part","22 Fuel Filter Element",,"Non","000005 · Diesel Engine Income","54000 · Diesel","12100 · Inventory Asset",0.00,,-1,"Count In Each (ce)","Count by the Count In Each",220.00,"MyintMya",,500.00,"",
,"Active","Inventory Part","185 Hopper",,"Non","000005 · Diesel Engine Income","54000 · Diesel","12100 · Inventory Asset",0.00,,0,"Count In Each (ce)","Count by the Count In Each",16400.00,"MyintMya",,19000.00,"",
,"Active","Inventory Part","Lubrex 10W30 SL/CF",,"Non","000008 · Lubricant and Oil Income","Lubricant and Oil","12100 · Inventory Asset",0.00,,0,"Count In Each (ce)","Count by the Count In Each",5050.00,"Tip Top",,6000.00,1,
,"Active","Inventory Part","Tip Top SAE 20W50 SL-JASO",,"Non","000008 · Lubricant and Oil Income","Lubricant and Oil","12100 · Inventory Asset",0.00,,3,"Count In Each (ce)","Count by the Count In Each",4500.00,"Tip Top",,5000.00,1,
,"Active","Inventory Part","Tip Top SAE 20W50 SF/CC",,"Non","000008 · Lubricant and Oil Income","Lubricant and Oil","12100 · Inventory Asset",0.00,,-2,"Count In Each (ce)","Count by the Count In Each",3610.00,"Tip Top",,4000.00,"",
,"Active","Inventory Part","Universal Wrench","..","Non","00001 · Hardware and tool Income","54300 · Hardware and tool","12100 · Inventory Asset",0.00,"..",0,"Count In Each (ce)","Count by the Count In Each",4500.00,"Ei Phyo Mon",,5000.00,"",
,"Active","Inventory Part","3/8 Drill Chuck Plastic",,"Non","00001 · Hardware and tool Income","54300 · Hardware and tool","12100 · Inventory Asset",0.00,,26,"Count In Each (ce)","Count by the Count In Each",10300.00,"Raja",,13733.33299,1,
,"Active","Inventory Part","Leiya Angle Grinder",,"Non","00001 · Hardware and tool Income","54300 · Hardware and tool","12100 · Inventory Asset",0.00,,0,"Count In Each (ce)","Count by the Count In Each",22000.00,"Raja",,24000.00,"",
,"Active","Inventory Part","Peacock Grinder",,"Non","00001 · Hardware and tool Income","54300 · Hardware and tool","12100 · Inventory Asset",0.00,,1,"Count In Each (ce)","Count by the Count In Each",45000.00,"Raja",,55000.00,1,
,"Active","Inventory Part","125 Cable Comb Trottle Thai",,"Non","000004 · Motor cycle Income","54200 · Motor Cycle","12100 · Inventory Asset",0.00,,5,"Count In Each (ce)","Count by the Count In Each",1650.00,"Thar Aung & Bros",,3000.00,1,
,"Active","Inventory Part","NO 8x11/4 Screw",,"Non","000003 · Bolt and Nut Income","54520 · Bolt and Nut","12100 · Inventory Asset",0.00,,1000,"Count In Each (ce)","Count by the Count In Each",10,"Roberts & Bros",,15.00,1,
,"Active","Inventory Part","honda bush collum Plastic",,"Non","000005 · Diesel Engine Income","54000 · Diesel","12100 · Inventory Asset",0.00,,3,"Count In Each (ce)","Count by the Count In Each",700.00,"Super",,1000.00,1,
,"Active","Inventory Part","6206 Japan",,"Non","000007 · Ball & Bearing","54599 · Ball and Bearing","12100 · Inventory Asset",0.00,,0,"Count In Each (ce)","Count by the Count In Each",3850.00,"Super",,4500.00,1,
,"Active","Inventory Part","6304 Japan",,"Non","000007 · Ball & Bearing","54599 · Ball and Bearing","12100 · Inventory Asset",0.00,,0,"Count In Each (ce)","Count by the Count In Each",2150.00,"Super",,4000.00,1,
,"Active","Inventory Part","Medium General Sticker",,"Non","000002 · Sticker Income","54400 · Sticker","12100 · Inventory Asset",0.00,,-3,"Count In Each (ce)","Count by the Count In Each",50.00,"Bo Bo Sticker",,100.00,"",
,"Active","Inventory Part","Big General Sticker",,"Non","000002 · Sticker Income","54400 · Sticker","12100 · Inventory Asset",0.00,,80,"Count In Each (ce)","Count by the Count In Each",150.00,"Bo Bo Sticker",,200.00,1,
,"Active","Inventory Part","Buddha Reflection Circle",,"Non","000002 · Sticker Income","54400 · Sticker","12100 · Inventory Asset",0.00,,-1,"Count In Each (ce)","Count by the Count In Each",100.00,"Bo Bo Sticker",,200.00,"",
,"Active","Inventory Part","Smile Reflection Sticker",,"Non","000002 · Sticker Income","54400 · Sticker","12100 · Inventory Asset",0.00,,55,"Count In Each (ce)","Count by the Count In Each",80,"Bo Bo Sticker",,200.00,1,
,"Active","Inventory Part","Exhaust Sticker 2",,"Non","000002 · Sticker Income","54400 · Sticker","12100 · Inventory Asset",0.00,,23,"Count In Each (ce)","Count by the Count In Each",250,"Bo Bo Sticker",,500.00,1,
,"Active","Inventory Part","Dragon Reflection Sticker",,"Non","000002 · Sticker Income","54400 · Sticker","12100 · Inventory Asset",0.00,,3,"Count In Each (ce)","Count by the Count In Each",200.00,"Bo Bo Sticker",,300.00,1,
,"Active","Inventory Part","Scope SAE 40",,"Non","000008 · Lubricant and Oil Income","Lubricant and Oil","12100 · Inventory Asset",0.00,,2,"Count In Each (ce)","Count by the Count In Each",3250.00,"Scope",,3500.00,1,
,"Active","Inventory Part","Scope 20w50 SFCC",,"Non","000008 · Lubricant and Oil Income","Lubricant and Oil","12100 · Inventory Asset",0.00,,2,"Count In Each (ce)","Count by the Count In Each",3450.00,"Scope",,4000.00,1,
,"Active","Inventory Part","10 x 11/4 BFC",,"Non","000003 · Bolt and Nut Income","54520 · Bolt and Nut","12100 · Inventory Asset",0.00,,548,"Count In Each (ce)","Count by the Count In Each",20.83333,"Roberts & Bros",,50.00,1,
,"Active","Inventory Part","12x11/4 Bolt Nut",,"Non","000003 · Bolt and Nut Income","54520 · Bolt and Nut","12100 · Inventory Asset",0.00,,67,"Count In Each (ce)","Count by the Count In Each",40,"Roberts & Bros",,150.00,1,
,"Active","Inventory Part","13x3 Left Fan",,"Non","000005 · Diesel Engine Income","54000 · Diesel","12100 · Inventory Asset",0.00,,1,"Count In Each (ce)","Count by the Count In Each",3600.00,"MyintMya",,4500.00,"",
,"Active","Inventory Part","6201 DD Na Japan",,"Non","000007 · Ball & Bearing","54599 · Ball and Bearing","12100 · Inventory Asset",0.00,,-2,"Count In Each (ce)","Count by the Count In Each",1850.00,"Super",,2000.00,"",
,"Active","Inventory Part","6203 DD NC Japan",,"Non","000007 · Ball & Bearing","54599 · Ball and Bearing","12100 · Inventory Asset",0.00,,-2,"Count In Each (ce)","Count by the Count In Each",1900.00,"Super",,3000.00,1,
,"Active","Inventory Part","Clip Washer",,"Non","000004 · Motor cycle Income","54200 · Motor Cycle","12100 · Inventory Asset",0.00,,46,"Count In Each (ce)","Count by the Count In Each",40.00,"MH",,100.00,1,
,"Active","Inventory Part","Battery Belt MH",,"Non","000004 · Motor cycle Income","54200 · Motor Cycle","12100 · Inventory Asset",0.00,,6,"Count In Each (ce)","Count by the Count In Each",170.00,"MH",,300.00,1,
,"Active","Inventory Part","Cover Colour Washer Pack",,"Non","000004 · Motor cycle Income","54200 · Motor Cycle","12100 · Inventory Asset",0.00,,11,"count in box (cb)","Count by the count in Pack",80.00,"MH",,150.00,1,
,"Active","Inventory Part","P.T.F.E. Seal Tape","..","Non","00001 · Hardware and tool Income","54300 · Hardware and tool","12100 · Inventory Asset",0.00,"..",75,"Count In Each (ce)","Count by the Count In Each",200,"Raja",,300.00,1,
,"Active","Inventory Part","Good Year Seal Tape",,"Non","00001 · Hardware and tool Income","54300 · Hardware and tool","12100 · Inventory Asset",0.00,,13,"Count In Each (ce)","Count by the Count In Each",120,"Raja",,300.00,1,
,"Active","Inventory Part","Nasa 20W50 SJ",,"Non","000008 · Lubricant and Oil Income","Lubricant and Oil","12100 · Inventory Asset",0.00,,0,"Count In Each (ce)","Count by the Count In Each",4100.00,"Nasa Sein Wut Hmon",,4500.00,"",
,"Active","Inventory Part","Brick Twist Drill 6mm",,"Non","00001 · Hardware and tool Income","54300 · Hardware and tool","12100 · Inventory Asset",0.00,,11,"Count In Each (ce)","Count by the Count In Each",1500.00,"Raja",,2500.00005,1,
,"Active","Inventory Part","125 Rear Legs Rest Set",,"Non","000004 · Motor cycle Income","54200 · Motor Cycle","12100 · Inventory Asset",0.00,,8,"Count In Each (ce)","Count by the Count In Each",550,"Thar Aung & Bros",,1500.00,1,
,"Active","Inventory Part","Very good Bicycle Air Pump",,"Non","000004 · Motor cycle Income","54200 · Motor Cycle","12100 · Inventory Asset",0.00,,0,"Count In Each (ce)","Count by the Count In Each",17700.00,"Thar Aung & Bros",,22125.00,1,
,"Active","Inventory Part","6304DD NA",,"Non","000007 · Ball & Bearing","54599 · Ball and Bearing","12100 · Inventory Asset",0.00,,4,"Count In Each (ce)","Count by the Count In Each",1000.00,"Super",,1500.00,1,
,"Active","Inventory Part","clutch Nut","..","Non","000004 · Motor cycle Income","54200 · Motor Cycle","12100 · Inventory Asset",0.00,,5,"Count In Each (ce)","Count by the Count In Each",115,"Thar Aung & Bros",,200.00,1,
,"Active","Inventory Part","Pazun Key Chain",,"Non","000002 · Sticker Income","54400 · Sticker","12100 · Inventory Asset",0.00,,9,"Count In Each (ce)","Count by the Count In Each",400.00,"Key chain",,800.00,1,
,"Active","Inventory Part","Key Chain Necklace",,"Non","000002 · Sticker Income","54400 · Sticker","12100 · Inventory Asset",0.00,,25,"Count In Each (ce)","Count by the Count In Each",500.00,"Bo Bo Sticker",,714.2857,1,
,"Active","Inventory Part","Monster Seat Cover",,"Non","000004 · Motor cycle Income","54200 · Motor Cycle","12100 · Inventory Asset",0.00,,1,"Count In Each (ce)","Count by the Count In Each",2400.00,"Thar Aung & Bros",,3076.92312,1,
,"Active","Inventory Part","Black Seat Cover Big",,"Non","000004 · Motor cycle Income","54200 · Motor Cycle","12100 · Inventory Asset",0.00,,12,"Count In Each (ce)","Count by the Count In Each",1850.00,"Thar Aung & Bros",,2642.85709,1,
,"Active","Inventory Part","Clean Seat cover Big",,"Non","000004 · Motor cycle Income","54200 · Motor Cycle","12100 · Inventory Asset",0.00,,9,"Count In Each (ce)","Count by the Count In Each",1200.00,"Thar Aung & Bros",,1599.99996,1,
,"Active","Inventory Part","Ptt Engine Oil 20W50 1 L",,"Non","000008 · Lubricant and Oil Income","Lubricant and Oil","12100 · Inventory Asset",0.00,,-1,"Count In Each (ce)","Count by the Count In Each",3650.00,"Htoo 3",,10000.00,1,
,"Active","Inventory Part","Lucky Brake fluid 1 Lit",,"Non","000008 · Lubricant and Oil Income","Lubricant and Oil","12100 · Inventory Asset",0.00,,4,"Count In Each (ce)","Count by the Count In Each",1600.00,"Htoo 3",,2370.3704,1,
,"Active","Inventory Part","13.5mm Twist Drill",,"Non","00001 · Hardware and tool Income","54300 · Hardware and tool","12100 · Inventory Asset",0.00,,3,"Count In Each (ce)","Count by the Count In Each",3000.00,"Raja",,7000.00,1,
,"Active","Inventory Part","YSD Valve Dr 125",,"Non","000004 · Motor cycle Income","54200 · Motor Cycle","12100 · Inventory Asset",0.00,,7,"pair (pr)","Count by the pair",1350.00,"Thar Aung & Bros",,2000.00,1,
,"Active","Inventory Part","1/4 Wall Press",,"Non","000003 · Bolt and Nut Income","54520 · Bolt and Nut","12100 · Inventory Asset",0.00,,512,"Count In Each (ce)","Count by the Count In Each",150.00,"Roberts & Bros",,400.00,1,
,"Active","Inventory Part","23 Half Spaner Ring",,"Non","00001 · Hardware and tool Income","54300 · Hardware and tool","12100 · Inventory Asset",0.00,,8,"Count In Each (ce)","Count by the Count In Each",3300.00,"Raja",,5351.35128,1,
,"Active","Inventory Part","20 Half Spaner Ring",,"Non","00001 · Hardware and tool Income","54300 · Hardware and tool","12100 · Inventory Asset",0.00,,6,"Count In Each (ce)","Count by the Count In Each",1300,"Raja",,2500.00,1,
,"Active","Inventory Part","22 Half Spaner Ring",,"Non","00001 · Hardware and tool Income","54300 · Hardware and tool","12100 · Inventory Asset",0.00,,2,"Count In Each (ce)","Count by the Count In Each",6000.00,"Raja",,9574.4682,1,
,"Active","Inventory Part","12 x 21/2 BFC",,"Non","000003 · Bolt and Nut Income","54520 · Bolt and Nut","12100 · Inventory Asset",0.00,,360,"Count In Each (ce)","Count by the Count In Each",187.00,"Roberts & Bros",,374.00,1,
,"Active","Inventory Part","12 x 3 BFC",,"Non","000003 · Bolt and Nut Income","54520 · Bolt and Nut","12100 · Inventory Asset",0.00,,-6,"Count In Each (ce)","Count by the Count In Each",70.00,"Roberts & Bros",,100.00,1,
,"Active","Inventory Part","12x 2 Bolt nut",,"Non","000003 · Bolt and Nut Income","54520 · Bolt and Nut","12100 · Inventory Asset",0.00,,0,"Count In Each (ce)","Count by the Count In Each",60,"Roberts & Bros",,200.00,1,"p"
,"Active","Inventory Part","A+B Small Glue Thai",,"Non","00001 · Hardware and tool Income","54300 · Hardware and tool","12100 · Inventory Asset",0.00,,105,"Count In Each (ce)","Count by the Count In Each",4000.00,"Raja",,5000.00,1,
,"Active","Inventory Part","6"" Pully",,"Non","000005 · Diesel Engine Income","54000 · Diesel","12100 · Inventory Asset",0.00,,2,"Count In Each (ce)","Count by the Count In Each",4200,"Super",,5000.00,"",
,"Active","Inventory Part","Depress Center Wheel Kini 2",,"Non","00001 · Hardware and tool Income","54300 · Hardware and tool","12100 · Inventory Asset",0.00,,0,"Count In Each (ce)","Count by the Count In Each",220.00,"Raja",,500.00,"",
,"Active","Inventory Part","110 Lever Brake Set","..","Non","000004 · Motor cycle Income","54200 · Motor Cycle","12100 · Inventory Asset",0.00,,-4,"Count In Each (ce)","Count by the Count In Each",1250.00,"Thar Aung & Bros",,1800.00,1,"SKT00803"
,"Active","Inventory Part","Smile Back Mirror Nut",,"Non","000004 · Motor cycle Income","54200 · Motor Cycle","12100 · Inventory Asset",0.00,,10,"Count In Each (ce)","Count by the Count In Each",480.00,"Thar Aung & Bros",,800.00,1,
,"Active","Inventory Part","Halmet Hanger",,"Non","000004 · Motor cycle Income","54200 · Motor Cycle","12100 · Inventory Asset",0.00,,9,"Count In Each (ce)","Count by the Count In Each",450.00,"Thar Aung & Bros",,800.00,1,
,"Active","Inventory Part","Fancy Chain Adjust 7 Colour",,"Non","000004 · Motor cycle Income","54200 · Motor Cycle","12100 · Inventory Asset",0.00,,3,"Count In Each (ce)","Count by the Count In Each",1250.00,"Thar Aung & Bros",,2000.00,1,
,"Active","Inventory Part","Fancy Chain Adjust Medium",,"Non","000004 · Motor cycle Income","54200 · Motor Cycle","12100 · Inventory Asset",0.00,,19,"Count In Each (ce)","Count by the Count In Each",750,"Thar Aung & Bros",,1500.00,1,
,"Active","Inventory Part","Fancy Chain Adjust Long",,"Non","000004 · Motor cycle Income","54200 · Motor Cycle","12100 · Inventory Asset",0.00,,6,"Count In Each (ce)","Count by the Count In Each",1250.00,"Thar Aung & Bros",,2000.00,1,
,"Active","Inventory Part","Fancy Chain Adjust Short",,"Non","000004 · Motor cycle Income","54200 · Motor Cycle","12100 · Inventory Asset",0.00,,6,"Count In Each (ce)","Count by the Count In Each",850.00,"Thar Aung & Bros",,1200.00,1,
,"Active","Inventory Part","4 Soft Steering Handle Cover",,"Non","000004 · Motor cycle Income","54200 · Motor Cycle","12100 · Inventory Asset",0.00,,0,"count in box (cb)","Count by the count in Pack",780.00,"Thar Aung & Bros",,1200.00,"",
,"Active","Inventory Part","Soft Handle Cover",,"Non","000004 · Motor cycle Income","54200 · Motor Cycle","12100 · Inventory Asset",0.00,,11,"Count In Each (ce)","Count by the Count In Each",680.00,"Thar Aung & Bros",,1000.00,1,
,"Active","Inventory Part","Oil Pipe Kyk",,"Non","000004 · Motor cycle Income","54200 · Motor Cycle","12100 · Inventory Asset",0.00,,539.85,"foot (ft)","Length by the foot",66.25,"Thar Aung & Bros",,200.00,1,
,"Active","Inventory Part","Rear Sprocket 35",,"Non","000004 · Motor cycle Income","54200 · Motor Cycle","12100 · Inventory Asset",0.00,,17,"Count In Each (ce)","Count by the Count In Each",2600.00,"Thar Aung & Bros",,3000.00,1,
,"Active","Inventory Part","Front sprocket 14 Slim",,"Non","000004 · Motor cycle Income","54200 · Motor Cycle","12100 · Inventory Asset",0.00,,14,"Count In Each (ce)","Count by the Count In Each",380.00,"Thar Aung & Bros",,500.00,1,
,"Active","Inventory Part","Front Sprocket 14 KYK",,"Non","000004 · Motor cycle Income","54200 · Motor Cycle","12100 · Inventory Asset",0.00,,-1,"Count In Each (ce)","Count by the Count In Each",550.00,"Thar Aung & Bros",,700.00,"",
,"Active","Inventory Part","13t Japan",,"Non","00001 · Hardware and tool Income","54300 · Hardware and tool","12100 · Inventory Asset",0.00,,0,"Count In Each (ce)","Count by the Count In Each",1350,"Raja",,2500.00,"",
,"Active","Inventory Part","Eagle Brand Copper Brush",,"Non","00001 · Hardware and tool Income","54300 · Hardware and tool","12100 · Inventory Asset",0.00,,13,"Count In Each (ce)","Count by the Count In Each",833.00,"Raja",,3000.00,1,
,"Active","Inventory Part","China Scissor Black",,"Non","00001 · Hardware and tool Income","54300 · Hardware and tool","12100 · Inventory Asset",0.00,,16,"Count In Each (ce)","Count by the Count In Each",2750.00,"Raja",,4000.00,1,
,"Active","Inventory Part","Kaibao Scissor",,"Non","00001 · Hardware and tool Income","54300 · Hardware and tool","12100 · Inventory Asset",0.00,,0,"Count In Each (ce)","Count by the Count In Each",700,"Raja",,1000.00,1,
,"Active","Inventory Part","1/2 Drill Chuck Key",,"Non","00001 · Hardware and tool Income","54300 · Hardware and tool","12100 · Inventory Asset",0.00,,23,"Count In Each (ce)","Count by the Count In Each",1000.00,"Raja",,1666.6667,"",
,"Active","Inventory Part","Yxingshun 1""Wheel Set",,"Non","00001 · Hardware and tool Income","54300 · Hardware and tool","12100 · Inventory Asset",0.00,,3,"Count In Each (ce)","Count by the Count In Each",5000,"Raja",,7000.00,1,
,"Active","Inventory Part","White Horse Wheel 100.30.50",,"Non","00001 · Hardware and tool Income","54300 · Hardware and tool","12100 · Inventory Asset",0.00,,4,"Count In Each (ce)","Count by the Count In Each",2500,"Raja",,3000.00,1,
,"Active","Inventory Part","White Horse Wheel 100.30.50 Bre",,"Non","00001 · Hardware and tool Income","54300 · Hardware and tool","12100 · Inventory Asset",0.00,,1,"Count In Each (ce)","Count by the Count In Each",3500,"Raja",,4000.00,"",
,"Active","Inventory Part","Sparko G B Red RTV Gasket Maker",,"Non","00001 · Hardware and tool Income","54300 · Hardware and tool","12100 · Inventory Asset",0.00,,10,"Count In Each (ce)","Count by the Count In Each",10000.00,"Raja",,15625.00,1,
,"Active","Inventory Part","Ruike 2"" Screwdriver",,"Non","00001 · Hardware and tool Income","54300 · Hardware and tool","12100 · Inventory Asset",0.00,,7,"Count In Each (ce)","Count by the Count In Each",800.00,"Raja",,1142.85712,1,
,"Active","Inventory Part","6"" Crown Junior Saw Blade",,"Non","00001 · Hardware and tool Income","54300 · Hardware and tool","12100 · Inventory Asset",0.00,,306,"Count In Each (ce)","Count by the Count In Each",120.00,"Raja",,250.00,1,
,"Active","Inventory Part","Plug Spaner Long 19","..","Non","00001 · Hardware and tool Income","54300 · Hardware and tool","12100 · Inventory Asset",0.00,"..",4,"Count In Each (ce)","Count by the Count In Each",1700,"Raja",,2000.00,1,
,"Active","Inventory Part","Min Brush",,"Non","00001 · Hardware and tool Income","54300 · Hardware and tool","12100 · Inventory Asset",0.00,,0,"Count In Each (ce)","Count by the Count In Each",541.66667,"Raja",,1000.00,1,
,"Active","Inventory Part","8.5mm Twist Drill",,"Non","00001 · Hardware and tool Income","54300 · Hardware and tool","12100 · Inventory Asset",0.00,,12,"Count In Each (ce)","Count by the Count In Each",5360.00,"Raja",,6770.52634,1,
,"Active","Inventory Part","13T Grade 1",,"Non","00001 · Hardware and tool Income","54300 · Hardware and tool","12100 · Inventory Asset",0.00,,0,"Count In Each (ce)","Count by the Count In Each",1800.00,"Raja",,3000.00,"",
,"Active","Inventory Part","1"" plastic brush",,"Non","00001 · Hardware and tool Income","54300 · Hardware and tool","12100 · Inventory Asset",0.00,,0,"Count In Each (ce)","Count by the Count In Each",142.50,"Raja",,300.00,1,
,"Active","Inventory Part","DC 12V Fuse",,"Non","000004 · Motor cycle Income","54200 · Motor Cycle","12100 · Inventory Asset",0.00,,191,"Count In Each (ce)","Count by the Count In Each",35.00,"mg mg htun",,100.00,1,
,"Active","Inventory Part","5/32 x 2 "" BFC",,"Non","000003 · Bolt and Nut Income","54520 · Bolt and Nut","12100 · Inventory Asset",0.00,,-20,"Count In Each (ce)","Count by the Count In Each",9.72223,"Roberts & Bros",,20.00,1,
,"Active","Inventory Part","5/32 x 11/2"" BFC",,"Non","000003 · Bolt and Nut Income","54520 · Bolt and Nut","12100 · Inventory Asset",0.00,,-44,"Count In Each (ce)","Count by the Count In Each",26.38889,"Roberts & Bros",,50.00,1,
,"Active","Inventory Part","5/32 x 11/4"" BFC",,"Non","000003 · Bolt and Nut Income","54520 · Bolt and Nut","12100 · Inventory Asset",0.00,,0,"Count In Each (ce)","Count by the Count In Each",6.94445,"Roberts & Bros",,15.00,1,
,"Active","Inventory Part","5/32 x 1"" BFC",,"Non","000003 · Bolt and Nut Income","54520 · Bolt and Nut","12100 · Inventory Asset",0.00,,93,"Count In Each (ce)","Count by the Count In Each",27.77778,"Roberts & Bros",,50.00,1,
,"Active","Inventory Part","5/32 x 3/4"" BFC",,"Non","000003 · Bolt and Nut Income","54520 · Bolt and Nut","12100 · Inventory Asset",0.00,,136,"Count In Each (ce)","Count by the Count In Each",23.61111,"Roberts & Bros",,50.00,1,
,"Active","Inventory Part","5/32 x1/2"" BFC",,"Non","000003 · Bolt and Nut Income","54520 · Bolt and Nut","12100 · Inventory Asset",0.00,,116,"Count In Each (ce)","Count by the Count In Each",4.16667,"Roberts & Bros",,10.00,1,
,"Active","Inventory Part","14 x 4"" BFC",,"Non","000003 · Bolt and Nut Income","54520 · Bolt and Nut","12100 · Inventory Asset",0.00,,26,"Count In Each (ce)","Count by the Count In Each",125.00,"Roberts & Bros",,300.00,1,
,"Active","Inventory Part","14 x 3"" BFC",,"Non","000003 · Bolt and Nut Income","54520 · Bolt and Nut","12100 · Inventory Asset",0.00,,242,"Count In Each (ce)","Count by the Count In Each",204.86111,"Roberts & Bros",,350.00,1,
,"Active","Inventory Part","Clean Tape",,"Non","00001 · Hardware and tool Income","54300 · Hardware and tool","12100 · Inventory Asset",0.00,,14,"Count In Each (ce)","Count by the Count In Each",220.83333,"Nay Chi",,500.00,1,
,"Active","Inventory Part","bosny Maroon NO 38",,"Non","00001 · Hardware and tool Income","54300 · Hardware and tool","12100 · Inventory Asset",0.00,,3,"Count In Each (ce)","Count by the Count In Each",1600.00,"Raja",,4000.00,1,
,"Active","Inventory Part","14 x 2"" BFC",,"Non","000003 · Bolt and Nut Income","54520 · Bolt and Nut","12100 · Inventory Asset",0.00,,11,"Count In Each (ce)","Count by the Count In Each",71.52778,"Roberts & Bros",,250.00,1,
,"Active","Inventory Part","14 x 11/2"" BFC",,"Non","000003 · Bolt and Nut Income","54520 · Bolt and Nut","12100 · Inventory Asset",0.00,,-8,"Count In Each (ce)","Count by the Count In Each",62.50,"Roberts & Bros",,150.00,1,
,"Active","Inventory Part","14 x 1"" BFC",,"Non","000003 · Bolt and Nut Income","54520 · Bolt and Nut","12100 · Inventory Asset",0.00,,72,"Count In Each (ce)","Count by the Count In Each",45.13889,"Roberts & Bros",,100.00,1,"2"
,"Active","Inventory Part","Lever Pipe",,"Non","000004 · Motor cycle Income","54200 · Motor Cycle","12100 · Inventory Asset",0.00,,17,"Count In Each (ce)","Count by the Count In Each",130.00,"MH",,300.00,1,
,"Active","Inventory Part","Rear Signal Bulb Cover",,"Non","000004 · Motor cycle Income","54200 · Motor Cycle","12100 · Inventory Asset",0.00,,37.5,"Count In Each (ce)","Count by the Count In Each",350,"MH",,600.00,1,
,"Active","Inventory Part","Front Signal Bulb Cover",,"Non","000004 · Motor cycle Income","54200 · Motor Cycle","12100 · Inventory Asset",0.00,,6,"Count In Each (ce)","Count by the Count In Each",450,"MH",,600.00,"",
,"Active","Inventory Part","Rear Brake Bulb Cover",,"Non","000004 · Motor cycle Income","54200 · Motor Cycle","12100 · Inventory Asset",0.00,,-3,"Count In Each (ce)","Count by the Count In Each",900,"MH",,1500.00,"",
,"Active","Inventory Part","Front Bulb Cover Sticker",,"Non","000004 · Motor cycle Income","54200 · Motor Cycle","12100 · Inventory Asset",0.00,,116.7,"Count In Each (ce)","Count by the Count In Each",264.44444,"MH",,500.00,1,
,"Active","Inventory Part","Loujia Flasher Cut out Socket",,"Non","000004 · Motor cycle Income","54200 · Motor Cycle","12100 · Inventory Asset",0.00,,26,"Count In Each (ce)","Count by the Count In Each",1500,"MH",,1800.00,1,
,"Active","Inventory Part","1 1/2 x Spring Washer 38.1mm",,"Non","000003 · Bolt and Nut Income","54520 · Bolt and Nut","12100 · Inventory Asset",0.00,,49,"Count In Each (ce)","Count by the Count In Each",30.00,"Ko Tin Win",,100.00,1,
,"Active","Inventory Part","Big Copper Battery Clip",,"Non","00001 · Hardware and tool Income","54300 · Hardware and tool","12100 · Inventory Asset",0.00,,42,"Count In Each (ce)","Count by the Count In Each",900.00,"Ko Tin Win",,2000.00,1,
,"Active","Inventory Part","Small Copper Battery Clip",,"Non","00001 · Hardware and tool Income","54300 · Hardware and tool","12100 · Inventory Asset",0.00,,3,"Count In Each (ce)","Count by the Count In Each",850.00,"Ko Tin Win",,1500.00,1,
,"Active","Inventory Part","M6 x 75 12.9 L Key",,"Non","000003 · Bolt and Nut Income","54520 · Bolt and Nut","12100 · Inventory Asset",0.00,,12,"Count In Each (ce)","Count by the Count In Each",70.00,"Ko Tin Win",,150.00,1,
,"Active","Inventory Part","M6 x 65 12.9 L Key",,"Non","000003 · Bolt and Nut Income","54520 · Bolt and Nut","12100 · Inventory Asset",0.00,,0,"Count In Each (ce)","Count by the Count In Each",57.00,"Ko Tin Win",,100.00,1,
,"Active","Inventory Part","12x11/2"" L Key",,"Non","000003 · Bolt and Nut Income","54520 · Bolt and Nut","12100 · Inventory Asset",0.00,,38,"Count In Each (ce)","Count by the Count In Each",55.00,"Roberts & Bros",,200.00,1,
,"Active","Inventory Part","12x1"" L Key",,"Non","000003 · Bolt and Nut Income","54520 · Bolt and Nut","12100 · Inventory Asset",0.00,,11,"Count In Each (ce)","Count by the Count In Each",42.00,"Roberts & Bros",,100.00,1,
,"Active","Inventory Part","M8 x 65 12.9 L Key",,"Non","000003 · Bolt and Nut Income","54520 · Bolt and Nut","12100 · Inventory Asset",0.00,,10,"Count In Each (ce)","Count by the Count In Each",90.00,"Ko Tin Win",,200.00,1,
,"Active","Inventory Part","M8 x 50 12.9 L Key",,"Non","000003 · Bolt and Nut Income","54520 · Bolt and Nut","12100 · Inventory Asset",0.00,,18,"Count In Each (ce)","Count by the Count In Each",72.00,"Ko Tin Win",,150.00,1,
,"Active","Inventory Part","10x2"" L Key",,"Non","000003 · Bolt and Nut Income","54520 · Bolt and Nut","12100 · Inventory Asset",0.00,,-3,"Count In Each (ce)","Count by the Count In Each",45.00,"Ko Tin Win",,200.00,1,
,"Active","Inventory Part","10x11/2""  L Key",,"Non","000003 · Bolt and Nut Income","54520 · Bolt and Nut","12100 · Inventory Asset",0.00,,14,"Count In Each (ce)","Count by the Count In Each",45.00,"Ko Tin Win",,200.00,1,
,"Active","Inventory Part","14 x 11/2 Green",,"Non","000003 · Bolt and Nut Income","54520 · Bolt and Nut","12100 · Inventory Asset",0.00,,0,"Count In Each (ce)","Count by the Count In Each",70,"Ko Tin Win",,150.00,1,
,"Active","Inventory Part","1 x Spring Washer",,"Non","000003 · Bolt and Nut Income","54520 · Bolt and Nut","12100 · Inventory Asset",0.00,,75,"Count In Each (ce)","Count by the Count In Each",25.00,"Ko Tin Win",,100.00,1,
,"Active","Inventory Part","11/4 x Spring Washer",,"Non","000003 · Bolt and Nut Income","54520 · Bolt and Nut","12100 · Inventory Asset",0.00,,92,"Count In Each (ce)","Count by the Count In Each",25.00,"Ko Tin Win",,100.00,1,
,"Active","Inventory Part","Front Brake Arm Shaft",,"Non","000004 · Motor cycle Income","54200 · Motor Cycle","12100 · Inventory Asset",0.00,,8,"Count In Each (ce)","Count by the Count In Each",850.00,"Thar Aung & Bros",,1000.00,1,
,"Active","Inventory Part","Raf Oil 20w50 4T 1Lit",,"Non","000008 · Lubricant and Oil Income","Lubricant and Oil","12100 · Inventory Asset",0.00,,0,"Count In Each (ce)","Count by the Count In Each",3000.00,"Asian Lube Marketing Co.ltd",,3500.00,"",
,"Active","Inventory Part","YSD Loujia Lock 5 Pin",,"Non","000004 · Motor cycle Income","54200 · Motor Cycle","12100 · Inventory Asset",0.00,,0,"Count In Each (ce)","Count by the Count In Each",2900.00,"Yin Maha",,3500.00,"","SKT00032"
,"Active","Inventory Part","Down Disc Brake Pump 1",,"Non","000004 · Motor cycle Income","54200 · Motor Cycle","12100 · Inventory Asset",0.00,,0,"Count In Each (ce)","Count by the Count In Each",6200.00,"Yin Maha",,6500.00,"",
,"Active","Inventory Part","Gear Shaft",,"Non","000004 · Motor cycle Income","54200 · Motor Cycle","12100 · Inventory Asset",0.00,,17,"Count In Each (ce)","Count by the Count In Each",1200.00,"Yin Maha",,2000.00,1,
,"Active","Inventory Part","CZI Cable Comb Trottle",,"Non","000004 · Motor cycle Income","54200 · Motor Cycle","12100 · Inventory Asset",0.00,,2,"Count In Each (ce)","Count by the Count In Each",1700.00,"Yin Maha",,2000.00,1,
,"Active","Inventory Part","JL-DO Clutch Cable",,"Non","000004 · Motor cycle Income","54200 · Motor Cycle","12100 · Inventory Asset",0.00,,2,"Count In Each (ce)","Count by the Count In Each",1680.00,"Yin Maha",,2000.00,1,
,"Active","Inventory Part","110 Camshaft",,"Non","000004 · Motor cycle Income","54200 · Motor Cycle","12100 · Inventory Asset",0.00,,0,"Count In Each (ce)","Count by the Count In Each",3100.00,"Yin Maha",,5000.00,"",
,"Active","Inventory Part","125 Camshaft",,"Non","000004 · Motor cycle Income","54200 · Motor Cycle","12100 · Inventory Asset",0.00,,-1,"Count In Each (ce)","Count by the Count In Each",3330.00,"Yin Maha",,4000.00,"",
,"Active","Inventory Part","Toyomart Clutch Cable",,"Non","000004 · Motor cycle Income","54300 · Hardware and tool","12100 · Inventory Asset",0.00,,1,"Count In Each (ce)","Count by the Count In Each",1700.00,"Yin Maha",,2000.00,"",
,"Active","Inventory Part","2 Line Chain Short 66Z",,"Non","000005 · Diesel Engine Income","54000 · Diesel","12100 · Inventory Asset",0.00,,0,"Count In Each (ce)","Count by the Count In Each",3950.00,"MyintMya",,4500.00,"",
,"Active","Inventory Part","2 Line Chain Short 64Z",,"Non","000005 · Diesel Engine Income","54000 · Diesel","12100 · Inventory Asset",0.00,,0,"Count In Each (ce)","Count by the Count In Each",3850.00,"MyintMya",,4500.00,"",
,"Active","Inventory Part","3/4"" Flat",,"Non","64200 · Repairs:64210 · Building Repairs","64200 · Repairs:64210 · Building Repairs","12100 · Inventory Asset",0.00,,0,"Count In Each (ce)","Count by the Count In Each",250.00,"Chotwoo",,0.00,"",
,"Active","Inventory Part","1"" Flat",,"Non","64200 · Repairs","64200 · Repairs:64210 · Building Repairs","12100 · Inventory Asset",0.00,,0,"Count In Each (ce)","Count by the Count In Each",350.00,"Chotwoo",,500.00,"",
,"Active","Inventory Part","Short Screw Biz",,"Non","00001 · Hardware and tool Income","54300 · Hardware and tool","12100 · Inventory Asset",0.00,,59,"Count In Each (ce)","Count by the Count In Each",350.00,"Raja",,500.00,1,
,"Active","Inventory Part","3mm pp Board",,"Non","64200 · Repairs","64200 · Repairs","64200 · Repairs:64210 · Building Repairs",0.00,,19,"Count In Each (ce)","Count by the Count In Each",3800.00,"Thz",,4500.00,"",
,"Active","Inventory Part","124x3",,"Non","000005 · Diesel Engine Income","54000 · Diesel","12100 · Inventory Asset",0.00,,0,"Count In Each (ce)","Count by the Count In Each",7350.00,"MyintMya",,8000.00,"",
,"Active","Inventory Part","22 Cylinder Kit Set","....","Non","000005 · Diesel Engine Income","54000 · Diesel","12100 · Inventory Asset",0.00,,-2,"count in box (cb)","Count by the count in Pack",26500.00,"Hongxingyu",,31500.00,1,
,"Active","Inventory Part","Long Box Spaner 8","..","Non","00001 · Hardware and tool Income","54300 · Hardware and tool","12100 · Inventory Asset",0.00,"..",9,"Count In Each (ce)","Count by the Count In Each",2700.00,"Raja",,4000.00,1,
,"Active","Inventory Part","Wave X Sticker Set","..","Non","000002 · Sticker Income","54400 · Sticker","12100 · Inventory Asset",0.00,"..",0,"Count In Each (ce)","Count by the Count In Each",3200.00,"Thar Aung & Bros",,4000.00,"",
,"Active","Inventory Part","Wave 7 Sticker",,"Non","000002 · Sticker Income","54400 · Sticker","12100 · Inventory Asset",0.00,,0,"Count In Each (ce)","Count by the Count In Each",3600.00,"Thar Aung & Bros",,3500.00,"",
,"Active","Inventory Part","Halmet Cover Small",,"Non","000004 · Motor cycle Income","54200 · Motor Cycle","12100 · Inventory Asset",0.00,,0,"Count In Each (ce)","Count by the Count In Each",1600.00,"Thar Aung & Bros",,2000.00,"",
,"Active","Inventory Part","Halmet Cover Big",,"Non","000004 · Motor cycle Income","54200 · Motor Cycle","12100 · Inventory Asset",0.00,,-1,"Count In Each (ce)","Count by the Count In Each",2000.00,"Thar Aung & Bros",,3000.00,"",
,"Active","Inventory Part","CZI Sticker",,"Non","000002 · Sticker Income","54400 · Sticker","12100 · Inventory Asset",0.00,,0,"Count In Each (ce)","Count by the Count In Each",3200,"Thar Aung & Bros",,3500.00,"",
,"Active","Inventory Part","kenbo Sticker",,"Non","000002 · Sticker Income","54400 · Sticker","12100 · Inventory Asset",0.00,,-1,"Count In Each (ce)","Count by the Count In Each",3200,"Thar Aung & Bros",,4000.00,"",
,"Active","Inventory Part","Baby Halmet",,"Non","000004 · Motor cycle Income","54200 · Motor Cycle","12100 · Inventory Asset",0.00,,0.7,"Count In Each (ce)","Count by the Count In Each",3250,"Thar Aung & Bros",,4000.00,"",
,"Active","Inventory Part","B Flasher Cut out Thai",,"Non","000004 · Motor cycle Income","54200 · Motor Cycle","12100 · Inventory Asset",0.00,,0,"Count In Each (ce)","Count by the Count In Each",3550.00,"Thar Aung & Bros",,4000.00,"",
,"Active","Inventory Part","Halmet Cover",,"Non","000004 · Motor cycle Income","54200 · Motor Cycle","12100 · Inventory Asset",0.00,,1,"Count In Each (ce)","Count by the Count In Each",2000.00,"Thar Aung & Bros",,2500.00,1,
,"Active","Inventory Part","cover full",,"Non","000004 · Motor cycle Income","54200 · Motor Cycle","12100 · Inventory Asset",0.00,,0,"Count In Each (ce)","Count by the Count In Each",40400,"Thar Aung & Bros",,45000.00,"",
,"Active","Inventory Part","4.2x1"" Self Drilling Screw",,"Non","000003 · Bolt and Nut Income","54520 · Bolt and Nut","12100 · Inventory Asset",0.00,,2558.33334,"Count In Each (ce)","Count by the Count In Each",20.00,"Roberts & Bros",,40.00,"",
,"Active","Inventory Part","17x17",,"Non","000003 · Bolt and Nut Income","54520 · Bolt and Nut","12100 · Inventory Asset",0.00,,247,"Count In Each (ce)","Count by the Count In Each",200.00,"Roberts & Bros",,300.00,1,
,"Active","Inventory Part","8x Plain Washer",,"Non","000003 · Bolt and Nut Income","54520 · Bolt and Nut","12100 · Inventory Asset",0.00,,3199,"Count In Each (ce)","Count by the Count In Each",18.00,"Roberts & Bros",,25.00,1,
,"Active","Inventory Part","Rivets 6.9",,"Non","000003 · Bolt and Nut Income","54520 · Bolt and Nut","12100 · Inventory Asset",0.00,,91.33334,"Count In Each (ce)","Count by the Count In Each",24.00,"Roberts & Bros",,50.00,1,
,"Active","Inventory Part","Rivets 6.8",,"Non","000003 · Bolt and Nut Income","54520 · Bolt and Nut","12100 · Inventory Asset",0.00,,618,"Count In Each (ce)","Count by the Count In Each",4.30,"Roberts & Bros",,15.00,1,
,"Active","Inventory Part","Rivets 6.6",,"Non","000003 · Bolt and Nut Income","54520 · Bolt and Nut","12100 · Inventory Asset",0.00,,18.33333,"Count In Each (ce)","Count by the Count In Each",4.10,"Roberts & Bros",,10.00,1,
,"Active","Inventory Part","Rivets 6.5",,"Non","000003 · Bolt and Nut Income","54520 · Bolt and Nut","12100 · Inventory Asset",0.00,,1036,"Count In Each (ce)","Count by the Count In Each",5.90,"Roberts & Bros",,25.00,1,
,"Active","Inventory Part","Rivets 6.4",,"Non","000003 · Bolt and Nut Income","54520 · Bolt and Nut","12100 · Inventory Asset",0.00,,0,"Count In Each (ce)","Count by the Count In Each",3.60,"Roberts & Bros",,10.00,1,
,"Active","Inventory Part","Rivets 6.3",,"Non","000003 · Bolt and Nut Income","54520 · Bolt and Nut","12100 · Inventory Asset",0.00,,-29.33333,"Count In Each (ce)","Count by the Count In Each",3.40,"Roberts & Bros",,10.00,1,
,"Active","Inventory Part","Rivets 5.6",,"Non","000003 · Bolt and Nut Income","54520 · Bolt and Nut","12100 · Inventory Asset",0.00,,405,"Count In Each (ce)","Count by the Count In Each",5.10,"Roberts & Bros",,10.00,1,
,"Active","Inventory Part","Rivets 5.5",,"Non","000003 · Bolt and Nut Income","54520 · Bolt and Nut","12100 · Inventory Asset",0.00,,491,"Count In Each (ce)","Count by the Count In Each",4.70,"Roberts & Bros",,10.00,1,
,"Active","Inventory Part","Rivets 5.4",,"Non","000003 · Bolt and Nut Income","54520 · Bolt and Nut","12100 · Inventory Asset",0.00,,250,"Count In Each (ce)","Count by the Count In Each",4.50,"Roberts & Bros",,10.00,1,
,"Active","Inventory Part","Rivets 5.3",,"Non","000003 · Bolt and Nut Income","54520 · Bolt and Nut","12100 · Inventory Asset",0.00,,222,"Count In Each (ce)","Count by the Count In Each",4.20,"Roberts & Bros",,10.00,1,
,"Active","Inventory Part","5/8x5/8",,"Non","000003 · Bolt and Nut Income","54520 · Bolt and Nut","12100 · Inventory Asset",0.00,,53,"Count In Each (ce)","Count by the Count In Each",250.00,"Roberts & Bros",,500.00,1,
,"Active","Inventory Part","M8 Wallpress Plastic",,"Non","000003 · Bolt and Nut Income","54520 · Bolt and Nut","12100 · Inventory Asset",0.00,,1339,"Count In Each (ce)","Count by the Count In Each",3.20,"Roberts & Bros",,10.00,1,
,"Active","Inventory Part","M7 Wallpress Plastic",,"Non","000003 · Bolt and Nut Income","54520 · Bolt and Nut","12100 · Inventory Asset",0.00,,676,"Count In Each (ce)","Count by the Count In Each",9.00,"Roberts & Bros",,28.125,1,
,"Active","Inventory Part","M6 Wallpress Plastic",,"Non","000003 · Bolt and Nut Income","54520 · Bolt and Nut","12100 · Inventory Asset",0.00,,876,"Count In Each (ce)","Count by the Count In Each",3.20,"Roberts & Bros",,10.00,1,
,"Active","Inventory Part","1/8x2 *Screw",,"Non","000003 · Bolt and Nut Income","54520 · Bolt and Nut","12100 · Inventory Asset",0.00,,673,"Count In Each (ce)","Count by the Count In Each",8.30,"Roberts & Bros",,20.00,1,
,"Active","Inventory Part","1/8x11/2 *Screw",,"Non","000003 · Bolt and Nut Income","54520 · Bolt and Nut","12100 · Inventory Asset",0.00,,633,"Count In Each (ce)","Count by the Count In Each",5.50,"Roberts & Bros",,15.00,1,
,"Active","Inventory Part","1/8x11/4 *Screw",,"Non","000003 · Bolt and Nut Income","54520 · Bolt and Nut","12100 · Inventory Asset",0.00,,639,"Count In Each (ce)","Count by the Count In Each",4.80,"Roberts & Bros",,10.00,1,
,"Active","Inventory Part","1/8x1 *Screw",,"Non","000003 · Bolt and Nut Income","54520 · Bolt and Nut","12100 · Inventory Asset",0.00,,556,"Count In Each (ce)","Count by the Count In Each",4.10,"Roberts & Bros",,10.00,1,
,"Active","Inventory Part","1/8x3/4 *Screw",,"Non","000003 · Bolt and Nut Income","54520 · Bolt and Nut","12100 · Inventory Asset",0.00,,577,"Count In Each (ce)","Count by the Count In Each",3.40,"Roberts & Bros",,7.00,1,
,"Active","Inventory Part","1/8x1/2 *Screw",,"Non","000003 · Bolt and Nut Income","54520 · Bolt and Nut","12100 · Inventory Asset",0.00,,314,"Count In Each (ce)","Count by the Count In Each",2.70,"Roberts & Bros",,5.00,1,
,"Active","Inventory Part","21/2"" Roof Screw",,"Non","000003 · Bolt and Nut Income","54520 · Bolt and Nut","12100 · Inventory Asset",0.00,,1693,"Count In Each (ce)","Count by the Count In Each",45.00,"Roberts & Bros",,80.00,1,
,"Active","Inventory Part","2"" Roof Screw",,"Non","000003 · Bolt and Nut Income","54520 · Bolt and Nut","12100 · Inventory Asset",0.00,,1515,"Count In Each (ce)","Count by the Count In Each",20.00,"Roberts & Bros",,50.00,1,
,"Active","Inventory Part","11/2"" Roof Screw",,"Non","000003 · Bolt and Nut Income","54520 · Bolt and Nut","12100 · Inventory Asset",0.00,,514,"Count In Each (ce)","Count by the Count In Each",30.00,"Roberts & Bros",,60.00,1,
,"Active","Inventory Part","1"" Roof Screw",,"Non","000003 · Bolt and Nut Income","54520 · Bolt and Nut","12100 · Inventory Asset",0.00,,3128.33333,"Count In Each (ce)","Count by the Count In Each",22.00,"Roberts & Bros",,50.00,1,
,"Active","Inventory Part","1/8xSpring Washer",,"Non","000003 · Bolt and Nut Income","54520 · Bolt and Nut","12100 · Inventory Asset",0.00,,640,"Count In Each (ce)","Count by the Count In Each",1.20,"Roberts & Bros",,5.00,1,
,"Active","Inventory Part","1/4 Clean Pipe",,"Non","00001 · Hardware and tool Income","54300 · Hardware and tool","12100 · Inventory Asset",0.00,,61,"foot (ft)","Length by the foot",30.00,"Raja",,50.00,1,
,"Active","Inventory Part","1/4 String Pipe",,"Non","00001 · Hardware and tool Income","54300 · Hardware and tool","12100 · Inventory Asset",0.00,,12,"foot (ft)","Length by the foot",85.00,"Raja",,150.00,1,
,"Active","Inventory Part","Trane Power Steering Oil 1Lit","....","Non","000008 · Lubricant and Oil Income","Lubricant and Oil","12100 · Inventory Asset",0.00,"....",0,"Count In Each (ce)","Count by the Count In Each",3083.33333,"Htoo 3",,6000.00,"",
,"Active","Inventory Part","Trane Brake Oil 1Lit",,"Non","000008 · Lubricant and Oil Income","Lubricant and Oil","12100 · Inventory Asset",0.00,,0,"Count In Each (ce)","Count by the Count In Each",5860.00,"Htoo 3",,10000.00,1,
,"Active","Inventory Part","Ptt Engine Oil 15W40 1 L",,"Non","000008 · Lubricant and Oil Income","Lubricant and Oil","12100 · Inventory Asset",0.00,,0,"Count In Each (ce)","Count by the Count In Each",8500.00,"Htoo 3",,10000.00,1,
,"Active","Inventory Part","90.90.14 CZI Tire",,"Non","000004 · Motor cycle Income","54200 · Motor Cycle","12100 · Inventory Asset",0.00,,-1,"Count In Each (ce)","Count by the Count In Each",13500.00,"Thar Aung & Bros",,16000.00,"",
,"Active","Inventory Part","80.90.14 CZI Tire",,"Non","000004 · Motor cycle Income","54200 · Motor Cycle","12100 · Inventory Asset",0.00,,4,"Count In Each (ce)","Count by the Count In Each",12500.00,"Thar Aung & Bros",,15000.00,"",
,"Active","Inventory Part","Brake Bulb",,"Non","000004 · Motor cycle Income","54200 · Motor Cycle","12100 · Inventory Asset",0.00,,8,"Count In Each (ce)","Count by the Count In Each",160.00,"Thar Aung & Bros",,200.00,1,
,"Active","Inventory Part","Battery 4L Zest",,"Non","000004 · Motor cycle Income","54200 · Motor Cycle","12100 · Inventory Asset",0.00,,0,"Count In Each (ce)","Count by the Count In Each",9500.00,"Thar Aung & Bros",,11000.00,1,
,"Active","Inventory Part","1/8xPlain Washer",,"Non","000003 · Bolt and Nut Income","54520 · Bolt and Nut","12100 · Inventory Asset",0.00,,212,"Count In Each (ce)","Count by the Count In Each",3.20,"Roberts & Bros",,10.00,1,
,"Active","Inventory Part","10x4 Engine Nut",,"Non","000003 · Bolt and Nut Income","54520 · Bolt and Nut","12100 · Inventory Asset",0.00,,121,"Count In Each (ce)","Count by the Count In Each",35.00,"Roberts & Bros",,200.00,1,
,"Active","Inventory Part","10x3 Engine Nut",,"Non","000003 · Bolt and Nut Income","54520 · Bolt and Nut","12100 · Inventory Asset",0.00,,219,"Count In Each (ce)","Count by the Count In Each",36.00,"Roberts & Bros",,200.00,1,
,"Active","Inventory Part","10x2 Engine Nut",,"Non","000003 · Bolt and Nut Income","54520 · Bolt and Nut","12100 · Inventory Asset",0.00,,432,"Count In Each (ce)","Count by the Count In Each",85.00,"Roberts & Bros",,163.46154,1,
,"Active","Inventory Part","10x11/2 Engine Nut",,"Non","000003 · Bolt and Nut Income","54520 · Bolt and Nut","12100 · Inventory Asset",0.00,,505,"Count In Each (ce)","Count by the Count In Each",80.00,"Roberts & Bros",,160.00,1,
,"Active","Inventory Part","10x11/4 Engine Nut",,"Non","000003 · Bolt and Nut Income","54520 · Bolt and Nut","12100 · Inventory Asset",0.00,,535,"Count In Each (ce)","Count by the Count In Each",16,"Roberts & Bros",,30.00,1,
,"Active","Inventory Part","10x3/4 Engine Nut",,"Non","000003 · Bolt and Nut Income","54520 · Bolt and Nut","12100 · Inventory Asset",0.00,,195,"Count In Each (ce)","Count by the Count In Each",13,"Roberts & Bros",,50.00,1,
,"Active","Inventory Part","10x1/2 Engine Nut",,"Non","000003 · Bolt and Nut Income","54520 · Bolt and Nut","12100 · Inventory Asset",0.00,,1248,"Count In Each (ce)","Count by the Count In Each",35.00,"Roberts & Bros",,145.83333,1,
,"Active","Inventory Part","12V Fuse",,"Non","000004 · Motor cycle Income","54200 · Motor Cycle","12100 · Inventory Asset",0.00,,64,"Count In Each (ce)","Count by the Count In Each",25,"Thar Aung & Bros",,100.00,1,
,"Active","Inventory Part","Seven Fitsh CZI Chain Assy",,"Non","000004 · Motor cycle Income","54200 · Motor Cycle","12100 · Inventory Asset",0.00,,3,"Count In Each (ce)","Count by the Count In Each",850.00,"UMS Trading co-Ltd",,1500.00,1,"SKT00589"
,"Active","Inventory Part","Loujia Switch Head Light",,"Non","000004 · Motor cycle Income","54200 · Motor Cycle","12100 · Inventory Asset",0.00,,3,"Count In Each (ce)","Count by the Count In Each",836.00,"UMS Trading co-Ltd",,1000.00,"","LP19"
,"Active","Inventory Part","Dimmer Head Light Loujia",,"Non","000004 · Motor cycle Income","54200 · Motor Cycle","12100 · Inventory Asset",0.00,,1,"Count In Each (ce)","Count by the Count In Each",836.00,"UMS Trading co-Ltd",,1000.00,1,"LN01"
,"Active","Inventory Part","Signal Switch Loujia",,"Non","000004 · Motor cycle Income","54200 · Motor Cycle","12100 · Inventory Asset",0.00,,-26,"Count In Each (ce)","Count by the Count In Each",745.00,"UMS Trading co-Ltd",,1000.00,"",
,"Active","Inventory Part","Kenbo 110 Band Battery",,"Non","000004 · Motor cycle Income","54200 · Motor Cycle","12100 · Inventory Asset",0.00,,33,"Count In Each (ce)","Count by the Count In Each",196.00,"UMS Trading co-Ltd",,300.00,1,
,"Active","Inventory Part","Kenbo  Super Wave125Switchlight",,"Non","000004 · Motor cycle Income","54200 · Motor Cycle","12100 · Inventory Asset",0.00,,1,"Count In Each (ce)","Count by the Count In Each",546.00,"UMS Trading co-Ltd",,800.00,"",
,"Active","Inventory Part","Kenbo Dr 110 Piston +0.25",,"Non","000004 · Motor cycle Income","54200 · Motor Cycle","12100 · Inventory Asset",0.00,,0,"Count In Each (ce)","Count by the Count In Each",2482.00,"UMS Trading co-Ltd",,3000.00,1,
,"Active","Inventory Part","Z 110 Piston STD",,"Non","000004 · Motor cycle Income","54200 · Motor Cycle","12100 · Inventory Asset",0.00,,1,"Count In Each (ce)","Count by the Count In Each",4200.00,"UMS Trading co-Ltd",,5000.00,"",
,"Active","Inventory Part","Kenbo Piston Ring+0.25 size",,"Non","000004 · Motor cycle Income","54200 · Motor Cycle","12100 · Inventory Asset",0.00,,8,"Count In Each (ce)","Count by the Count In Each",1669.00,"UMS Trading co-Ltd",,2000.00,"","R03-KB"
,"Active","Inventory Part","Kenbo Dr 110 Chain Box Assy",,"Non","000004 · Motor cycle Income","54200 · Motor Cycle","12100 · Inventory Asset",0.00,,0,"Count In Each (ce)","Count by the Count In Each",4295.00,"UMS Trading co-Ltd",,5000.00,"","C50-KB"
,"Active","Inventory Part","Kenbo x125 Chain&Sprocket Kit",,"Non","000004 · Motor cycle Income","54200 · Motor Cycle","12100 · Inventory Asset",0.00,,0,"Count In Each (ce)","Count by the Count In Each",8302.00,"UMS Trading co-Ltd",,9500.00,"",
,"Active","Inventory Part","110 Left Rear Cover Engine",,"Non","000004 · Motor cycle Income","54200 · Motor Cycle","12100 · Inventory Asset",0.00,,-1,"Count In Each (ce)","Count by the Count In Each",4089.00,"UMS Trading co-Ltd",,4500.00,1,
,"Active","Inventory Part","Start Switch Loujia","..","Non","000004 · Motor cycle Income","54200 · Motor Cycle","12100 · Inventory Asset",0.00,,0,"Count In Each (ce)","Count by the Count In Each",594.00,"UMS Trading co-Ltd",,850.00,"","LS03"
,"Active","Inventory Part","Spring Front Shork KB CT.II",,"Non","000004 · Motor cycle Income","54200 · Motor Cycle","12100 · Inventory Asset",0.00,,0,"Count In Each (ce)","Count by the Count In Each",1174.00,"UMS Trading co-Ltd",,1500.00,"","P36-KB"
,"Active","Inventory Part","Kenbo Dr 110 Dimmer Head Light",,"Non","000004 · Motor cycle Income","54200 · Motor Cycle","12100 · Inventory Asset",0.00,,3,"Count In Each (ce)","Count by the Count In Each",546.00,"UMS Trading co-Ltd",,800.00,1,"N03-KB"
,"Active","Inventory Part","Sun Way Pipe Glue",,"Non","00001 · Hardware and tool Income","54300 · Hardware and tool","12100 · Inventory Asset",0.00,,8.93333,"Count In Each (ce)","Count by the Count In Each",1200.00,"Raja",,1500.00,1,
,"Active","Inventory Part","6"" HIGH Carbon Steel Files",,"Non","00001 · Hardware and tool Income","54300 · Hardware and tool","12100 · Inventory Asset",0.00,,1,"Count In Each (ce)","Count by the Count In Each",1600.00,"Raja",,2000.00,"",
,"Active","Inventory Part","6"" Steel Files Round HALF",,"Non","00001 · Hardware and tool Income","54300 · Hardware and tool","12100 · Inventory Asset",0.00,,0,"Count In Each (ce)","Count by the Count In Each",1600.00,"Raja",,2000.00,"",
,"Active","Inventory Part","Cir Clip NO.15",,"Non","00001 · Hardware and tool Income","54300 · Hardware and tool","12100 · Inventory Asset",0.00,,387,"Count In Each (ce)","Count by the Count In Each",15.00,"Raja",,50.00,1,
,"Active","Inventory Part","Cir clip NO.23 Wide",,"Non","00001 · Hardware and tool Income","54300 · Hardware and tool","12100 · Inventory Asset",0.00,,151,"Count In Each (ce)","Count by the Count In Each",45.00,"Raja",,100.00,1,
,"Active","Inventory Part","Cir clip NO.17 Wide",,"Non","00001 · Hardware and tool Income","54300 · Hardware and tool","12100 · Inventory Asset",0.00,,113.42857,"Count In Each (ce)","Count by the Count In Each",35.00,"Raja",,50.00,1,
,"Active","Inventory Part","Cir clip NO.10 Wide",,"Non","00001 · Hardware and tool Income","54300 · Hardware and tool","12100 · Inventory Asset",0.00,,161,"Count In Each (ce)","Count by the Count In Each",7.00,"Raja",,50.00,1,
,"Active","Inventory Part","Cir clip NO.19 Wide",,"Non","00001 · Hardware and tool Income","54300 · Hardware and tool","12100 · Inventory Asset",0.00,,18,"Count In Each (ce)","Count by the Count In Each",35.00,"Raja",,50.00,1,
,"Active","Inventory Part","Cir clip NO.18 Wide",,"Non","00001 · Hardware and tool Income","54300 · Hardware and tool","12100 · Inventory Asset",0.00,,86,"Count In Each (ce)","Count by the Count In Each",35.00,"Raja",,50.00,1,
,"Active","Inventory Part","Cir clip NO.14 Wide",,"Non","00001 · Hardware and tool Income","54300 · Hardware and tool","12100 · Inventory Asset",0.00,,439,"Count In Each (ce)","Count by the Count In Each",7.00,"Raja",,50.00,1,
,"Active","Inventory Part","Cir clip NO.11 Wide",,"Non","00001 · Hardware and tool Income","54300 · Hardware and tool","12100 · Inventory Asset",0.00,,689,"Count In Each (ce)","Count by the Count In Each",7.00,"Raja",,50.00,1,
,"Active","Inventory Part","Cir clip NO.18",,"Non","00001 · Hardware and tool Income","54300 · Hardware and tool","12100 · Inventory Asset",0.00,,-1,"Count In Each (ce)","Count by the Count In Each",30.00,"Raja",,50.00,"",
,"Active","Inventory Part","Cir Clip No.12",,"Non","00001 · Hardware and tool Income","54300 · Hardware and tool","12100 · Inventory Asset",0.00,,469,"Count In Each (ce)","Count by the Count In Each",10.00,"Raja",,50.00,1,
,"Active","Inventory Part","Cir Clip NO.19",,"Non","00001 · Hardware and tool Income","54300 · Hardware and tool","12100 · Inventory Asset",0.00,,131,"Count In Each (ce)","Count by the Count In Each",40.00,"Raja",,100.00,1,
,"Active","Inventory Part","Cir Clip No.16",,"Non","00001 · Hardware and tool Income","54300 · Hardware and tool","12100 · Inventory Asset",0.00,,333,"Count In Each (ce)","Count by the Count In Each",20.00,"Raja",,50.00,1,
,"Active","Inventory Part","Cir clip NO.11",,"Non","00001 · Hardware and tool Income","54300 · Hardware and tool","12100 · Inventory Asset",0.00,,780,"Count In Each (ce)","Count by the Count In Each",8.57142,"Raja",,50.00,1,
,"Active","Inventory Part","Cir Clip NO.17",,"Non","00001 · Hardware and tool Income","54300 · Hardware and tool","12100 · Inventory Asset",0.00,,276,"Count In Each (ce)","Count by the Count In Each",23.64483,"Raja",,50.00,1,
,"Active","Inventory Part","Cir Clip NO.20",,"Non","00001 · Hardware and tool Income","54300 · Hardware and tool","12100 · Inventory Asset",0.00,,102,"Count In Each (ce)","Count by the Count In Each",45.71429,"Raja",,100.00,1,
,"Active","Inventory Part","15AMP Fues Eagles",,"Non","00001 · Hardware and tool Income","54300 · Hardware and tool","12100 · Inventory Asset",0.00,,79,"Count In Each (ce)","Count by the Count In Each",35.00,"Raja",,100.00,1,
,"Active","Inventory Part","10AMP Fuse Eagles",,"Non","00001 · Hardware and tool Income","54300 · Hardware and tool","12100 · Inventory Asset",0.00,,96,"Count In Each (ce)","Count by the Count In Each",35.00,"Raja",,100.00,1,
,"Active","Inventory Part","5Amp Fuse Eagles",,"Non","00001 · Hardware and tool Income","54300 · Hardware and tool","12100 · Inventory Asset",0.00,,50,"Count In Each (ce)","Count by the Count In Each",35.00,"Raja",,100.00,1,
,"Active","Inventory Part","6Lbs Hammer",,"Non","00001 · Hardware and tool Income","54300 · Hardware and tool","12100 · Inventory Asset",0.00,,0,"Count In Each (ce)","Count by the Count In Each",3000.00,"Raja",,5000.00,1,
,"Active","Inventory Part","4Lbs Hammer",,"Non","00001 · Hardware and tool Income","54300 · Hardware and tool","12100 · Inventory Asset",0.00,,-1,"Count In Each (ce)","Count by the Count In Each",2200.00,"Raja",,3000.00,"",
,"Active","Inventory Part","3Lbs Hammer",,"Non","00001 · Hardware and tool Income","54300 · Hardware and tool","12100 · Inventory Asset",0.00,,1,"Count In Each (ce)","Count by the Count In Each",1500.00,"Raja",,2500.00,1,
,"Active","Inventory Part","2Lbs Hammer",,"Non","00001 · Hardware and tool Income","54300 · Hardware and tool","12100 · Inventory Asset",0.00,,0,"Count In Each (ce)","Count by the Count In Each",800.00,"Raja",,1200.00,1,
,"Active","Inventory Part","Sunflower Fiberglass Tape",,"Non","00001 · Hardware and tool Income","54300 · Hardware and tool","12100 · Inventory Asset",0.00,,1,"Count In Each (ce)","Count by the Count In Each",700.00,"Raja",,1000.00,"",
,"Active","Inventory Part","Diamond V NineTape",,"Non","00001 · Hardware and tool Income","54300 · Hardware and tool","12100 · Inventory Asset",0.00,,39,"Count In Each (ce)","Count by the Count In Each",3050.00,"Raja",,5545.45449,1,
,"Active","Inventory Part","Sogo Pipe 100 pvc 13.5 4"" L",,"Non","15300 · Construction Equipment","15300 · Construction Equipment","12100 · Inventory Asset",0.00,,3,"Count In Each (ce)","Count by the Count In Each",1600.00,"Raja",,1800.00,1,
,"Active","Inventory Part","Sogo Pipe 80 pvc 13.5 3""Socket",,"Non","15300 · Construction Equipment","15300 · Construction Equipment","12100 · Inventory Asset",0.00,,5,"Count In Each (ce)","Count by the Count In Each",1000.00,"Raja",,1200.00,1,
,"Active","Inventory Part","Sogo Pipe 80 pvc 13.5 3"" L",,"Non","15300 · Construction Equipment","15300 · Construction Equipment","12100 · Inventory Asset",0.00,,5,"Count In Each (ce)","Count by the Count In Each",1000.00,"Raja",,1200.00,1,
,"Active","Inventory Part","Sogo Pipe 55 pvc 13.5 2""Socke",,"Non","15300 · Construction Equipment","15300 · Construction Equipment","12100 · Inventory Asset",0.00,,4,"Count In Each (ce)","Count by the Count In Each",400.00,"Raja",,600.00,1,
,"Active","Inventory Part","Sogo Pipe 55 pvc 13.5 2"" L",,"Non","15300 · Construction Equipment","15300 · Construction Equipment","12100 · Inventory Asset",0.00,,4,"Count In Each (ce)","Count by the Count In Each",500.00,"Raja",,700.00,1,
,"Active","Inventory Part","Sogo Pipe 40 pvc 13.5 11/2""Sock",,"Non","15300 · Construction Equipment","15300 · Construction Equipment","12100 · Inventory Asset",0.00,,5,"Count In Each (ce)","Count by the Count In Each",330.00,"Raja",,400.00,1,
,"Active","Inventory Part","Sogo Pipe 40 pvc 13.5 11/2"" L",,"Non","15300 · Construction Equipment","15300 · Construction Equipment","12100 · Inventory Asset",0.00,,5,"Count In Each (ce)","Count by the Count In Each",330.00,"Raja",,400.00,1,
,"Active","Inventory Part","Sogo Pipe 25 pvc 13.5 1""Socket",,"Non","15300 · Construction Equipment","15300 · Construction Equipment","12100 · Inventory Asset",0.00,,4,"Count In Each (ce)","Count by the Count In Each",180.00,"Raja",,250.00,1,
,"Active","Inventory Part","Sogo Pipe 25 pvc 13.5 1"" L",,"Non","15300 · Construction Equipment","15300 · Construction Equipment","12100 · Inventory Asset",0.00,,2,"Count In Each (ce)","Count by the Count In Each",220.00,"Raja",,300.00,1,
,"Active","Inventory Part","Sogo Pipe 20 pvc 13.5 3/4""Socke",,"Non","15300 · Construction Equipment","15300 · Construction Equipment","12100 · Inventory Asset",0.00,,5,"Count In Each (ce)","Count by the Count In Each",130.00,"Raja",,200.00,1,
,"Active","Inventory Part","Sogo Pipe 20 pvc 13.5 3/4"" L",,"Non","15300 · Construction Equipment","15300 · Construction Equipment","12100 · Inventory Asset",0.00,,5,"Count In Each (ce)","Count by the Count In Each",130.00,"Raja",,200.00,1,
,"Active","Inventory Part","Sogo Pipe 18 pvc 13.5 1/2""Socke",,"Non","15300 · Construction Equipment","15300 · Construction Equipment","12100 · Inventory Asset",0.00,,4,"Count In Each (ce)","Count by the Count In Each",80.00,"Raja",,100.00,1,
,"Active","Inventory Part","Sogo Pipe 18 pvc 13.5 1/2"" L",,"Non","15300 · Construction Equipment","15300 · Construction Equipment","12100 · Inventory Asset",0.00,,4,"Count In Each (ce)","Count by the Count In Each",100.00,"Raja",,150.00,1,
,"Active","Inventory Part","Tajima Angle Grinder",,"Non","00001 · Hardware and tool Income","54300 · Hardware and tool","12100 · Inventory Asset",0.00,,0,"Count In Each (ce)","Count by the Count In Each",20000.00,"Raja",,23000.00,"","Sky-maha"
,"Active","Inventory Part","Baiyi Angle Grinder",,"Non","000004 · Motor cycle Income","54200 · Motor Cycle","12100 · Inventory Asset",0.00,,0,"Count In Each (ce)","Count by the Count In Each",18000.00,"Raja",,23000.00,"","BY-7100"
,"Active","Inventory Part","Feiyada Angle Grinder",,"Non","00001 · Hardware and tool Income","54300 · Hardware and tool","12100 · Inventory Asset",0.00,,0,"Count In Each (ce)","Count by the Count In Each",17000.00,"Raja",,20000.00,"",
,"Active","Inventory Part","Horn Switch Loujia FD651",,"Non","000004 · Motor cycle Income","54200 · Motor Cycle","12100 · Inventory Asset",0.00,,-17,"Count In Each (ce)","Count by the Count In Each",594,"UMS Trading co-Ltd",,850.00,"","LH-01"
,"Active","Inventory Part","Rubber Handle Hammer",,"Non","00001 · Hardware and tool Income","54300 · Hardware and tool","12100 · Inventory Asset",0.00,,0,"Count In Each (ce)","Count by the Count In Each",2000.00,"Raja",,3000.00,"",
,"Active","Inventory Part","Yellow Metal Hammer",,"Non","00001 · Hardware and tool Income","54300 · Hardware and tool","12100 · Inventory Asset",0.00,,7,"Count In Each (ce)","Count by the Count In Each",6000.00,"Raja",,8372.0928,1,
,"Active","Inventory Part","1/2 Drill Chuck",,"Non","00001 · Hardware and tool Income","54300 · Hardware and tool","12100 · Inventory Asset",0.00,,19,"Count In Each (ce)","Count by the Count In Each",6000.00,"Raja",,11466.66638,1,
,"Active","Inventory Part","12V Li-ion Battery Parts",,"Non","00001 · Hardware and tool Income","54300 · Hardware and tool","12100 · Inventory Asset",0.00,,3,"Count In Each (ce)","Count by the Count In Each",7000.00,"Raja",,15000.00,1,
,"Active","Inventory Part","Suyu 12V 10mm Battery Screwdriv",,"Non","00001 · Hardware and tool Income","54300 · Hardware and tool","12100 · Inventory Asset",0.00,,1,"Count In Each (ce)","Count by the Count In Each",70000.00,"Raja",,91304.346,"",
,"Active","Inventory Part","Kinik 14"" Reinforce Cut-Off Whe",,"Non","00001 · Hardware and tool Income","54300 · Hardware and tool","12100 · Inventory Asset",0.00,,7,"Count In Each (ce)","Count by the Count In Each",1800.00,"Raja",,2500.00,1,
,"Active","Inventory Part","Sogo Corrugated Conduit Pipe",,"Non","00001 · Hardware and tool Income","54300 · Hardware and tool","12100 · Inventory Asset",0.00,,16,"foot (ft)","Length by the foot",60.00,"Raja",,100.00,1,
,"Active","Inventory Part","1/2 String Pipe",,"Non","00001 · Hardware and tool Income","54300 · Hardware and tool","12100 · Inventory Asset",0.00,,111.5,"foot (ft)","Length by the foot",90.00,"Raja",,200.00,1,
,"Active","Inventory Part","Berry Lion Kitchen Scissor",,"Non","00001 · Hardware and tool Income","54300 · Hardware and tool","12100 · Inventory Asset",0.00,,0,"Count In Each (ce)","Count by the Count In Each",5800.00,"Raja",,6500.00,"","040502103"
,"Active","Inventory Part","10m Ruler Box",,"Non","00001 · Hardware and tool Income","54300 · Hardware and tool","12100 · Inventory Asset",0.00,,1,"Count In Each (ce)","Count by the Count In Each",6500.00,"Raja",,10000.00,"",
,"Active","Inventory Part","Black Lion 7.5m Measure Tape",,"Non","00001 · Hardware and tool Income","54300 · Hardware and tool","12100 · Inventory Asset",0.00,,2,"Count In Each (ce)","Count by the Count In Each",5500.00,"Raja",,7264.15085,1,
,"Active","Inventory Part","5m Ruler Box",,"Non","00001 · Hardware and tool Income","54300 · Hardware and tool","12100 · Inventory Asset",0.00,,3,"Count In Each (ce)","Count by the Count In Each",6880.00,"Raja",,10000.00,"",
,"Active","Inventory Part","3m Ruler Box",,"Non","00001 · Hardware and tool Income","54300 · Hardware and tool","12100 · Inventory Asset",0.00,,20,"Count In Each (ce)","Count by the Count In Each",3600.00,"Raja",,5538.4614,1,
,"Active","Inventory Part","Sun Moon Star Bicycle Air Pump","..","Non","000004 · Motor cycle Income","54200 · Motor Cycle","12100 · Inventory Asset",0.00,,1,"Count In Each (ce)","Count by the Count In Each",1200.00,"Raja",,2000.00,1,
,"Active","Inventory Part","12mm ZNZO Root Spaner",,"Non","00001 · Hardware and tool Income","54300 · Hardware and tool","12100 · Inventory Asset",0.00,,8,"Count In Each (ce)","Count by the Count In Each",1200,"Raja",,1500.00,1,
,"Active","Inventory Part","2Pin Standard Cable",,"Non","00001 · Hardware and tool Income","54300 · Hardware and tool","12100 · Inventory Asset",0.00,,114,"Count In Each (ce)","Count by the Count In Each",48.33333,"Raja",,100.00,1,
,"Active","Inventory Part","Grand Cable Wire 4mm",,"Non","64200 · Repairs","64200 · Repairs","12100 · Inventory Asset",0.00,,0,"foot (ft)","Length by the foot",146.66666,"Raja",,300.00,"",
,"Active","Inventory Part","Grand Cable Wire 2.5mm",,"Non","64200 · Repairs","64200 · Repairs","12100 · Inventory Asset",0.00,,0,"foot (ft)","Length by the foot",100.00,"Raja",,200.00,"",
,"Active","Inventory Part","Grand Cable Wire 1.5mm",,"Non","64200 · Repairs","64200 · Repairs","12100 · Inventory Asset",0.00,,0,"foot (ft)","Length by the foot",60.00,"Raja",,100.00,"",
,"Active","Inventory Part","6"" G Clamp",,"Non","00001 · Hardware and tool Income","54300 · Hardware and tool","12100 · Inventory Asset",0.00,,1,"Count In Each (ce)","Count by the Count In Each",7600.00,"Raja",,10000.00,1,"290403"
,"Active","Inventory Part","5"" Tesibao G Clamp",,"Non","00001 · Hardware and tool Income","54300 · Hardware and tool","12100 · Inventory Asset",0.00,,1,"Count In Each (ce)","Count by the Count In Each",4800.00,"Raja",,5000.00,1,
,"Active","Inventory Part","4"" Tesibao G Clamp",,"Non","00001 · Hardware and tool Income","54300 · Hardware and tool","12100 · Inventory Asset",0.00,,0,"Count In Each (ce)","Count by the Count In Each",4000.00,"Raja",,5000.00,1,
,"Active","Inventory Part","3"" Tesibao G Clamp",,"Non","00001 · Hardware and tool Income","54300 · Hardware and tool","12100 · Inventory Asset",0.00,,1,"Count In Each (ce)","Count by the Count In Each",2300.00,"Raja",,3000.00,1,
,"Active","Inventory Part","2"" Tesibao G Clamp",,"Non","00001 · Hardware and tool Income","54300 · Hardware and tool","12100 · Inventory Asset",0.00,,0,"Count In Each (ce)","Count by the Count In Each",1400.00,"Raja",,2000.00,1,
,"Active","Inventory Part","13mm Chrome Ratchet Half Spaner",,"Non","00001 · Hardware and tool Income","54300 · Hardware and tool","12100 · Inventory Asset",0.00,,3,"Count In Each (ce)","Count by the Count In Each",2700.00,"Raja",,4500.00,1,
,"Active","Inventory Part","17mm Chrome Ratchet Half Spaner",,"Non","00001 · Hardware and tool Income","54300 · Hardware and tool","12100 · Inventory Asset",0.00,,-1,"Count In Each (ce)","Count by the Count In Each",4000.00,"Raja",,5000.00,1,
,"Active","Inventory Part","14mm Chrome Ratchet Half Spaner",,"Non","00001 · Hardware and tool Income","54300 · Hardware and tool","12100 · Inventory Asset",0.00,,1,"Count In Each (ce)","Count by the Count In Each",3000.00,"Raja",,4000.00,1,
,"Active","Inventory Part","8mm Chrome Ratchet Half Spaner","..","Non","00001 · Hardware and tool Income","54300 · Hardware and tool","12100 · Inventory Asset",0.00,"..",10,"Count In Each (ce)","Count by the Count In Each",6500.00,"Raja",,9027.77785,1,
,"Active","Inventory Part","12mm Chrome Ratchet Half Spaner",,"Non","00001 · Hardware and tool Income","54300 · Hardware and tool","12100 · Inventory Asset",0.00,,1,"Count In Each (ce)","Count by the Count In Each",2500,"Raja",,4000.00,1,
,"Active","Inventory Part","10mm Chrome Ratchet Half Spaner",,"Non","00001 · Hardware and tool Income","54300 · Hardware and tool","12100 · Inventory Asset",0.00,,6,"Count In Each (ce)","Count by the Count In Each",7500.00,"Raja",,11250.00,"",
,"Active","Inventory Part","Double Open Wrench 18x19","..","Non","00001 · Hardware and tool Income","54300 · Hardware and tool","12100 · Inventory Asset",0.00,,28,"Count In Each (ce)","Count by the Count In Each",4800.00,"Raja",,7000.00,1,
,"Active","Inventory Part","Double Open Wrench 16x17",,"Non","00001 · Hardware and tool Income","54300 · Hardware and tool","12100 · Inventory Asset",0.00,,10,"Count In Each (ce)","Count by the Count In Each",3250.00,"Raja",,4875.00,1,
,"Active","Inventory Part","Double Open Wrench 14x15",,"Non","00001 · Hardware and tool Income","54300 · Hardware and tool","12100 · Inventory Asset",0.00,,14,"Count In Each (ce)","Count by the Count In Each",4400.00,"Raja",,6500.00,1,
,"Active","Inventory Part","Double Open Wrench 12x13",,"Non","00001 · Hardware and tool Income","54300 · Hardware and tool","12100 · Inventory Asset",0.00,,28,"Count In Each (ce)","Count by the Count In Each",4000.00,"Raja",,6000.00,1,
,"Active","Inventory Part","Double Open Wrench 10x11",,"Non","00001 · Hardware and tool Income","54300 · Hardware and tool","12100 · Inventory Asset",0.00,,0,"Count In Each (ce)","Count by the Count In Each",600.00,"Raja",,1000.00,1,
,"Active","Inventory Part","Double Open Wrench 8x9",,"Non","00001 · Hardware and tool Income","54300 · Hardware and tool","12100 · Inventory Asset",0.00,,18,"Count In Each (ce)","Count by the Count In Each",1750.00,"Raja",,2625.00,1,
,"Active","Inventory Part","Double Open Wrench 6x7",,"Non","00001 · Hardware and tool Income","54300 · Hardware and tool","12100 · Inventory Asset",0.00,,8,"Count In Each (ce)","Count by the Count In Each",1500.00,"Raja",,2785.71435,1,
,"Active","Inventory Part","10mm TKT Root Spaner",,"Non","00001 · Hardware and tool Income","54300 · Hardware and tool","12100 · Inventory Asset",0.00,,3,"Count In Each (ce)","Count by the Count In Each",350.00,"Raja",,700.00,1,
,"Active","Inventory Part","Biaozhi Utility Knife",,"Non","00001 · Hardware and tool Income","54300 · Hardware and tool","12100 · Inventory Asset",0.00,,0,"Count In Each (ce)","Count by the Count In Each",1100.00,"Raja",,1833.33337,1,
,"Active","Inventory Part","Stanley 6Pieces Screwdriver Se",,"Non","00001 · Hardware and tool Income","54300 · Hardware and tool","12100 · Inventory Asset",0.00,,-1.1125,"pair (pr)","Count by the pair",7000,"Raja",,8000.00,"","1846-2009"
,"Active","Inventory Part","42mm PVC Pipe Cutter",,"Non","00001 · Hardware and tool Income","54300 · Hardware and tool","12100 · Inventory Asset",0.00,,4,"Count In Each (ce)","Count by the Count In Each",18100.00,"Raja",,20000.00,0,"270101"
,"Active","Inventory Part","Mini Bolt Cutter 8""/200mm",,"Non","00001 · Hardware and tool Income","54300 · Hardware and tool","12100 · Inventory Asset",0.00,,1,"Count In Each (ce)","Count by the Count In Each",10600.00,"Raja",,13000.00,"","130401"
,"Active","Inventory Part","6"" Handsaw",,"Non","00001 · Hardware and tool Income","54300 · Hardware and tool","12100 · Inventory Asset",0.00,,8,"Count In Each (ce)","Count by the Count In Each",1900.00,"Raja",,3000.00,1,
,"Active","Inventory Part","Wynn's Chisel.Blue Handle 11/4""",,"Non","00001 · Hardware and tool Income","54300 · Hardware and tool","12100 · Inventory Asset",0.00,,2,"Count In Each (ce)","Count by the Count In Each",2500.00,"Raja",,3500.00,"",
,"Active","Inventory Part","Wynn's Chisel.Blue Handle 11/2""",,"Non","00001 · Hardware and tool Income","54300 · Hardware and tool","12100 · Inventory Asset",0.00,,5,"Count In Each (ce)","Count by the Count In Each",1700.00,"Raja",,3500.00,"",
,"Active","Inventory Part","Wynn's Chisel.Blue Handle 1""",,"Non","00001 · Hardware and tool Income","54300 · Hardware and tool","12100 · Inventory Asset",0.00,,-2,"Count In Each (ce)","Count by the Count In Each",1800.00,"Raja",,2500.00,"","W0075E"
,"Active","Inventory Part","Wynn's Chisel.Blue Handle",,"Non","00001 · Hardware and tool Income","54300 · Hardware and tool","12100 · Inventory Asset",0.00,,0,"Count In Each (ce)","Count by the Count In Each",1500.00,"Raja",,2500.00,1,"W0075D"
,"Active","Inventory Part","Staples 13/6",,"Non","00001 · Hardware and tool Income","54300 · Hardware and tool","12100 · Inventory Asset",0.00,,46,"Count In Each (ce)","Count by the Count In Each",6000.00,"Raja",,8000.00,1,
,"Active","Inventory Part","Berry Lion Guntracker",,"Non","00001 · Hardware and tool Income","54300 · Hardware and tool","12100 · Inventory Asset",0.00,,0,"Count In Each (ce)","Count by the Count In Each",5000.00,"Raja",,5500.00,"","050701048"
,"Active","Inventory Part","Powerful Guntracker",,"Non","00001 · Hardware and tool Income","54300 · Hardware and tool","12100 · Inventory Asset",0.00,,1,"Count In Each (ce)","Count by the Count In Each",3000.00,"Raja",,3500.00,"",
,"Active","Inventory Part","Conwoo Guntracker","..","Non","00001 · Hardware and tool Income","54300 · Hardware and tool","12100 · Inventory Asset",0.00,,0,"Count In Each (ce)","Count by the Count In Each",4000.00,"Raja",,4500.00,"",
,"Active","Inventory Part","3pcs Shaft Mounted Brush Set",,"Non","00001 · Hardware and tool Income","54300 · Hardware and tool","12100 · Inventory Asset",0.00,,2,"Count In Each (ce)","Count by the Count In Each",4350.00,"Raja",,5500.00,1,"591001"
,"Active","Inventory Part","Ninja Brick Cutter",,"Non","00001 · Hardware and tool Income","54300 · Hardware and tool","12100 · Inventory Asset",0.00,,-7,"Count In Each (ce)","Count by the Count In Each",2900.00,"Raja",,4500.00,"","SM-10409"
,"Active","Inventory Part","Berry Lion Rivet Gun",,"Non","00001 · Hardware and tool Income","54300 · Hardware and tool","12100 · Inventory Asset",0.00,,2,"Count In Each (ce)","Count by the Count In Each",4000,"Raja",,5500.00,1,"06802588"
,"Active","Inventory Part","Black Lion BL-1001",,"Non","00001 · Hardware and tool Income","54300 · Hardware and tool","12100 · Inventory Asset",0.00,,1,"Count In Each (ce)","Count by the Count In Each",3000.00,"Raja",,3500.00,"","BL-1001"
,"Active","Inventory Part","Stanley 69-646",,"Non","00001 · Hardware and tool Income","54300 · Hardware and tool","12100 · Inventory Asset",0.00,,1,"Count In Each (ce)","Count by the Count In Each",2400.00,"Raja",,3000.00,"","69-646"
,"Active","Inventory Part","L Key Long Black",,"Non","00001 · Hardware and tool Income","54300 · Hardware and tool","12100 · Inventory Asset",0.00,,8,"Count In Each (ce)","Count by the Count In Each",10350.00,"Raja",,15000.00,"",
,"Active","Inventory Part","L Key Short Black",,"Non","00001 · Hardware and tool Income","54300 · Hardware and tool","12100 · Inventory Asset",0.00,,9,"Count In Each (ce)","Count by the Count In Each",9800.00,"Raja",,13000.00,"",
,"Active","Inventory Part","1/2"" DR Socket Set 24 PCS",,"Non","00001 · Hardware and tool Income","54300 · Hardware and tool","12100 · Inventory Asset",0.00,,1,"Count In Each (ce)","Count by the Count In Each",85000.00,"Raja",,120000.00,"",
,"Active","Inventory Part","10 PcsHalf Spaner",,"Non","00001 · Hardware and tool Income","54300 · Hardware and tool","12100 · Inventory Asset",0.00,,4,"Count In Each (ce)","Count by the Count In Each",35000.00,"Raja",,40579.7105,1,
,"Active","Inventory Part","Tongli12 Pieces Half Spaner",,"Non","00001 · Hardware and tool Income","54300 · Hardware and tool","12100 · Inventory Asset",0.00,,0,"Count In Each (ce)","Count by the Count In Each",14000.00,"Raja",,16000.00,"","KT52-12632G"
,"Active","Inventory Part","Pipe Clip 95-115 5""",,"Non","00001 · Hardware and tool Income","54300 · Hardware and tool","12100 · Inventory Asset",0.00,,1,"Count In Each (ce)","Count by the Count In Each",550.00,"Raja",,900.00,1,
,"Active","Inventory Part","Pipe Clip 83-102 41/2""",,"Non","00001 · Hardware and tool Income","54300 · Hardware and tool","12100 · Inventory Asset",0.00,,-7,"Count In Each (ce)","Count by the Count In Each",450,"Raja",,800.00,"",
,"Active","Inventory Part","Pipe Clip 70-90 4""",,"Non","00001 · Hardware and tool Income","54300 · Hardware and tool","12100 · Inventory Asset",0.00,,35,"Count In Each (ce)","Count by the Count In Each",400.00,"Raja",,800.00,1,
,"Active","Inventory Part","Pipe Clip 50-70 3""","..","Non","00001 · Hardware and tool Income","54300 · Hardware and tool","12100 · Inventory Asset",0.00,"..",7,"Count In Each (ce)","Count by the Count In Each",350.00,"Raja",,600.00,1,
,"Active","Inventory Part","Pipe Clip 44-60 21/2""",,"Non","00001 · Hardware and tool Income","54300 · Hardware and tool","12100 · Inventory Asset",0.00,,44,"Count In Each (ce)","Count by the Count In Each",270.00,"Raja",,500.00,1,
,"Active","Inventory Part","Pipe Clip 31-48 2""",,"Non","00001 · Hardware and tool Income","54300 · Hardware and tool","12100 · Inventory Asset",0.00,,23,"Count In Each (ce)","Count by the Count In Each",230.00,"Raja",,400.00,1,
,"Active","Inventory Part","Pipe Clip 28-41 11/2""",,"Non","00001 · Hardware and tool Income","54300 · Hardware and tool","12100 · Inventory Asset",0.00,,135,"Count In Each (ce)","Count by the Count In Each",250.00,"Raja",,400.00,1,
,"Active","Inventory Part","Pipe Clip 19-25 1""",,"Non","00001 · Hardware and tool Income","54300 · Hardware and tool","12100 · Inventory Asset",0.00,,65,"Count In Each (ce)","Count by the Count In Each",190.00,"Raja",,300.00,1,
,"Active","Inventory Part","Pipe Clip 13-19 3/4""",,"Non","00001 · Hardware and tool Income","54300 · Hardware and tool","12100 · Inventory Asset",0.00,,0,"Count In Each (ce)","Count by the Count In Each",160.00,"Raja",,250.00,1,
,"Active","Inventory Part","Tiger Wire Cutter",,"Non","00001 · Hardware and tool Income","54300 · Hardware and tool","12100 · Inventory Asset",0.00,,37,"Count In Each (ce)","Count by the Count In Each",6500.00,"Raja",,8749.9997,1,
,"Active","Inventory Part","TCT Wiring Plier",,"Non","00001 · Hardware and tool Income","54300 · Hardware and tool","12100 · Inventory Asset",0.00,,12,"Count In Each (ce)","Count by the Count In Each",2500.00,"Raja",,3500.00,1,
,"Active","Inventory Part","Y China Wiring Tester",,"Non","00001 · Hardware and tool Income","54300 · Hardware and tool","12100 · Inventory Asset",0.00,,2,"Count In Each (ce)","Count by the Count In Each",650.00,"Raja",,928.57141,1,
,"Active","Inventory Part","Philip Wiring Tester",,"Non","00001 · Hardware and tool Income","54300 · Hardware and tool","12100 · Inventory Asset",0.00,,0,"Count In Each (ce)","Count by the Count In Each",650.00,"Raja",,1000.00,"",
,"Active","Inventory Part","30Amp Fuse",,"Non","00001 · Hardware and tool Income","54300 · Hardware and tool","12100 · Inventory Asset",0.00,,-9,"Count In Each (ce)","Count by the Count In Each",35.00,"Raja",,100.00,"",
,"Active","Inventory Part","6"" Steel Files Flat",,"Non","00001 · Hardware and tool Income","54300 · Hardware and tool","12100 · Inventory Asset",0.00,,0,"Count In Each (ce)","Count by the Count In Each",1600.00,"Raja",,2000.00,1,
,"Active","Inventory Part","6"" Steel Files Round",,"Non","00001 · Hardware and tool Income","54300 · Hardware and tool","12100 · Inventory Asset",0.00,,-1,"Count In Each (ce)","Count by the Count In Each",1600.00,"Raja",,2000.00,"",
,"Active","Inventory Part","Pokka Diamond Wheel",,"Non","00001 · Hardware and tool Income","54300 · Hardware and tool","12100 · Inventory Asset",0.00,,0,"Count In Each (ce)","Count by the Count In Each",2500,"Raja",,3000.00,1,
,"Active","Inventory Part","8"" HIGH Carbon Steel Files",,"Non","00001 · Hardware and tool Income","54300 · Hardware and tool","12100 · Inventory Asset",0.00,,2,"Count In Each (ce)","Count by the Count In Each",2000.00,"Raja",,2500.00,1,
,"Active","Inventory Part","8"" Steel Files Round HALF",,"Non","00001 · Hardware and tool Income","54300 · Hardware and tool","12100 · Inventory Asset",0.00,,1,"Count In Each (ce)","Count by the Count In Each",2000.00,"Raja",,2500.00,"",
,"Active","Inventory Part","8"" STEEL FILES FLAT",,"Non","00001 · Hardware and tool Income","54300 · Hardware and tool","12100 · Inventory Asset",0.00,,1,"Count In Each (ce)","Count by the Count In Each",2000.00,"Raja",,2500.00,1,
,"Active","Inventory Part","8"" Steel Files Round",,"Non","00001 · Hardware and tool Income","54300 · Hardware and tool","12100 · Inventory Asset",0.00,,0,"Count In Each (ce)","Count by the Count In Each",2000.00,"Raja",,2500.00,"",
,"Active","Inventory Part","Shark Steel Cutting Wheel",,"Non","00001 · Hardware and tool Income","54300 · Hardware and tool","12100 · Inventory Asset",0.00,,188,"Count In Each (ce)","Count by the Count In Each",216.66666,"Raja",,300.00,1,
,"Active","Inventory Part","Smooth Abarasive",,"Non","00001 · Hardware and tool Income","54300 · Hardware and tool","12100 · Inventory Asset",0.00,,24,"Count In Each (ce)","Count by the Count In Each",450.00,"Raja",,600.00,1,
,"Active","Inventory Part","Steel Abarasive strong","..","Non","00001 · Hardware and tool Income","54300 · Hardware and tool","12100 · Inventory Asset",0.00,"..",0,"Count In Each (ce)","Count by the Count In Each",1100.00,"Raja",,1540.00,1,
,"Active","Inventory Part","Kinik 4""",,"Non","00001 · Hardware and tool Income","54300 · Hardware and tool","12100 · Inventory Asset",0.00,,23,"Count In Each (ce)","Count by the Count In Each",280.00,"Raja",,500.00,1,
,"Active","Inventory Part","No.40 Abarasive",,"Non","00001 · Hardware and tool Income","54300 · Hardware and tool","12100 · Inventory Asset",0.00,,0,"Count In Each (ce)","Count by the Count In Each",380.00,"Raja",,500.00,1,
,"Active","Inventory Part","No.60 Abarasive",,"Non","00001 · Hardware and tool Income","54300 · Hardware and tool","12100 · Inventory Asset",0.00,,9,"Count In Each (ce)","Count by the Count In Each",850.00,"Raja",,1118.42108,"",
,"Active","Inventory Part","Screw Abarasive",,"Non","00001 · Hardware and tool Income","54300 · Hardware and tool","12100 · Inventory Asset",0.00,,0,"Count In Each (ce)","Count by the Count In Each",600.00,"Raja",,1000.00,"",
,"Active","Inventory Part","filter Remover Leather",,"Non","00001 · Hardware and tool Income","54300 · Hardware and tool","12100 · Inventory Asset",0.00,,4,"Count In Each (ce)","Count by the Count In Each",7450.00,"Raja",,10000.00,1,
,"Active","Inventory Part","Filter Remover Chain",,"Non","00001 · Hardware and tool Income","54300 · Hardware and tool","12100 · Inventory Asset",0.00,,6,"Count In Each (ce)","Count by the Count In Each",7500.00,"Raja",,10000.00,1,
,"Active","Inventory Part","Eagle One 27Pieces Box spaner",,"Non","00001 · Hardware and tool Income","54300 · Hardware and tool","12100 · Inventory Asset",0.00,,0,"Count In Each (ce)","Count by the Count In Each",3700.00,"Raja",,5000.00,"",
,"Active","Inventory Part","Eagle One 22Pieces Box spaner B",,"Non","00001 · Hardware and tool Income","54300 · Hardware and tool","12100 · Inventory Asset",0.00,,0,"Count In Each (ce)","Count by the Count In Each",3700.00,"Raja",,4500.00,"",
,"Active","Inventory Part","honda bush collum",,"Non","000005 · Diesel Engine Income","54000 · Diesel","12100 · Inventory Asset",0.00,,13,"Count In Each (ce)","Count by the Count In Each",300.00,"Super",,500.00,1,
,"Active","Inventory Part","Kenbo Dr 110 Switch Head Light",,"Non","000004 · Motor cycle Income","54200 · Motor Cycle","12100 · Inventory Asset",0.00,,6,"Count In Each (ce)","Count by the Count In Each",546.00,"UMS Trading co-Ltd",,800.00,1,"P40-KB"
,"Active","Inventory Part","Chain Sproket Wide YMH",,"Non","000004 · Motor cycle Income","54200 · Motor Cycle","12100 · Inventory Asset",0.00,,2,"Count In Each (ce)","Count by the Count In Each",9000.00,"Yin Maha",,10000.00,1,
,"Active","Inventory Part","wave 125 Miledge Wire Set YMH",,"Non","000004 · Motor cycle Income","54200 · Motor Cycle","12100 · Inventory Asset",0.00,,0,"Count In Each (ce)","Count by the Count In Each",3350.00,"Yin Maha",,4000.00,"",
,"Active","Inventory Part","X-125 Miledge Wire Set Ymh",,"Non","000004 · Motor cycle Income","54200 · Motor Cycle","12100 · Inventory Asset",0.00,,1,"Count In Each (ce)","Count by the Count In Each",3350.00,"Yin Maha",,3800.00,"",
,"Active","Inventory Part","loujia Mileage Wire Set 7Pin YM",,"Non","000004 · Motor cycle Income","54200 · Motor Cycle","12100 · Inventory Asset",0.00,,1,"Count In Each (ce)","Count by the Count In Each",3800.00,"Yin Maha",,4500.00,"",
,"Active","Inventory Part","Loujia Mileage Wire Set YMH",,"Non","000004 · Motor cycle Income","54200 · Motor Cycle","12100 · Inventory Asset",0.00,,1,"Count In Each (ce)","Count by the Count In Each",3800.00,"Yin Maha",,4500.00,"",
,"Active","Inventory Part","CZI BrakeRod YMH",,"Non","000004 · Motor cycle Income","54200 · Motor Cycle","12100 · Inventory Asset",0.00,,1,"Count In Each (ce)","Count by the Count In Each",650.00,"Yin Maha",,1000.00,"",
,"Active","Inventory Part","Chain Sporket 38-14-108 YMH",,"Non","000004 · Motor cycle Income","54200 · Motor Cycle","12100 · Inventory Asset",0.00,,0,"Count In Each (ce)","Count by the Count In Each",7920.00,"Yin Maha",,9000.00,"",
,"Active","Inventory Part","J-19 Charger YMH",,"Non","000004 · Motor cycle Income","54200 · Motor Cycle","12100 · Inventory Asset",0.00,,3,"Count In Each (ce)","Count by the Count In Each",2200.00,"Yin Maha",,3500.00,"",
,"Active","Inventory Part","J-18 Charger YMH",,"Non","000004 · Motor cycle Income","54200 · Motor Cycle","12100 · Inventory Asset",0.00,,0,"Count In Each (ce)","Count by the Count In Each",4000.00,"Yin Maha",,5000.00,"",
,"Active","Inventory Part","Turbo Pipe Set YMH",,"Non","000004 · Motor cycle Income","54200 · Motor Cycle","12100 · Inventory Asset",0.00,,0,"Count In Each (ce)","Count by the Count In Each",5750.00,"Yin Maha",,6500.00,"",
,"Active","Inventory Part","Oil Pump Pinion YMH",,"Non","000004 · Motor cycle Income","54200 · Motor Cycle","12100 · Inventory Asset",0.00,,3,"Count In Each (ce)","Count by the Count In Each",680.00,"Yin Maha",,1000.00,1,
,"Active","Inventory Part","CZI Rear Lock Click",,"Non","000004 · Motor cycle Income","54200 · Motor Cycle","12100 · Inventory Asset",0.00,,2,"Count In Each (ce)","Count by the Count In Each",1380.00,"Yin Maha",,1700.00,1,
,"Active","Inventory Part","Click CDI YMH",,"Non","000004 · Motor cycle Income","54200 · Motor Cycle","12100 · Inventory Asset",0.00,,5,"Count In Each (ce)","Count by the Count In Each",3250.00,"Yin Maha",,4000.00,1,
,"Active","Inventory Part","W-100 Crank Set","..","Non","000004 · Motor cycle Income","54200 · Motor Cycle","12100 · Inventory Asset",0.00,,1,"Count In Each (ce)","Count by the Count In Each",17500.00,"Yin Maha",,20000.00,"",
,"Active","Inventory Part","125 Timing Pinion YMH",,"Non","000004 · Motor cycle Income","54200 · Motor Cycle","12100 · Inventory Asset",0.00,,-4,"Count In Each (ce)","Count by the Count In Each",460.00,"Yin Maha",,1000.00,1,
,"Active","Inventory Part","110 Timing Pinion YMH",,"Non","000004 · Motor cycle Income","54200 · Motor Cycle","12100 · Inventory Asset",0.00,,-3,"Count In Each (ce)","Count by the Count In Each",500.00,"Yin Maha",,1000.00,1,
,"Active","Inventory Part","Lever Layer Set",,"Non","000004 · Motor cycle Income","54200 · Motor Cycle","12100 · Inventory Asset",0.00,,2,"Count In Each (ce)","Count by the Count In Each",350.00,"Yin Maha",,500.00,1,
,"Active","Inventory Part","Plug Grass Cutting Maching",,"Non","000006 · Gasoline","000006 · Gasoline","12100 · Inventory Asset",0.00,,0,"Count In Each (ce)","Count by the Count In Each",1150.00,"Yin Maha",,1500.00,"",
,"Active","Inventory Part","Wave 100 Cylinder block YMH",,"Non","000004 · Motor cycle Income","54200 · Motor Cycle","12100 · Inventory Asset",0.00,,0,"Count In Each (ce)","Count by the Count In Each",17800.00,"Yin Maha",,20000.00,"",
,"Active","Inventory Part","125 upper Disc Brake Pump YMH",,"Non","000004 · Motor cycle Income","54200 · Motor Cycle","12100 · Inventory Asset",0.00,,2,"Count In Each (ce)","Count by the Count In Each",5380.00,"Yin Maha",,6500.00,"",
,"Active","Inventory Part","Front Cover Sticker",,"Non","000002 · Sticker Income","54400 · Sticker","12100 · Inventory Asset",0.00,,11,"Count In Each (ce)","Count by the Count In Each",400.00,"Bo Bo Sticker",,700.00,1,
,"Active","Inventory Part","41/2'x1' Bee Sticker",,"Non","000002 · Sticker Income","54400 · Sticker","12100 · Inventory Asset",0.00,,0,"Count In Each (ce)","Count by the Count In Each",666.66667,"Bo Bo Sticker",,1000.00,"",
,"Active","Inventory Part","5'x1' Skull Sticker",,"Non","000002 · Sticker Income","54400 · Sticker","12100 · Inventory Asset",0.00,,25.8,"Count In Each (ce)","Count by the Count In Each",400.00,"Bo Bo Sticker",,500.00,1,
,"Active","Inventory Part","Small Buddha Sticker",,"Non","000002 · Sticker Income","54400 · Sticker","12100 · Inventory Asset",0.00,,14,"Count In Each (ce)","Count by the Count In Each",100.00,"Bo Bo Sticker",,200.00,1,
,"Active","Inventory Part","Medium Buddha Sticker",,"Non","000002 · Sticker Income","54400 · Sticker","12100 · Inventory Asset",0.00,,12,"Count In Each (ce)","Count by the Count In Each",200.00,"Bo Bo Sticker",,300.00,1,
,"Active","Inventory Part","Cover Liner",,"Non","000002 · Sticker Income","54400 · Sticker","12100 · Inventory Asset",0.00,,147,"Count In Each (ce)","Count by the Count In Each",45.33334,"Bo Bo Sticker",,150.00,1,
,"Active","Inventory Part","Medium Spring Key Chain",,"Non","000002 · Sticker Income","54400 · Sticker","12100 · Inventory Asset",0.00,,0,"Count In Each (ce)","Count by the Count In Each",166.66667,"Bo Bo Sticker",,400.00,1,
,"Active","Inventory Part","Big Spring Key Chain",,"Non","000002 · Sticker Income","54400 · Sticker","12100 · Inventory Asset",0.00,,30,"Count In Each (ce)","Count by the Count In Each",458.33333,"Bo Bo Sticker",,668.12437,1,
,"Active","Inventory Part","Hair Trickel","..","Non","000002 · Sticker Income","54400 · Sticker","12100 · Inventory Asset",0.00,"..",60,"Count In Each (ce)","Count by the Count In Each",500.00,"Bo Bo Sticker",,781.25,1,
,"Active","Inventory Part","Arrow  Refelection Sticker",,"Non","000002 · Sticker Income","54400 · Sticker","12100 · Inventory Asset",0.00,,23,"Count In Each (ce)","Count by the Count In Each",200.00,"Bo Bo Sticker",,500.00,1,
,"Active","Inventory Part","Honda Sticker Circle",,"Non","000002 · Sticker Income","54400 · Sticker","12100 · Inventory Asset",0.00,,0,"Count In Each (ce)","Count by the Count In Each",111.11111,"Bo Bo Sticker",,150.00,1,
,"Active","Inventory Part","Kenbo+Nissan Sticker",,"Non","000002 · Sticker Income","54400 · Sticker","12100 · Inventory Asset",0.00,,48,"Count In Each (ce)","Count by the Count In Each",100,"Bo Bo Sticker",,200.00,1,
,"Active","Inventory Part","Cover Sticker Special",,"Non","000002 · Sticker Income","54400 · Sticker","12100 · Inventory Asset",0.00,,32.5,"Count In Each (ce)","Count by the Count In Each",700.00,"Bo Bo Sticker",,1000.00,1,
,"Active","Inventory Part","General Small Sticker",,"Non","000002 · Sticker Income","54400 · Sticker","12100 · Inventory Asset",0.00,,147,"Count In Each (ce)","Count by the Count In Each",30.00,"Bo Bo Sticker",,50.00,1,
,"Active","Inventory Part","1' Reflection Sticker",,"Non","000002 · Sticker Income","54400 · Sticker","12100 · Inventory Asset",0.00,,0,"Count In Each (ce)","Count by the Count In Each",300.00,"Bo Bo Sticker",,500.00,"",
,"Active","Inventory Part","Exhaust Sticker",,"Non","000002 · Sticker Income","54400 · Sticker","12100 · Inventory Asset",0.00,,5,"Count In Each (ce)","Count by the Count In Each",250,"Bo Bo Sticker",,700.00,1,
,"Active","Inventory Part","Engine Cover Sticker",,"Non","000002 · Sticker Income","54400 · Sticker","12100 · Inventory Asset",0.00,,157,"Count In Each (ce)","Count by the Count In Each",50.00,"Bo Bo Sticker",,100.00,1,
,"Active","Inventory Part","Small Sign Sticker",,"Non","000002 · Sticker Income","54400 · Sticker","12100 · Inventory Asset",0.00,,8,"Count In Each (ce)","Count by the Count In Each",50.00,"Bo Bo Sticker",,100.00,1,
,"Active","Inventory Part","Monster Words Sticker",,"Non","000002 · Sticker Income","54400 · Sticker","12100 · Inventory Asset",0.00,,10,"Count In Each (ce)","Count by the Count In Each",66.66666,"Bo Bo Sticker",,150.00,1,
,"Active","Inventory Part","Midium Sign Triangle",,"Non","000002 · Sticker Income","54400 · Sticker","12100 · Inventory Asset",0.00,,80,"Count In Each (ce)","Count by the Count In Each",66.66666,"Bo Bo Sticker",,150.00,1,
,"Active","Inventory Part","Reflection Buddha Sticker",,"Non","000002 · Sticker Income","54400 · Sticker","12100 · Inventory Asset",0.00,,10,"Count In Each (ce)","Count by the Count In Each",83.33333,"Bo Bo Sticker",,150.00,1,
,"Active","Inventory Part","It's My Style Sticker",,"Non","000002 · Sticker Income","54400 · Sticker","12100 · Inventory Asset",0.00,,3,"Count In Each (ce)","Count by the Count In Each",83.33333,"Bo Bo Sticker",,150.00,1,
,"Active","Inventory Part","Big Sign Triangle Sticker",,"Non","000002 · Sticker Income","54400 · Sticker","12100 · Inventory Asset",0.00,,-7,"pair (pr)","Count by the pair",83.333,"Bo Bo Sticker",,150.00,1,
,"Active","Inventory Part","10x11/4 Cover Nut",,"Non","000003 · Bolt and Nut Income","54520 · Bolt and Nut","12100 · Inventory Asset",0.00,,-12,"Count In Each (ce)","Count by the Count In Each",15.27777,"Roberts & Bros",,50.00,1,
,"Active","Inventory Part","Motorcycle Crank kit nut",,"Non","000004 · Motor cycle Income","54200 · Motor Cycle","12100 · Inventory Asset",0.00,,92,"Count In Each (ce)","Count by the Count In Each",70,"Thar Aung & Bros",,200.00,1,
,"Active","Inventory Part","Tap 5x0.8(Japan)",,"Non","00001 · Hardware and tool Income","54300 · Hardware and tool","12100 · Inventory Asset",0.00,,3,"Count In Each (ce)","Count by the Count In Each",2000.00,"Raja",,2400.00,1,
,"Active","Inventory Part","12 T Japan",,"Non","00001 · Hardware and tool Income","54300 · Hardware and tool","12100 · Inventory Asset",0.00,,0,"Count In Each (ce)","Count by the Count In Each",2000.00,"Raja",,4000.00,"",
,"Active","Inventory Part","8 T Japan",,"Non","00001 · Hardware and tool Income","54300 · Hardware and tool","12100 · Inventory Asset",0.00,,-1,"Count In Each (ce)","Count by the Count In Each",2000.00,"Raja",,2500.00,1,
,"Active","Inventory Part","Rubber Double Washer",,"Non","000004 · Motor cycle Income","54200 · Motor Cycle","12100 · Inventory Asset",0.00,,52,"Count In Each (ce)","Count by the Count In Each",40,"MH",,150.00,1,
,"Active","Inventory Part","Timing Chain Spring",,"Non","000004 · Motor cycle Income","54200 · Motor Cycle","12100 · Inventory Asset",0.00,,20,"Count In Each (ce)","Count by the Count In Each",115.00,"MH",,191.66667,1,
,"Active","Inventory Part","Rubber Washer Engine Head Cover",,"Non","000004 · Motor cycle Income","54200 · Motor Cycle","12100 · Inventory Asset",0.00,,5,"Count In Each (ce)","Count by the Count In Each",150.00,"MH",,200.00,1,
,"Active","Inventory Part","Cover Bracket",,"Non","000004 · Motor cycle Income","54200 · Motor Cycle","12100 · Inventory Asset",0.00,,0,"Count In Each (ce)","Count by the Count In Each",550.00,"MH",,1000.00,"",
,"Active","Inventory Part","Rubber Washer Center Cover",,"Non","000004 · Motor cycle Income","54200 · Motor Cycle","12100 · Inventory Asset",0.00,,9,"Count In Each (ce)","Count by the Count In Each",50.00,"MH",,100.00,1,
,"Active","Inventory Part","Fuel Tank Cap",,"Non","000004 · Motor cycle Income","54200 · Motor Cycle","12100 · Inventory Asset",0.00,,3,"Count In Each (ce)","Count by the Count In Each",450.00,"MH",,1000.00,1,
,"Active","Inventory Part","Cover Washer Colore",,"Non","000004 · Motor cycle Income","54200 · Motor Cycle","12100 · Inventory Asset",0.00,,16,"pair (pr)","Count by the pair",15.00,"MH",,20.00,1,
,"Active","Inventory Part","Rear Brake Rod Spring",,"Non","000004 · Motor cycle Income","54200 · Motor Cycle","12100 · Inventory Asset",0.00,,0,"Count In Each (ce)","Count by the Count In Each",50.00,"Thar Aung & Bros",,100.00,1,
,"Active","Inventory Part","Rear Lock Spring",,"Non","000004 · Motor cycle Income","54200 · Motor Cycle","12100 · Inventory Asset",0.00,,10,"Count In Each (ce)","Count by the Count In Each",110.00,"Yin Maha",,200.00,1,
,"Active","Inventory Part","Dy Chain Ajuster",,"Non","000004 · Motor cycle Income","54200 · Motor Cycle","12100 · Inventory Asset",0.00,,0,"Count In Each (ce)","Count by the Count In Each",2650.00,"Yin Maha",,3000.00,"",
,"Active","Inventory Part","Dream 125 Lock",,"Non","000004 · Motor cycle Income","54200 · Motor Cycle","12100 · Inventory Asset",0.00,,0,"Count In Each (ce)","Count by the Count In Each",5550.00,"Yin Maha",,6500.00,"",
,"Active","Inventory Part","125 4 Pin Lock",,"Non","000004 · Motor cycle Income","54200 · Motor Cycle","12100 · Inventory Asset",0.00,,1,"Count In Each (ce)","Count by the Count In Each",3000.00,"Yin Maha",,6500.00,1,
,"Active","Inventory Part","Battery 4L",,"Non","000004 · Motor cycle Income","54200 · Motor Cycle","12100 · Inventory Asset",0.00,,0,"Count In Each (ce)","Count by the Count In Each",13000.00,"Yin Maha",,17000.00,1,"SKT00216"
,"Active","Inventory Part","Battery 5L",,"Non","000004 · Motor cycle Income","54200 · Motor Cycle","12100 · Inventory Asset",0.00,,0,"Count In Each (ce)","Count by the Count In Each",18500.00,"Yin Maha",,21511.62795,1,"SKT00317"
,"Active","Inventory Part","125 Lever Brake",,"Non","000004 · Motor cycle Income","54200 · Motor Cycle","12100 · Inventory Asset",0.00,,13,"Count In Each (ce)","Count by the Count In Each",500.00,"Yin Maha",,1000.00,1,
,"Active","Inventory Part","Led Front Bulb Special",,"Non","000004 · Motor cycle Income","54200 · Motor Cycle","12100 · Inventory Asset",0.00,,1,"Count In Each (ce)","Count by the Count In Each",8200.00,"Yin Maha",,10000.00,"",
,"Active","Inventory Part","Dy Front Bulb Set",,"Non","000004 · Motor cycle Income","54200 · Motor Cycle","12100 · Inventory Asset",0.00,,2.5,"Count In Each (ce)","Count by the Count In Each",1705,"Yin Maha",,2000.00,1,
,"Active","Inventory Part","Dy Bulb",,"Non","000004 · Motor cycle Income","54200 · Motor Cycle","12100 · Inventory Asset",0.00,,-2,"Count In Each (ce)","Count by the Count In Each",750.00,"Yin Maha",,1500.00,"",
,"Active","Inventory Part","Led 3 socket",,"Non","000004 · Motor cycle Income","54200 · Motor Cycle","12100 · Inventory Asset",0.00,,6,"Count In Each (ce)","Count by the Count In Each",1350,"Yin Maha",,3500.00,"",
,"Active","Inventory Part","Tappet Key",,"Non","000004 · Motor cycle Income","54200 · Motor Cycle","12100 · Inventory Asset",0.00,,0,"Count In Each (ce)","Count by the Count In Each",2755.00,"Yin Maha",,3000.00,"",
,"Active","Inventory Part","B-X-125 YMH Short",,"Non","000004 · Motor cycle Income","54200 · Motor Cycle","12100 · Inventory Asset",0.00,,0,,,4681.00,"Yin Maha",,5000.00,"",
,"Active","Inventory Part","Back Mirror Layer",,"Non","000004 · Motor cycle Income","54200 · Motor Cycle","12100 · Inventory Asset",0.00,,10,"Count In Each (ce)","Count by the Count In Each",1042.00,"Yin Maha",,1500.00,1,
,"Active","Inventory Part","Led 6 Bulb Magnifier",,"Non","000004 · Motor cycle Income","54200 · Motor Cycle","12100 · Inventory Asset",0.00,,-2,"Count In Each (ce)","Count by the Count In Each",3700.00,"Yin Maha",,5000.00,1,
,"Active","Inventory Part","front bulb 18w",,"Non","000004 · Motor cycle Income","54200 · Motor Cycle","12100 · Inventory Asset",0.00,,24,"Count In Each (ce)","Count by the Count In Each",450.00,"Yin Maha",,800.00,1,
,"Active","Inventory Part","Valve Guide",,"Non","000004 · Motor cycle Income","54200 · Motor Cycle","12100 · Inventory Asset",0.00,,0,"Count In Each (ce)","Count by the Count In Each",750,"Yin Maha",,1000.00,"",
,"Active","Inventory Part","valve Seat",,"Non","000004 · Motor cycle Income","54200 · Motor Cycle","12100 · Inventory Asset",0.00,,6,"Count In Each (ce)","Count by the Count In Each",450,"Yin Maha",,700.00,"","SKT00361"
,"Active","Inventory Part","32211",,"Non","000007 · Ball & Bearing","000007 · Ball & Bearing","12100 · Inventory Asset",0.00,,3,"Count In Each (ce)","Count by the Count In Each",4500.00,"Super",,6000.00,1,
,"Active","Inventory Part","32212","..","Non","000007 · Ball & Bearing","000007 · Ball & Bearing","12100 · Inventory Asset",0.00,,1,,,4000.00,"Super",,5000.00,"",
,"Active","Inventory Part","22 Governor Bushing",,"Non","000005 · Diesel Engine Income","54000 · Diesel","12100 · Inventory Asset",0.00,,2,"Count In Each (ce)","Count by the Count In Each",192.00,"MyintMya",,500.00,"",
,"Active","Inventory Part","B 54 Pinion Pump String Thai",,"Non","000005 · Diesel Engine Income","54000 · Diesel","12100 · Inventory Asset",0.00,,0,"foot (ft)","Length by the foot",55,"Maw",,75.00,54,
,"Active","Inventory Part","B 52 Pinion Pump String Thai",,"Non","000005 · Diesel Engine Income","54000 · Diesel","12100 · Inventory Asset",0.00,,0,"foot (ft)","Length by the foot",55,"Maw",,75.00,52,
,"Active","Inventory Part","B 50 Pinion Pump String Thai",,"Non","000005 · Diesel Engine Income","54000 · Diesel","12100 · Inventory Asset",0.00,,50,"foot (ft)","Length by the foot",55,"Maw",,75.00,50,
,"Active","Inventory Part","B 48 Pinion Pump String Thai",,"Non","000005 · Diesel Engine Income","54000 · Diesel","12100 · Inventory Asset",0.00,,0,"foot (ft)","Length by the foot",55,"Maw",,75.00,48,
,"Active","Inventory Part","B 46 Pinion Pump String",,"Non","000005 · Diesel Engine Income","54000 · Diesel","12100 · Inventory Asset",0.00,,0,"foot (ft)","Length by the foot",32,"Maw",,75.00,46,
,"Active","Inventory Part","B 44 Pinion Pump String Thai",,"Non","000005 · Diesel Engine Income","54000 · Diesel","12100 · Inventory Asset",0.00,,0,"foot (ft)","Length by the foot",55,"Maw",,75.00,44,
,"Active","Inventory Part","B 42 Pinion Pump String Thai",,"Non","000005 · Diesel Engine Income","54000 · Diesel","12100 · Inventory Asset",0.00,,0,"foot (ft)","Length by the foot",55,"Maw",,75.00,42,
,"Active","Inventory Part","B 40 Pinion Pump String Thai",,"Non","000005 · Diesel Engine Income","54000 · Diesel","12100 · Inventory Asset",0.00,,0,"foot (ft)","Length by the foot",55,"Maw",,75.00,40,
,"Active","Inventory Part","B 56 Pinion Pump String Thai",,"Non","000005 · Diesel Engine Income","54000 · Diesel","12100 · Inventory Asset",0.00,,56,"foot (ft)","Length by the foot",55,"Maw",,75.00,56,
,"Active","Inventory Part","22 Valve Set",,"Non","000005 · Diesel Engine Income","54000 · Diesel","12100 · Inventory Asset",0.00,,1,"Count In Each (ce)","Count by the Count In Each",2742.00,"MyintMya",,3500.00,"",
,"Active","Inventory Part","10x21/2 Engine Nut",,"Non","000003 · Bolt and Nut Income","54520 · Bolt and Nut","12100 · Inventory Asset",0.00,,446,"Count In Each (ce)","Count by the Count In Each",106.00,"Roberts & Bros",,231.875,1,
,"Active","Inventory Part","568 Oil Ring",,"Non","00001 · Hardware and tool Income","54300 · Hardware and tool","12100 · Inventory Asset",0.00,,-23,"Count In Each (ce)","Count by the Count In Each",15.83334,"Super",,30.00,"",
,"Active","Inventory Part","Steering Handle Cover",,"Non","000004 · Motor cycle Income","54200 · Motor Cycle","12100 · Inventory Asset",0.00,,30,"Count In Each (ce)","Count by the Count In Each",1350.00,"Thar Aung & Bros",,2382.35297,1,
,"Active","Inventory Part","225 DS Tire D697",,"Non","000004 · Motor cycle Income","54200 · Motor Cycle","12100 · Inventory Asset",0.00,,3,"Count In Each (ce)","Count by the Count In Each",7850.00,"Thar Aung & Bros",,10000.00,1,
,"Active","Inventory Part","3/16x4 Star Screw",,"Non","000003 · Bolt and Nut Income","54520 · Bolt and Nut","12100 · Inventory Asset",0.00,,212,"Count In Each (ce)","Count by the Count In Each",38.19444,"Roberts & Bros",,100.00,1,
,"Active","Inventory Part","3/16x3 Star Screw",,"Non","000003 · Bolt and Nut Income","54520 · Bolt and Nut","12100 · Inventory Asset",0.00,,123,"Count In Each (ce)","Count by the Count In Each",27.77778,"Roberts & Bros",,50.00,1,
,"Active","Inventory Part","3/16x21/2 Star Screw",,"Non","000003 · Bolt and Nut Income","54520 · Bolt and Nut","12100 · Inventory Asset",0.00,,349,"Count In Each (ce)","Count by the Count In Each",26.38889,"Roberts & Bros",,50.00,1,
,"Active","Inventory Part","3/16x 2 Star Screw",,"Non","000003 · Bolt and Nut Income","54520 · Bolt and Nut","12100 · Inventory Asset",0.00,,492,"Count In Each (ce)","Count by the Count In Each",22.22222,"Roberts & Bros",,50.00,1,
,"Active","Inventory Part","3/16x11/2 Star Screw",,"Non","000003 · Bolt and Nut Income","54520 · Bolt and Nut","12100 · Inventory Asset",0.00,,438,"Count In Each (ce)","Count by the Count In Each",18.75,"Roberts & Bros",,35.00,1,
,"Active","Inventory Part","3/16x11/4 Star Screw",,"Non","000003 · Bolt and Nut Income","54520 · Bolt and Nut","12100 · Inventory Asset",0.00,,596,"Count In Each (ce)","Count by the Count In Each",16.66667,"Roberts & Bros",,35.00,1,
,"Active","Inventory Part","3/16x1 Star Screw",,"Non","000003 · Bolt and Nut Income","54520 · Bolt and Nut","12100 · Inventory Asset",0.00,,425,"Count In Each (ce)","Count by the Count In Each",12.50,"Roberts & Bros",,30.00,1,
,"Active","Inventory Part","3/16x3/4 Star Screw",,"Non","000003 · Bolt and Nut Income","54520 · Bolt and Nut","12100 · Inventory Asset",0.00,,489,"Count In Each (ce)","Count by the Count In Each",11.11111,"Roberts & Bros",,30.00,1,
,"Active","Inventory Part","3/16x1/2 Star Screw",,"Non","000003 · Bolt and Nut Income","54520 · Bolt and Nut","12100 · Inventory Asset",0.00,,371,"Count In Each (ce)","Count by the Count In Each",9.02778,"Roberts & Bros",,25.00,1,
,"Active","Inventory Part","5/16 Wallpress Nut",,"Non","000003 · Bolt and Nut Income","54520 · Bolt and Nut","12100 · Inventory Asset",0.00,,206,"Count In Each (ce)","Count by the Count In Each",82.00,"Roberts & Bros",,300.00,1,
,"Active","Inventory Part","3/16x2 Gold",,"Non","000003 · Bolt and Nut Income","54520 · Bolt and Nut","12100 · Inventory Asset",0.00,,720,"Count In Each (ce)","Count by the Count In Each",65.97222,"Roberts & Bros",,100.00,1,
,"Active","Inventory Part","3/16x11/4 Gold",,"Non","000003 · Bolt and Nut Income","54520 · Bolt and Nut","12100 · Inventory Asset",0.00,,657,"Count In Each (ce)","Count by the Count In Each",47.22222,"Roberts & Bros",,100.00,"",
,"Active","Inventory Part","3/16x1 Gold",,"Non","000003 · Bolt and Nut Income","54520 · Bolt and Nut","12100 · Inventory Asset",0.00,,858,"Count In Each (ce)","Count by the Count In Each",43.05556,"Roberts & Bros",,100.00,1,
,"Active","Inventory Part","3/16x3/4 Gold",,"Non","000003 · Bolt and Nut Income","54520 · Bolt and Nut","12100 · Inventory Asset",0.00,,1178,"Count In Each (ce)","Count by the Count In Each",38.88889,"Roberts & Bros",,50.00,1,
,"Active","Inventory Part","3/16x1/2 Gold",,"Non","000003 · Bolt and Nut Income","54520 · Bolt and Nut","12100 · Inventory Asset",0.00,,690,"Count In Each (ce)","Count by the Count In Each",30.55556,"Roberts & Bros",,50.00,1,
,"Active","Inventory Part","6x2 Black Screw",,"Non","000003 · Bolt and Nut Income","54520 · Bolt and Nut","12100 · Inventory Asset",0.00,,58,"Count In Each (ce)","Count by the Count In Each",8.15789,"Roberts & Bros",,25.00,1,
,"Active","Inventory Part","6x11/2 Black Screw",,"Non","000003 · Bolt and Nut Income","54520 · Bolt and Nut","12100 · Inventory Asset",0.00,,1020,"Count In Each (ce)","Count by the Count In Each",18.00,"Roberts & Bros",,50.00,1,
,"Active","Inventory Part","6x11/4 Black Screw",,"Non","000003 · Bolt and Nut Income","54520 · Bolt and Nut","12100 · Inventory Asset",0.00,,1319,"Count In Each (ce)","Count by the Count In Each",18.00,"Roberts & Bros",,50.00,1,
,"Not-active","Inventory Part","Jaguar 1 Lit Thundar",,"Non","000008 · Lubricant and Oil Income","Lubricant and Oil","12100 · Inventory Asset",0.00,,0,"Count In Each (ce)","Count by the Count In Each",3000.00,"Thu Zar Parts Of Motor Cycle",,3300.00,"",
,"Active","Inventory Part","125 Lubricant Pump",,"Non","000004 · Motor cycle Income","54200 · Motor Cycle","12100 · Inventory Asset",0.00,,-1,"Count In Each (ce)","Count by the Count In Each",2000.00,"Thar Aung & Bros",,3000.00,"","8"
,"Active","Inventory Part","110 Lubricant Pump",,"Non","000004 · Motor cycle Income","54200 · Motor Cycle","12100 · Inventory Asset",0.00,,-2,"Count In Each (ce)","Count by the Count In Each",750,"Thar Aung & Bros",,1500.00,1,
,"Active","Inventory Part","Brick Twist Drill 10mm",,"Non","00001 · Hardware and tool Income","54300 · Hardware and tool","12100 · Inventory Asset",0.00,,5,"Count In Each (ce)","Count by the Count In Each",1500.00,"Raja",,3000.00,1,
,"Active","Inventory Part","Brick Twist Drill 7mm",,"Non","00001 · Hardware and tool Income","54300 · Hardware and tool","12100 · Inventory Asset",0.00,,20,"Count In Each (ce)","Count by the Count In Each",1500.00,"Raja",,1764.7059,1,
,"Active","Inventory Part","bosny no 14 orange Red",,"Non","00001 · Hardware and tool Income","54300 · Hardware and tool","12100 · Inventory Asset",0.00,,8,"Count In Each (ce)","Count by the Count In Each",1750.00,"Raja",,4000.00,1,
,"Active","Inventory Part","Lubricant Dipstick",,"Non","000004 · Motor cycle Income","54200 · Motor Cycle","12100 · Inventory Asset",0.00,,0,"Count In Each (ce)","Count by the Count In Each",491.00,"Yin Maha",,700.00,1,
,"Active","Inventory Part","Thin Led Flash Light Twin",,"Non","000004 · Motor cycle Income","54200 · Motor Cycle","12100 · Inventory Asset",0.00,,8,"Count In Each (ce)","Count by the Count In Each",1150,"Thar Aung & Bros",,2000.00,1,
,"Active","Inventory Part","FZ Cable Comp Cable",,"Non","000004 · Motor cycle Income","54200 · Motor Cycle","12100 · Inventory Asset",0.00,,5,"Count In Each (ce)","Count by the Count In Each",3137.00,"Yin Maha",,3500.00,1,
,"Active","Inventory Part","FZ Clutch Cable",,"Non","000004 · Motor cycle Income","54200 · Motor Cycle","12100 · Inventory Asset",0.00,,1,"Count In Each (ce)","Count by the Count In Each",3688.00,"Yin Maha",,4000.00,1,
,"Active","Inventory Part","MSX Clutch Cable",,"Non","000004 · Motor cycle Income","54200 · Motor Cycle","12100 · Inventory Asset",0.00,,2,"Count In Each (ce)","Count by the Count In Each",1705.00,"Yin Maha",,2000.00,1,
,"Active","Inventory Part","MSX Cable Comp Trottle",,"Non","000004 · Motor cycle Income","54200 · Motor Cycle","12100 · Inventory Asset",0.00,,3,"Count In Each (ce)","Count by the Count In Each",1704.00,"Yin Maha",,2000.00,1,
,"Active","Inventory Part","FZ Sprocket Hub Rubber",,"Non","000004 · Motor cycle Income","54200 · Motor Cycle","12100 · Inventory Asset",0.00,,3,"Count In Each (ce)","Count by the Count In Each",1650.00,"Yin Maha",,2000.00,1,
,"Active","Inventory Part","125 On Off Switch",,"Non","000004 · Motor cycle Income","54200 · Motor Cycle","12100 · Inventory Asset",0.00,,29,"Count In Each (ce)","Count by the Count In Each",210.00,"Yin Maha",,500.00,1,
,"Active","Inventory Part","CG Spark Pug",,"Non","000004 · Motor cycle Income","54200 · Motor Cycle","12100 · Inventory Asset",0.00,,10,"Count In Each (ce)","Count by the Count In Each",1550.00,"Yin Maha",,3576.92307,1,"SKT00202"
,"Active","Inventory Part","Needle Jet Needle",,"Non","000004 · Motor cycle Income","54200 · Motor Cycle","12100 · Inventory Asset",0.00,,16,"Count In Each (ce)","Count by the Count In Each",650.00,"Yin Maha",,1000.00,1,
,"Active","Inventory Part","Rocker Arm",,"Non","000004 · Motor cycle Income","54200 · Motor Cycle","12100 · Inventory Asset",0.00,,-3,"Count In Each (ce)","Count by the Count In Each",1750.00,"Yin Maha",,2500.00,1,
,"Active","Inventory Part","JS Storm Door Thread",,"Non","000004 · Motor cycle Income","54200 · Motor Cycle","12100 · Inventory Asset",0.00,,2,"Count In Each (ce)","Count by the Count In Each",2035.00,"Yin Maha",,2500.00,1,
,"Active","Inventory Part","Gear Position Coil",,"Non","000004 · Motor cycle Income","54200 · Motor Cycle","12100 · Inventory Asset",0.00,,6,"Count In Each (ce)","Count by the Count In Each",525,"Yin Maha",,1000.00,1,"SKT000084"
,"Active","Inventory Part","Startor Carbon Set",,"Non","000004 · Motor cycle Income","54200 · Motor Cycle","12100 · Inventory Asset",0.00,,6,"Count In Each (ce)","Count by the Count In Each",620.00,"Yin Maha",,1000.00,1,
,"Active","Inventory Part","Oil Separate Plate",,"Non","000004 · Motor cycle Income","54200 · Motor Cycle","12100 · Inventory Asset",0.00,,10,"Count In Each (ce)","Count by the Count In Each",880.00,"Yin Maha",,1500.00,"","SKT00077"
,"Active","Inventory Part","MSX Steering Ball",,"Non","000004 · Motor cycle Income","54200 · Motor Cycle","12100 · Inventory Asset",0.00,,1,"Count In Each (ce)","Count by the Count In Each",4000.00,"Yin Maha",,5000.00,"",
,"Active","Inventory Part","FZ Steering Ball",,"Non","000004 · Motor cycle Income","54200 · Motor Cycle","12100 · Inventory Asset",0.00,,0,"Count In Each (ce)","Count by the Count In Each",3688.00,"Yin Maha",,4000.00,"",
,"Active","Inventory Part","MSX Brake Pad",,"Non","000004 · Motor cycle Income","54200 · Motor Cycle","12100 · Inventory Asset",0.00,,0,"Count In Each (ce)","Count by the Count In Each",1704.00,"Yin Maha",,2000.00,1,
,"Active","Inventory Part","FZ Brake Pad",,"Non","000004 · Motor cycle Income","54200 · Motor Cycle","12100 · Inventory Asset",0.00,,0,"Count In Each (ce)","Count by the Count In Each",1800.00,"Yin Maha",,2000.00,"",
,"Active","Inventory Part","69 Drive Pinion",,"Non","000004 · Motor cycle Income","54200 · Motor Cycle","12100 · Inventory Asset",0.00,,1,"Count In Each (ce)","Count by the Count In Each",4460.00,"Yin Maha",,5000.00,"",
,"Active","Inventory Part","12mm Twist Drill",,"Non","00001 · Hardware and tool Income","54300 · Hardware and tool","12100 · Inventory Asset",0.00,,4,"Count In Each (ce)","Count by the Count In Each",2200.00,"Raja",,3000.00,1,
,"Active","Inventory Part","11.5mm Twist Drill",,"Non","00001 · Hardware and tool Income","54300 · Hardware and tool","12100 · Inventory Asset",0.00,,1,"Count In Each (ce)","Count by the Count In Each",2000.00,"Raja",,3000.00,1,
,"Active","Inventory Part","11mm Twist Drill",,"Non","00001 · Hardware and tool Income","54300 · Hardware and tool","12100 · Inventory Asset",0.00,,0,"Count In Each (ce)","Count by the Count In Each",1900.00,"Raja",,2500.00,1,
,"Active","Inventory Part","10.5mm Twist Drill",,"Non","00001 · Hardware and tool Income","54300 · Hardware and tool","12100 · Inventory Asset",0.00,,13,"Count In Each (ce)","Count by the Count In Each",8350.00,"Raja",,10437.50,1,
,"Active","Inventory Part","4mm Twist Drill",,"Non","00001 · Hardware and tool Income","54300 · Hardware and tool","12100 · Inventory Asset",0.00,,13,"Count In Each (ce)","Count by the Count In Each",1280.00,"Raja",,3500.00,1,
,"Active","Inventory Part","1mm Twist Drill",,"Non","00001 · Hardware and tool Income","54300 · Hardware and tool","12100 · Inventory Asset",0.00,,9,"Count In Each (ce)","Count by the Count In Each",500.00,"Raja",,700.00,"","500301"
,"Active","Inventory Part","9mm Twist Drill",,"Non","00001 · Hardware and tool Income","54300 · Hardware and tool","12100 · Inventory Asset",0.00,,9,"Count In Each (ce)","Count by the Count In Each",6200.00,"Raja",,8000.00,1,
,"Active","Inventory Part","10mm Twist Drill",,"Non","00001 · Hardware and tool Income","54300 · Hardware and tool","12100 · Inventory Asset",0.00,,4,"Count In Each (ce)","Count by the Count In Each",1200.00,"Raja",,2000.00,1,
,"Active","Inventory Part","Abarasive Paper no.0",,"Non","00001 · Hardware and tool Income","54300 · Hardware and tool","12100 · Inventory Asset",0.00,,-2,"Count In Each (ce)","Count by the Count In Each",166.66667,"Super",,700.00,1,
,"Active","Inventory Part","Abarasive Paper 1200",,"Non","00001 · Hardware and tool Income","54300 · Hardware and tool","12100 · Inventory Asset",0.00,,69,"Count In Each (ce)","Count by the Count In Each",235.00,"Super",,700.00,1,
,"Active","Inventory Part","Box Spaner 23",,"Non","00001 · Hardware and tool Income","54300 · Hardware and tool","12100 · Inventory Asset",0.00,,0,"Count In Each (ce)","Count by the Count In Each",1100.00,"Raja",,1500.00,1,
,"Active","Inventory Part","Box Spaner 22",,"Non","00001 · Hardware and tool Income","54300 · Hardware and tool","12100 · Inventory Asset",0.00,,1,"Count In Each (ce)","Count by the Count In Each",850.00,"Raja",,1500.00,1,
,"Active","Inventory Part","Box Spaner 20",,"Non","00001 · Hardware and tool Income","54300 · Hardware and tool","12100 · Inventory Asset",0.00,,5,"Count In Each (ce)","Count by the Count In Each",850.00,"Raja",,1300.00,1,
,"Active","Inventory Part","Box Spaner 19","..","Non","00001 · Hardware and tool Income","54300 · Hardware and tool","12100 · Inventory Asset",0.00,"..",13,"Count In Each (ce)","Count by the Count In Each",2000.00,"Raja",,3466.6666,1,
,"Active","Inventory Part","Box Spaner 15",,"Non","00001 · Hardware and tool Income","54300 · Hardware and tool","12100 · Inventory Asset",0.00,,9,"Count In Each (ce)","Count by the Count In Each",1500.00,"Raja",,2294.1177,1,
,"Active","Inventory Part","Box Spaner 11",,"Non","00001 · Hardware and tool Income","54300 · Hardware and tool","12100 · Inventory Asset",0.00,,12,"Count In Each (ce)","Count by the Count In Each",600.00,"Raja",,2000.00,1,
,"Active","Inventory Part","Box Spaner 9",,"Non","00001 · Hardware and tool Income","54300 · Hardware and tool","12100 · Inventory Asset",0.00,,3,"Count In Each (ce)","Count by the Count In Each",600.00,"Raja",,1000.00,1,
,"Active","Inventory Part","11 Half Spaner Ring",,"Non","00001 · Hardware and tool Income","54300 · Hardware and tool","12100 · Inventory Asset",0.00,,10,"Count In Each (ce)","Count by the Count In Each",2000.00,"Raja",,3500.00,1,
,"Active","Inventory Part","4 Gallon Plastic Tank",,"Non","00001 · Hardware and tool Income","54300 · Hardware and tool","12100 · Inventory Asset",0.00,,5,"Count In Each (ce)","Count by the Count In Each",1200.00,"Raja",,1500.00,1,
,"Active","Inventory Part","Thailand Sticker Pack",,"Non","000002 · Sticker Income","54400 · Sticker","12100 · Inventory Asset",0.00,,67,"Count In Each (ce)","Count by the Count In Each",400.00,"Bo Bo Sticker",,500.00,1,
,"Active","Inventory Part","String Key Chain","`","Non","000002 · Sticker Income","54400 · Sticker","12100 · Inventory Asset",0.00,"`",0,"Count In Each (ce)","Count by the Count In Each",83.00,"Bo Bo Sticker",,500.00,"",
,"Active","Inventory Part","Small Steel Ring Key Chain",,"Non","000002 · Sticker Income","54400 · Sticker","12100 · Inventory Asset",0.00,,0,"Count In Each (ce)","Count by the Count In Each",200.00,"Bo Bo Sticker",,500.00,1,
,"Not-active","Inventory Part","Tiger 5Lit",,"Non","000008 · Lubricant and Oil Income","Lubricant and Oil","12100 · Inventory Asset",0.00,,0,"Count In Each (ce)","Count by the Count In Each",9000.00,"Thu Zar Parts Of Motor Cycle",,10000.00,"",
,"Not-active","Inventory Part","Wave 5 Lit (40C,50C)",,"Non","000008 · Lubricant and Oil Income","Lubricant and Oil","12100 · Inventory Asset",0.00,,0,"Count In Each (ce)","Count by the Count In Each",9000.00,"Thu Zar Parts Of Motor Cycle",,10000.00,"",
,"Active","Inventory Part","Tap 7/16x14 (Japan)",,"Non","00001 · Hardware and tool Income","54300 · Hardware and tool","12100 · Inventory Asset",0.00,,0.65,"Count In Each (ce)","Count by the Count In Each",4000.00,"Han Asia",,5000.00,"",
,"Active","Inventory Part","Tap 5/16x18(Japan)",,"Non","00001 · Hardware and tool Income","54300 · Hardware and tool","12100 · Inventory Asset",0.00,,-0.32353,"Count In Each (ce)","Count by the Count In Each",5950.00,"Han Asia",,8499.99983,1,
,"Active","Inventory Part","Tap 1/2x12 (Japan)",,"Non","00001 · Hardware and tool Income","54300 · Hardware and tool","12100 · Inventory Asset",0.00,,-5.76666,"Count In Each (ce)","Count by the Count In Each",10100.00,"Han Asia",,15000.00,"",
,"Active","Inventory Part","Tap 1/4x 20(Japan)","..","Non","00001 · Hardware and tool Income","54300 · Hardware and tool","12100 · Inventory Asset",0.00,,0.00162,"Count In Each (ce)","Count by the Count In Each",3200.00,"Han Asia",,3500.00,1,
,"Active","Inventory Part","Tap 12x1.75(Japan)","..","Non","00001 · Hardware and tool Income","54300 · Hardware and tool","12100 · Inventory Asset",0.00,"..",5.31666,"Count In Each (ce)","Count by the Count In Each",8500.00,"Han Asia",,10200.00,1,
,"Active","Inventory Part","Welding Cover black TH",,"Non","00001 · Hardware and tool Income","54300 · Hardware and tool","12100 · Inventory Asset",0.00,,0,"Count In Each (ce)","Count by the Count In Each",1200.00,"Super",,2000.00,"",
,"Active","Inventory Part","40×3 Honda Pinion",,"Non","000005 · Diesel Engine Income","54000 · Diesel","12100 · Inventory Asset",0.00,,5,"Count In Each (ce)","Count by the Count In Each",2450.00,"Super",,3000.00,1,
,"Active","Inventory Part","4 x6 Inpeller",,"Non","000005 · Diesel Engine Income","54000 · Diesel","12100 · Inventory Asset",0.00,,0,"Count In Each (ce)","Count by the Count In Each",4535.00,"MyintMya",,5500.00,"",
,"Active","Inventory Part","24x3 Right Fan CRT",,"Non","000005 · Diesel Engine Income","54000 · Diesel","12100 · Inventory Asset",0.00,,0,"Count In Each (ce)","Count by the Count In Each",12000.00,"MyintMya",,13000.00,"",
,"Active","Inventory Part","21x3 Right Fan CRT",,"Non","000005 · Diesel Engine Income","54000 · Diesel","12100 · Inventory Asset",0.00,,4,"Count In Each (ce)","Count by the Count In Each",8100.00,"MyintMya",,9000.00,"",
,"Active","Inventory Part","19x3 Right Fan CRT",,"Non","000005 · Diesel Engine Income","54000 · Diesel","12100 · Inventory Asset",0.00,,0,"Count In Each (ce)","Count by the Count In Each",5500,"MyintMya",,6000.00,"",
,"Active","Inventory Part","18x3 Right Fan CRT",,"Non","000005 · Diesel Engine Income","54000 · Diesel","12100 · Inventory Asset",0.00,,3,"Count In Each (ce)","Count by the Count In Each",5500,"MyintMya",,6500.00,"",
,"Active","Inventory Part","17x3 Right Fan CRT",,"Non","000005 · Diesel Engine Income","54000 · Diesel","12100 · Inventory Asset",0.00,,0,"Count In Each (ce)","Count by the Count In Each",4900.00,"MyintMya",,6000.00,"",
,"Active","Inventory Part","15x3 Right Fan CRT",,"Non","000005 · Diesel Engine Income","54000 · Diesel","12100 · Inventory Asset",0.00,,4,"Count In Each (ce)","Count by the Count In Each",3800.00,"MyintMya",,4500.00,"",
,"Active","Inventory Part","14x3 Right Fan CRT",,"Non","000005 · Diesel Engine Income","54000 · Diesel","12100 · Inventory Asset",0.00,,7,"Count In Each (ce)","Count by the Count In Each",3600,"MyintMya",,4500.00,"",
,"Active","Inventory Part","13x3 Right Fan CRT",,"Non","000005 · Diesel Engine Income","54000 · Diesel","12100 · Inventory Asset",0.00,,6,"Count In Each (ce)","Count by the Count In Each",3100.00,"MyintMya",,4500.00,"",
,"Active","Inventory Part","13 Eagleone Half Spaner Ring",,"Non","00001 · Hardware and tool Income","54300 · Hardware and tool","12100 · Inventory Asset",0.00,,1,"Count In Each (ce)","Count by the Count In Each",1300.00,"Raja",,3000.00,"",
,"Active","Inventory Part","14 Eagleone Half Spaner Ring",,"Non","00001 · Hardware and tool Income","54300 · Hardware and tool","12100 · Inventory Asset",0.00,,3,"Count In Each (ce)","Count by the Count In Each",1500.00,"Raja",,2500.00,1,
,"Active","Inventory Part","10 Eagleone Half Spaner Ring",,"Non","00001 · Hardware and tool Income","54300 · Hardware and tool","12100 · Inventory Asset",0.00,,2,"Count In Each (ce)","Count by the Count In Each",900.00,"Raja",,3000.00,1,
,"Active","Inventory Part","8 Eagleone Half Spaner Ring",,"Non","00001 · Hardware and tool Income","54300 · Hardware and tool","12100 · Inventory Asset",0.00,,5,"Count In Each (ce)","Count by the Count In Each",800.00,"Raja",,1500.00,1,
,"Active","Inventory Part","10 Copper Clip Thick",,"Non","000004 · Motor cycle Income","54200 · Motor Cycle","12100 · Inventory Asset",0.00,,197,"Count In Each (ce)","Count by the Count In Each",40.00,"Yin Maha",,100.00,1,
,"Active","Inventory Part","Box Spaner 24",,"Non","00001 · Hardware and tool Income","54300 · Hardware and tool","12100 · Inventory Asset",0.00,,9,"Count In Each (ce)","Count by the Count In Each",2500.00,"Raja",,3750.00,1,
,"Not-active","Inventory Part","Wave.7 Litre",,"Non","000008 · Lubricant and Oil Income","Lubricant and Oil","12100 · Inventory Asset",0.00,,2,"Count In Each (ce)","Count by the Count In Each",1400.00,"Thu Zar Parts Of Motor Cycle",,2000.00,1,
,"Active","Inventory Part","175 Air Cleaner Elements",,"Non","000005 · Diesel Engine Income","54000 · Diesel","12100 · Inventory Asset",0.00,,7,"Count In Each (ce)","Count by the Count In Each",380.00,"MyintMya",,1000.00,"",
,"Active","Inventory Part","Box Spaner 12",,"Non","00001 · Hardware and tool Income","54300 · Hardware and tool","12100 · Inventory Asset",0.00,,51,"Count In Each (ce)","Count by the Count In Each",2200.00,"Raja",,4000.00,1,
,"Active","Inventory Part","5/16 Nut",,"Non","000003 · Bolt and Nut Income","54520 · Bolt and Nut","12100 · Inventory Asset",0.00,,811,"Count In Each (ce)","Count by the Count In Each",34.72222,"MyintMya",,50.00,10,
,"Active","Inventory Part","9 Half Spaner Ring",,"Non","00001 · Hardware and tool Income","54300 · Hardware and tool","12100 · Inventory Asset",0.00,,3,"Count In Each (ce)","Count by the Count In Each",600.00,"Super",,1000.00,1,
,"Active","Inventory Part","19T",,"Non","00001 · Hardware and tool Income","54300 · Hardware and tool","12100 · Inventory Asset",0.00,,1,"Count In Each (ce)","Count by the Count In Each",1500.00,"Raja",,3000.00,"",
,"Active","Inventory Part","15 Half Spaner Ring",,"Non","00001 · Hardware and tool Income","54300 · Hardware and tool","12100 · Inventory Asset",0.00,,17,"Count In Each (ce)","Count by the Count In Each",2700.00,"Raja",,4500.00,1,
,"Active","Inventory Part","Lubricant Bottle",,"Non","00001 · Hardware and tool Income","54300 · Hardware and tool","12100 · Inventory Asset",0.00,,11,"Count In Each (ce)","Count by the Count In Each",2700.00,"Super",,4500.00,1,
,"Active","Inventory Part","Abarasive Paper 600",,"Non","00001 · Hardware and tool Income","54300 · Hardware and tool","12100 · Inventory Asset",0.00,,115,"Count In Each (ce)","Count by the Count In Each",1470.00,"Super",,2099.99996,1,
,"Active","Inventory Part","Abarasive Paper 1500",,"Non","00001 · Hardware and tool Income","54300 · Hardware and tool","12100 · Inventory Asset",0.00,,72,"Count In Each (ce)","Count by the Count In Each",235.00,"Super",,700.00,1,
,"Active","Inventory Part","box Spaner 21",,"Non","00001 · Hardware and tool Income","54300 · Hardware and tool","12100 · Inventory Asset",0.00,,13,"Count In Each (ce)","Count by the Count In Each",1600.00,"Raja",,2447.05888,1,
,"Active","Inventory Part","6mm Twist Drill",,"Non","00001 · Hardware and tool Income","54300 · Hardware and tool","12100 · Inventory Asset",0.00,,13,"Count In Each (ce)","Count by the Count In Each",2642.00,"Raja",,5284.00,1,
,"Active","Inventory Part","Abarasive Paper.0",,"Non","00001 · Hardware and tool Income","54300 · Hardware and tool","12100 · Inventory Asset",0.00,,-1,"Count In Each (ce)","Count by the Count In Each",175.00,"Super",,700.00,1,
,"Active","Inventory Part","Box Spaner 14",,"Non","00001 · Hardware and tool Income","54300 · Hardware and tool","12100 · Inventory Asset",0.00,,37,"Count In Each (ce)","Count by the Count In Each",1500.00,"Raja",,2727.2727,1,
,"Active","Inventory Part","2mm Twist Drill",,"Non","00001 · Hardware and tool Income","54300 · Hardware and tool","12100 · Inventory Asset",0.00,,0,"Count In Each (ce)","Count by the Count In Each",160.00,"Raja",,200.00,1,
,"Active","Inventory Part","Tap 3/8x16 (Japan)",,"Non","00001 · Hardware and tool Income","54300 · Hardware and tool","12100 · Inventory Asset",0.00,,0,"Count In Each (ce)","Count by the Count In Each",2166.66667,"Han Asia",,10000.00,1,
,"Active","Inventory Part","3/8 Nut",,"Non","000003 · Bolt and Nut Income","54520 · Bolt and Nut","12100 · Inventory Asset",0.00,,421,"Count In Each (ce)","Count by the Count In Each",31.25,"Mya Nut",,50.00,"",
,"Active","Inventory Part","B 48",,"Non","000005 · Diesel Engine Income","54000 · Diesel","12100 · Inventory Asset",0.00,,0,"foot (ft)","Length by the foot",21.00,"MyintMya",,30.00,"",
,"Active","Inventory Part","Trane Engine oil 2T 0.5L",,"Non","000008 · Lubricant and Oil Income","Lubricant and Oil","12100 · Inventory Asset",0.00,,0,"Count In Each (ce)","Count by the Count In Each",2200.00,"Htoo 3",,4500.00,1,
,"Active","Inventory Part","Abarasive Paper No.3",,"Non","00001 · Hardware and tool Income","54300 · Hardware and tool","12100 · Inventory Asset",0.00,,93,"Count In Each (ce)","Count by the Count In Each",1000.00,"Raja",,2000.00,1,
,"Active","Inventory Part","Abarasive Paper 180",,"Non","00001 · Hardware and tool Income","54300 · Hardware and tool","12100 · Inventory Asset",0.00,,47,"Count In Each (ce)","Count by the Count In Each",427.50,"Raja",,700.00,1,
,"Active","Inventory Part","Front Light Cover Sticker 3D",,"Non","000002 · Sticker Income","54400 · Sticker","12100 · Inventory Asset",0.00,,14.42786,"foot (ft)","Length by the foot",250.00,"Bo Bo Sticker",,700.00,1,
,"Active","Inventory Part","Front Light 7 Colour",,"Non","54400 · Sticker","54400 · Sticker","12100 · Inventory Asset",0.00,,25,"foot (ft)","Length by the foot",357.00,"Bo Bo Sticker",,700.00,1,
,"Not-active","Inventory Part","Jaguar Absorber Oil",,"Non","000008 · Lubricant and Oil Income","Lubricant and Oil","12100 · Inventory Asset",0.00,,0,"Count In Each (ce)","Count by the Count In Each",480.00,"Thu Zar Parts Of Motor Cycle",,500.00,1,
,"Active","Inventory Part","12x11/2 Bolt Nut",,"Non","000003 · Bolt and Nut Income","54520 · Bolt and Nut","12100 · Inventory Asset",0.00,,60,"Count In Each (ce)","Count by the Count In Each",55,"Roberts & Bros",,150.00,1,
,"Active","Inventory Part","6x1 F Screw",,"Non","000003 · Bolt and Nut Income","54520 · Bolt and Nut","12100 · Inventory Asset",0.00,,477,"Count In Each (ce)","Count by the Count In Each",4.00,"Roberts & Bros",,25.00,1,
,"Active","Inventory Part","L Key 6",,"Non","00001 · Hardware and tool Income","54300 · Hardware and tool","12100 · Inventory Asset",0.00,,13,"Count In Each (ce)","Count by the Count In Each",1400.00,"Raja",,2488.88892,1,
,"Active","Inventory Part","32 Half Spaner","..","Non","00001 · Hardware and tool Income","54300 · Hardware and tool","12100 · Inventory Asset",0.00,,4,"Count In Each (ce)","Count by the Count In Each",9100.00,"Raja",,15000.00,"",
,"Active","Inventory Part","6310 Nc",,"Non","000007 · Ball & Bearing","54599 · Ball and Bearing","12100 · Inventory Asset",0.00,,0,"Count In Each (ce)","Count by the Count In Each",5000.00,"Super",,13000.00,1,
,"Active","Inventory Part","3 Gallon Plastic Tank",,"Non","00001 · Hardware and tool Income","54300 · Hardware and tool","12100 · Inventory Asset",0.00,,3,"Count In Each (ce)","Count by the Count In Each",920.00,"Raja",,1500.00,1,
,"Active","Inventory Part","Box Spaner 16",,"Non","00001 · Hardware and tool Income","54300 · Hardware and tool","12100 · Inventory Asset",0.00,,20,"Count In Each (ce)","Count by the Count In Each",1600.00,"Raja",,2971.42864,1,
,"Active","Inventory Part","FZ Rear Tire",,"Non","000004 · Motor cycle Income","54200 · Motor Cycle","12100 · Inventory Asset",0.00,,-1,"Count In Each (ce)","Count by the Count In Each",38000.00,"Thar Aung & Bros",,40000.00,"",
,"Active","Inventory Part","5mm Twist Drill",,"Non","00001 · Hardware and tool Income","54300 · Hardware and tool","12100 · Inventory Asset",0.00,,11,"Count In Each (ce)","Count by the Count In Each",1950.00,"Raja",,3500.00001,1,
,"Active","Inventory Part","10xPlain Washer Small",,"Non","000003 · Bolt and Nut Income","54520 · Bolt and Nut","12100 · Inventory Asset",0.00,,691,"Count In Each (ce)","Count by the Count In Each",8.33333,"Ko Tin Win",,30.00,1,
,"Active","Inventory Part","Abarasive Paper No.2",,"Non","00001 · Hardware and tool Income","54300 · Hardware and tool","12100 · Inventory Asset",0.00,,56,"Count In Each (ce)","Count by the Count In Each",200.00,"Super",,700.00,1,
,"Active","Inventory Part","9.5mm Twist Drill","..","Non","00001 · Hardware and tool Income","54300 · Hardware and tool","12100 · Inventory Asset",0.00,,0,"Count In Each (ce)","Count by the Count In Each",1200.00,"Super",,1500.00,1,
,"Active","Inventory Part","Sharp Plier 8",,"Non","00001 · Hardware and tool Income","54300 · Hardware and tool","12100 · Inventory Asset",0.00,,1,"Count In Each (ce)","Count by the Count In Each",1800.00,"Raja",,2000.00,"",
,"Active","Inventory Part","Tire Flat",,"Non","000005 · Diesel Engine Income","54000 · Diesel","12100 · Inventory Asset",0.00,,0,"Count In Each (ce)","Count by the Count In Each",700.00,"Super",,1000.00,"",
,"Active","Inventory Part","Tap M10x1.5(Japan)",,"Non","00001 · Hardware and tool Income","54300 · Hardware and tool","12100 · Inventory Asset",0.00,,0,"count in box (cb)","Count by the count in Pack",3700.00,"Raja",,5000.00,1,
,"Active","Inventory Part","Tap 6x1.0(Japan)",,"Non","00001 · Hardware and tool Income","54300 · Hardware and tool","12100 · Inventory Asset",0.00,,5.64533,"count in box (cb)","Count by the count in Pack",4260.00,"Raja",,6000.00,0,
,"Active","Inventory Part","14 Half Spaner Ring",,"Non","00001 · Hardware and tool Income","54300 · Hardware and tool","12100 · Inventory Asset",0.00,,23,"Count In Each (ce)","Count by the Count In Each",3300.00,"Raja",,5000.00,1,
,"Active","Inventory Part","408 (International) Carbon",,"Non","00001 · Hardware and tool Income","54300 · Hardware and tool","12100 · Inventory Asset",0.00,,182,"Count In Each (ce)","Count by the Count In Each",300.00,"Raja",,500.00,1,
,"Active","Inventory Part","D-F Oil Seal Of Gear Assy",,"Non","000005 · Diesel Engine Income","54000 · Diesel","12100 · Inventory Asset",0.00,,4,"Count In Each (ce)","Count by the Count In Each",380.00,"MyintMya",,500.00,"",
,"Active","Inventory Part","J-38 NO.10",,"Non","00001 · Hardware and tool Income","54300 · Hardware and tool","12100 · Inventory Asset",0.00,,2,"Count In Each (ce)","Count by the Count In Each",14000.00,"Han Asia",,45000.00,1,
,"Active","Inventory Part","6306 DD NC",,"Non","000007 · Ball & Bearing","54599 · Ball and Bearing","12100 · Inventory Asset",0.00,,6,"Count In Each (ce)","Count by the Count In Each",1650.00,"Super",,3000.00,1,
,"Active","Inventory Part","Chain Lubricant",,"Non","000008 · Lubricant and Oil Income","Lubricant and Oil","12100 · Inventory Asset",0.00,,26,"Count In Each (ce)","Count by the Count In Each",51.667,"Bo Bo Sticker",,200.00,1,
,"Active","Inventory Part","Abarasive Paper 320",,"Non","00001 · Hardware and tool Income","54300 · Hardware and tool","12100 · Inventory Asset",0.00,,60,"Count In Each (ce)","Count by the Count In Each",1550.00,"Super",,2200.00,1,
,"Active","Inventory Part","Flower Sting Key Chain",,"Non","000002 · Sticker Income","54400 · Sticker","12100 · Inventory Asset",0.00,,40,"Count In Each (ce)","Count by the Count In Each",166.667,"Bo Bo Sticker",,400.00,1,
,"Active","Inventory Part","J-38 NO.12","..","Non","00001 · Hardware and tool Income","54300 · Hardware and tool","12100 · Inventory Asset",0.00,"....",12.19207,"Count In Each (ce)","Count by the Count In Each",12000.00,"Han Asia",,18000.00,1,
,"Not-active","Inventory Part","Wave 1 Lit",,"Non","000008 · Lubricant and Oil Income","Lubricant and Oil","12100 · Inventory Asset",0.00,,0,"Count In Each (ce)","Count by the Count In Each",1800.00,"Thu Zar Parts Of Motor Cycle",,2500.00,1,
,"Not-active","Inventory Part","Turbo Speed 1 Lit",,"Non","000008 · Lubricant and Oil Income","Lubricant and Oil","12100 · Inventory Asset",0.00,,0,"Count In Each (ce)","Count by the Count In Each",2000.00,"Thu Zar Parts Of Motor Cycle",,2500.00,"",
,"Active","Inventory Part","Abarasive Paper No.1",,"Non","00001 · Hardware and tool Income","54300 · Hardware and tool","12100 · Inventory Asset",0.00,,46,"Count In Each (ce)","Count by the Count In Each",183.33333,"Raja",,700.00,1,
,"Active","Inventory Part","8mm Twist Drill",,"Non","00001 · Hardware and tool Income","54300 · Hardware and tool","12100 · Inventory Asset",0.00,,18,"Count In Each (ce)","Count by the Count In Each",880.00,"Raja",,1300.00,1,
,"Active","Inventory Part","Box Spaner 10",,"Non","00001 · Hardware and tool Income","54300 · Hardware and tool","12100 · Inventory Asset",0.00,,36,"Count In Each (ce)","Count by the Count In Each",600.00,"Raja",,1500.00,1,
,"Active","Inventory Part","3mm Twist Drill",,"Non","00001 · Hardware and tool Income","54300 · Hardware and tool","12100 · Inventory Asset",0.00,,38,"Count In Each (ce)","Count by the Count In Each",800.00,"Raja",,1333.33336,1,
,"Active","Inventory Part","110 center Rod",,"Non","000004 · Motor cycle Income","54200 · Motor Cycle","12100 · Inventory Asset",0.00,,-24,"Count In Each (ce)","Count by the Count In Each",625.00,"Thar Aung & Bros",,1000.00,"",
,"Active","Inventory Part","275 DS Tire 809",,"Non","000004 · Motor cycle Income","54200 · Motor Cycle","12100 · Inventory Asset",0.00,,0,"Count In Each (ce)","Count by the Count In Each",27500.00,"Thar Aung & Bros",,31329.11375,1,
,"Active","Inventory Part","Better Hydrolic Oil",,"Non","000008 · Lubricant and Oil Income","Lubricant and Oil","12100 · Inventory Asset",0.00,,-2,"Count In Each (ce)","Count by the Count In Each",4850.00,"PYITAN PADAMYAR Lubricants",,5639.5349,1,
,"Active","Inventory Part","Better Gear Oil",,"Non","000008 · Lubricant and Oil Income","Lubricant and Oil","12100 · Inventory Asset",0.00,,-4,"Count In Each (ce)","Count by the Count In Each",4800.00,"PYITAN PADAMYAR Lubricants",,5684.2104,1,
,"Active","Inventory Part","Valvoline Motor 10w 30 SN 1Lit",,"Non","000008 · Lubricant and Oil Income","Lubricant and Oil","12100 · Inventory Asset",0.00,,0,"Count In Each (ce)","Count by the Count In Each",7882.00,"PYITAN PADAMYAR Lubricants",,11000.00,1,
,"Active","Inventory Part","Valvoline Motor  10w 40 SN 1Lit","..","Non","000008 · Lubricant and Oil Income","Lubricant and Oil","12100 · Inventory Asset",0.00,"..",0,"Count In Each (ce)","Count by the Count In Each",7905,"PYITAN PADAMYAR Lubricants",,11000.00,1,
,"Active","Inventory Part","Wheel Sticker",,"Non","000002 · Sticker Income","54400 · Sticker","12100 · Inventory Asset",0.00,,8.5,"Count In Each (ce)","Count by the Count In Each",570.00,"Bo Bo Sticker",,800.00,1,
,"Active","Inventory Part","Wheel Mud Cover","..","Non","000004 · Motor cycle Income","54200 · Motor Cycle","12100 · Inventory Asset",0.00,,0,"Count In Each (ce)","Count by the Count In Each",150.00,"Bo Bo Sticker",,200.00,1,
,"Active","Inventory Part","DF Clutch Ball Bearing Housing",,"Non","000005 · Diesel Engine Income","54000 · Diesel","12100 · Inventory Asset",0.00,,10,"Count In Each (ce)","Count by the Count In Each",500.00,"MyintMya",,800.00,"",
,"Active","Inventory Part","4 Pin Socket",,"Non","000004 · Motor cycle Income","54200 · Motor Cycle","12100 · Inventory Asset",0.00,,36,"Count In Each (ce)","Count by the Count In Each",550.00,"MDY KING",,1000.00,1,
,"Active","Inventory Part","MDY Center Stand Spring","..","Non","000004 · Motor cycle Income","54200 · Motor Cycle","12100 · Inventory Asset",0.00,"..",7,"Count In Each (ce)","Count by the Count In Each",90.00,"MDY KING",,150.00,1,
,"Active","Inventory Part","Air Filter Element",,"Non","000004 · Motor cycle Income","54200 · Motor Cycle","12100 · Inventory Asset",0.00,,11,"Count In Each (ce)","Count by the Count In Each",170.00,"MDY KING",,300.00,1,
,"Active","Inventory Part","Ballon Seat Cover",,"Non","000004 · Motor cycle Income","54200 · Motor Cycle","12100 · Inventory Asset",0.00,,-1,"Count In Each (ce)","Count by the Count In Each",2850.00,"MDY KING",,4000.00,1,"SKT01048"
,"Active","Inventory Part","Air Flow Anti cool Seat Cover G",,"Non","000004 · Motor cycle Income","54200 · Motor Cycle","12100 · Inventory Asset",0.00,,6,"Count In Each (ce)","Count by the Count In Each",2050.00,"MDY KING",,2500.00,1,
,"Active","Inventory Part","22 Connecting Rod Bearing",,"Non","000005 · Diesel Engine Income","54000 · Diesel","12100 · Inventory Asset",0.00,,2,"Count In Each (ce)","Count by the Count In Each",450.00,"MyintMya",,600.00,"",
,"Active","Inventory Part","13 Govener Spring",,"Non","000005 · Diesel Engine Income","54000 · Diesel","12100 · Inventory Asset",0.00,,4,"Count In Each (ce)","Count by the Count In Each",60.00,"MyintMya",,200.00,"",
,"Active","Inventory Part","185 Govener Spring",,"Non","000005 · Diesel Engine Income","54000 · Diesel","12100 · Inventory Asset",0.00,,4,"Count In Each (ce)","Count by the Count In Each",60.00,"MyintMya",,100.00,"",
,"Active","Inventory Part","16 Crank Kid Nut",,"Non","000005 · Diesel Engine Income","54000 · Diesel","12100 · Inventory Asset",0.00,,8,"Count In Each (ce)","Count by the Count In Each",70.00,"MyintMya",,100.00,"",
,"Active","Inventory Part","3.5mm Twist Drill",,"Non","00001 · Hardware and tool Income","54300 · Hardware and tool","12100 · Inventory Asset",0.00,,102,"Count In Each (ce)","Count by the Count In Each",1000.00,"Raja",,2000.00,1,
,"Active","Inventory Part","Scope",,"Non","000008 · Lubricant and Oil Income","Lubricant and Oil","12100 · Inventory Asset",0.00,,0,"Count In Each (ce)","Count by the Count In Each",4850,"Scope",,6000.00,"",
,"Active","Inventory Part","6200 NC",,"Non","000007 · Ball & Bearing","54599 · Ball and Bearing","12100 · Inventory Asset",0.00,,15,"pair (pr)","Count by the pair",400.00,"Super",,500.00,1,
,"Active","Inventory Part","175 Pully",,"Non","000005 · Diesel Engine Income","54000 · Diesel","12100 · Inventory Asset",0.00,,0,"Count In Each (ce)","Count by the Count In Each",3200.00,"Super",,4000.00,"",
,"Active","Inventory Part","Water Pump Pully 5x2",,"Non","000005 · Diesel Engine Income","54000 · Diesel","12100 · Inventory Asset",0.00,,-1,"Count In Each (ce)","Count by the Count In Each",3300.00,"Super",,4000.00,"",
,"Active","Inventory Part","Water Pump Pully 4x2",,"Non","000005 · Diesel Engine Income","54000 · Diesel","12100 · Inventory Asset",0.00,,-1,"Count In Each (ce)","Count by the Count In Each",2500.00,"Super",,3500.00,"",
,"Active","Inventory Part","water Pump Pully 3x2",,"Non","000005 · Diesel Engine Income","54000 · Diesel","12100 · Inventory Asset",0.00,,-1,"Count In Each (ce)","Count by the Count In Each",2300,"Super",,3000.00,"",
,"Active","Inventory Part","Box Spaner 17",,"Non","00001 · Hardware and tool Income","54300 · Hardware and tool","12100 · Inventory Asset",0.00,,23,"Count In Each (ce)","Count by the Count In Each",1550.00,"Raja",,3000.00,1,
,"Active","Inventory Part","Gemini welding 2","....","Non","00001 · Hardware and tool Income","54300 · Hardware and tool","12100 · Inventory Asset",0.00,,60,"Count In Each (ce)","Count by the Count In Each",500,"Han Asia",,600.00,1,
,"Active","Inventory Part","Copper Gauge 3",,"Non","000005 · Diesel Engine Income","54000 · Diesel","12100 · Inventory Asset",0.00,,10.45,"Count In Each (ce)","Count by the Count In Each",1200.00,"Super",,2000.00,1,
,"Active","Inventory Part","2 Fire Pipe",,"Non","00001 · Hardware and tool Income","54300 · Hardware and tool","12100 · Inventory Asset",0.00,,200,"foot (ft)","Length by the foot",210.00,"Raja",,300.00,10,
,"Active","Inventory Part","A+B Big Glue",,"Non","00001 · Hardware and tool Income","54300 · Hardware and tool","12100 · Inventory Asset",0.00,,21,"Count In Each (ce)","Count by the Count In Each",3333.33333,"Raja",,6000.00,1,
,"Active","Inventory Part","Hibond Glue","..","Non","00001 · Hardware and tool Income","54300 · Hardware and tool","12100 · Inventory Asset",0.00,"..",7,"Count In Each (ce)","Count by the Count In Each",4500.00,"Raja",,6750.00,1,
,"Active","Inventory Part","Cir Clip Plier Wide 6",,"Non","00001 · Hardware and tool Income","54300 · Hardware and tool","12100 · Inventory Asset",0.00,,35,"Count In Each (ce)","Count by the Count In Each",7350.00,"Raja",,10000.00,1,
,"Active","Inventory Part","Cir Clip Plier narrow 6",,"Non","00001 · Hardware and tool Income","54300 · Hardware and tool","12100 · Inventory Asset",0.00,,28,"Count In Each (ce)","Count by the Count In Each",7350.00,"Raja",,10000.00,"",
,"Active","Inventory Part","3 1/2 Screwdriver",,"Non","00001 · Hardware and tool Income","54300 · Hardware and tool","12100 · Inventory Asset",0.00,,9,"Count In Each (ce)","Count by the Count In Each",334.00,"Raja",,700.00,1,
,"Active","Inventory Part","31/2 Brush",,"Non","00001 · Hardware and tool Income","54300 · Hardware and tool","12100 · Inventory Asset",0.00,,10,"Count In Each (ce)","Count by the Count In Each",240.00,"Raja",,500.00,1,
,"Active","Inventory Part","3"" Plastic Brush",,"Non","00001 · Hardware and tool Income","54300 · Hardware and tool","12100 · Inventory Asset",0.00,,25,"Count In Each (ce)","Count by the Count In Each",1050.00,"Raja",,1500.00,1,
,"Active","Inventory Part","Bosny Silver Gray 22",,"Non","00001 · Hardware and tool Income","54300 · Hardware and tool","12100 · Inventory Asset",0.00,,6,"Count In Each (ce)","Count by the Count In Each",2050.00,"Raja",,4000.00,1,
,"Active","Inventory Part","Bosny Silver 36",,"Non","00001 · Hardware and tool Income","54300 · Hardware and tool","12100 · Inventory Asset",0.00,,22,"Count In Each (ce)","Count by the Count In Each",2791.66667,"Raja",,4000.00,1,
,"Active","Inventory Part","bosny Blue Spray 9",,"Non","00001 · Hardware and tool Income","54300 · Hardware and tool","12100 · Inventory Asset",0.00,,7,"Count In Each (ce)","Count by the Count In Each",2791.66667,"Raja",,4000.00,1,
,"Active","Inventory Part","ATM White Spray",,"Non","00001 · Hardware and tool Income","54300 · Hardware and tool","12100 · Inventory Asset",0.00,,2,"Count In Each (ce)","Count by the Count In Each",1216.00,"Raja",,1500.00,1,
,"Active","Inventory Part","ATM Black Spray",,"Non","00001 · Hardware and tool Income","54300 · Hardware and tool","12100 · Inventory Asset",0.00,,3,"Count In Each (ce)","Count by the Count In Each",1216.00,"Raja",,1500.00,1,
,"Active","Inventory Part","LA 1/4 Blue 1602",,"Non","00001 · Hardware and tool Income","54300 · Hardware and tool","12100 · Inventory Asset",0.00,,0,"Count In Each (ce)","Count by the Count In Each",4400.00,"Raja",,7000.00,1,
,"Active","Inventory Part","LA 1/4 White 1000",,"Non","00001 · Hardware and tool Income","54300 · Hardware and tool","12100 · Inventory Asset",0.00,,0,"Count In Each (ce)","Count by the Count In Each",4400.00,"Raja",,7000.00,1,
,"Active","Inventory Part","ATM  Green & Blue Spray",,"Non","00001 · Hardware and tool Income","54300 · Hardware and tool","12100 · Inventory Asset",0.00,,4,"Count In Each (ce)","Count by the Count In Each",1220.00,"Raja",,1500.00,1,
,"Active","Inventory Part","10 Adjustable Plier",,"Non","00001 · Hardware and tool Income","54300 · Hardware and tool","12100 · Inventory Asset",0.00,,0,"Count In Each (ce)","Count by the Count In Each",7000.00,"Raja",,9333.3331,"",
,"Active","Inventory Part","12"" Adjustable Plier",,"Non","00001 · Hardware and tool Income","54300 · Hardware and tool","12100 · Inventory Asset",0.00,,0,"Count In Each (ce)","Count by the Count In Each",9500.00,"Raja",,14615.38425,1,
,"Active","Inventory Part","Plier",,"Non","00001 · Hardware and tool Income","54300 · Hardware and tool","12100 · Inventory Asset",0.00,,0,"Count In Each (ce)","Count by the Count In Each",2850.00,"Raja",,4800.00,"",
,"Active","Inventory Part","8 Long Nose Plier",,"Non","00001 · Hardware and tool Income","54300 · Hardware and tool","12100 · Inventory Asset",0.00,,12,"Count In Each (ce)","Count by the Count In Each",7100.00,"Raja",,10142.85694,1,
,"Active","Inventory Part","JC Hand Saw",,"Non","00001 · Hardware and tool Income","54300 · Hardware and tool","12100 · Inventory Asset",0.00,,7,"Count In Each (ce)","Count by the Count In Each",5720.00,"Raja",,8000.00,1,
,"Active","Inventory Part","6 Tiger Tongue",,"Non","00001 · Hardware and tool Income","54300 · Hardware and tool","12100 · Inventory Asset",0.00,,10,"Count In Each (ce)","Count by the Count In Each",3333.33333,"Raja",,5106.38299,1,
,"Active","Inventory Part","4 Tiger Tongue",,"Non","00001 · Hardware and tool Income","54300 · Hardware and tool","12100 · Inventory Asset",0.00,,3,"Count In Each (ce)","Count by the Count In Each",1500.00,"Raja",,3000.00,1,
,"Active","Inventory Part","10"" Loocking Plier",,"Non","00001 · Hardware and tool Income","54300 · Hardware and tool","12100 · Inventory Asset",0.00,,4,"Count In Each (ce)","Count by the Count In Each",15000.00,"Raja",,20000.00,1,"110203"
,"Active","Inventory Part","12"" Tiger Tongue",,"Non","00001 · Hardware and tool Income","54300 · Hardware and tool","12100 · Inventory Asset",0.00,,14,"Count In Each (ce)","Count by the Count In Each",1200.00,"Raja",,3000.00,1,
,"Active","Inventory Part","1/2 Ratchet",,"Non","00001 · Hardware and tool Income","54300 · Hardware and tool","12100 · Inventory Asset",0.00,,4,"Count In Each (ce)","Count by the Count In Each",13500.00,"Raja",,25000.00,"",
,"Active","Inventory Part","Sunko Welding",,"Non","00001 · Hardware and tool Income","54300 · Hardware and tool","12100 · Inventory Asset",0.00,,5,"Count In Each (ce)","Count by the Count In Each",11000.00,"Raja",,14666.6663,"",
,"Active","Inventory Part","Cir Clip",,"Non","00001 · Hardware and tool Income","54300 · Hardware and tool","12100 · Inventory Asset",0.00,,-10,"Count In Each (ce)","Count by the Count In Each",350.00,"Raja",,500.00,1,
,"Active","Inventory Part","Impact Element Short",,"Non","00001 · Hardware and tool Income","54300 · Hardware and tool","12100 · Inventory Asset",0.00,,331,"Count In Each (ce)","Count by the Count In Each",900.00,"Raja",,1500.00003,1,
,"Active","Inventory Part","Puller (A)",,"Non","00001 · Hardware and tool Income","54000 · Diesel","12100 · Inventory Asset",0.00,,0,"Count In Each (ce)","Count by the Count In Each",19000.00,"Raja",,25522.3884,1,
,"Active","Inventory Part","13Pieces Impact Driver Set",,"Non","00001 · Hardware and tool Income","54300 · Hardware and tool","12100 · Inventory Asset",0.00,,0,"Count In Each (ce)","Count by the Count In Each",16000.00,"Raja",,19809.5232,1,
,"Active","Inventory Part","(+.-) screwdriver Small",,"Non","00001 · Hardware and tool Income","54300 · Hardware and tool","12100 · Inventory Asset",0.00,,49,"Count In Each (ce)","Count by the Count In Each",833.33333,"Raja",,1000.00,1,
,"Active","Inventory Part","2 way screwdriver 8""",,"Non","00001 · Hardware and tool Income","54300 · Hardware and tool","12100 · Inventory Asset",0.00,,0,"Count In Each (ce)","Count by the Count In Each",2000.00,"Raja",,4000.00,1,
,"Active","Inventory Part","L Key 5",,"Non","00001 · Hardware and tool Income","54300 · Hardware and tool","12100 · Inventory Asset",0.00,,45,"Count In Each (ce)","Count by the Count In Each",1200.00,"Raja",,2584.61544,1,"q"
,"Active","Inventory Part","L Key 4",,"Non","00001 · Hardware and tool Income","54300 · Hardware and tool","12100 · Inventory Asset",0.00,,0,"Count In Each (ce)","Count by the Count In Each",1800.00,"Raja",,3000.00,1,
,"Active","Inventory Part","L Key 3",,"Non","00001 · Hardware and tool Income","54300 · Hardware and tool","12100 · Inventory Asset",0.00,,36,"Count In Each (ce)","Count by the Count In Each",1000.00,"Raja",,1500.00,1,
,"Active","Inventory Part","L Key 10pieces",,"Non","00001 · Hardware and tool Income","54300 · Hardware and tool","12100 · Inventory Asset",0.00,,-0.5,"Count In Each (ce)","Count by the Count In Each",1500.00,"Raja",,2000.00,"",
,"Active","Inventory Part","8mm Root Spaner",,"Non","00001 · Hardware and tool Income","54300 · Hardware and tool","12100 · Inventory Asset",0.00,,66,"Count In Each (ce)","Count by the Count In Each",250,"Raja",,500.00,"",
,"Active","Inventory Part","60.80.12",,"Non","000005 · Diesel Engine Income","54000 · Diesel","12100 · Inventory Asset",0.00,,6,,,240.00,"MyintMya",,500.00,"",
,"Active","Inventory Part","50.75.12",,"Non","000005 · Diesel Engine Income","54000 · Diesel","12100 · Inventory Asset",0.00,,9,"Count In Each (ce)","Count by the Count In Each",200.00,"MyintMya",,400.00,"",
,"Active","Inventory Part","35.60.12",,"Non","000005 · Diesel Engine Income","54000 · Diesel","12100 · Inventory Asset",0.00,,-1,"Count In Each (ce)","Count by the Count In Each",315.00,"MyintMya",,500.00,"",
,"Active","Inventory Part","30.52.10 Tora","..","Non","000005 · Diesel Engine Income","54000 · Diesel","12100 · Inventory Asset",0.00,,5,"Count In Each (ce)","Count by the Count In Each",600.00,"Raja",,600.00,1,
,"Active","Inventory Part","25.52.10",,"Non","000005 · Diesel Engine Income","54000 · Diesel","12100 · Inventory Asset",0.00,,6,"Count In Each (ce)","Count by the Count In Each",300.00,"Kyaw shin",,500.00,1,
,"Active","Inventory Part","55.80.12 Tora",,"Non","000005 · Diesel Engine Income","54000 · Diesel","12100 · Inventory Asset",0.00,,4,"Count In Each (ce)","Count by the Count In Each",260.00,"MyintMya",,500.00,"",
,"Active","Inventory Part","50.72.12.5",,"Non","000005 · Diesel Engine Income","54000 · Diesel","12100 · Inventory Asset",0.00,,11,"Count In Each (ce)","Count by the Count In Each",380.00,"MyintMya",,500.00,"",
,"Active","Inventory Part","45.62.12",,"Non","000005 · Diesel Engine Income","54000 · Diesel","12100 · Inventory Asset",0.00,,1,"Count In Each (ce)","Count by the Count In Each",180.00,"MyintMya",,300.00,"",
,"Active","Inventory Part","35.58.12",,"Non","000005 · Diesel Engine Income","54000 · Diesel","12100 · Inventory Asset",0.00,,13,"Count In Each (ce)","Count by the Count In Each",209.00,"MyintMya",,500.00,"",
,"Active","Inventory Part","25.47.10.5",,"Non","000005 · Diesel Engine Income","54000 · Diesel","12100 · Inventory Asset",0.00,,10,"Count In Each (ce)","Count by the Count In Each",280.00,"MyintMya",,500.00,"",
,"Active","Inventory Part","25.40.10",,"Non","000005 · Diesel Engine Income","54000 · Diesel","12100 · Inventory Asset",0.00,,-1,"Count In Each (ce)","Count by the Count In Each",140.00,"MyintMya",,300.00,"",
,"Active","Inventory Part","B 78",,"Non","000005 · Diesel Engine Income","54000 · Diesel","12100 · Inventory Asset",0.00,,0,"foot (ft)","Length by the foot",24.00,"MyintMya",,0.00,"",
,"Active","Inventory Part","B 76",,"Non","000005 · Diesel Engine Income","54000 · Diesel","12100 · Inventory Asset",0.00,,0,"foot (ft)","Length by the foot",21.00,"MyintMya",,30.00,"",
,"Active","Inventory Part","B 74",,"Non","000005 · Diesel Engine Income","54000 · Diesel","12100 · Inventory Asset",0.00,,0,"foot (ft)","Length by the foot",24.00,"MyintMya",,30.00,"",
,"Active","Inventory Part","B 72",,"Non","000005 · Diesel Engine Income","54000 · Diesel","12100 · Inventory Asset",0.00,,-72,"foot (ft)","Length by the foot",24.00,"MyintMya",,30.00,"",
,"Active","Inventory Part","B 70",,"Non","000005 · Diesel Engine Income","54000 · Diesel","12100 · Inventory Asset",0.00,,210,"foot (ft)","Length by the foot",21.00,"MyintMya",,30.00,"",
,"Active","Inventory Part","B 66",,"Non","000005 · Diesel Engine Income","54000 · Diesel","12100 · Inventory Asset",0.00,,132,"foot (ft)","Length by the foot",17.00,"MyintMya",,30.00,"",
,"Active","Inventory Part","B 62",,"Non","000005 · Diesel Engine Income","54000 · Diesel","12100 · Inventory Asset",0.00,,248,"foot (ft)","Length by the foot",21.00,"MyintMya",,30.00,"",
,"Active","Inventory Part","B 60",,"Non","000005 · Diesel Engine Income","54000 · Diesel","12100 · Inventory Asset",0.00,,0,"foot (ft)","Length by the foot",21.00,"MyintMya",,30.00,"",
,"Active","Inventory Part","B 54",,"Non","000005 · Diesel Engine Income","54000 · Diesel","12100 · Inventory Asset",0.00,,54,"foot (ft)","Length by the foot",21.00,"MyintMya",,30.00,"",
,"Active","Inventory Part","B 52",,"Non","000005 · Diesel Engine Income","54000 · Diesel","12100 · Inventory Asset",0.00,,0,"foot (ft)","Length by the foot",21.00,"MyintMya",,30.00,"",
,"Active","Inventory Part","22 Nozzel na gat","..","Non","000005 · Diesel Engine Income","54000 · Diesel","12100 · Inventory Asset",0.00,"..",5,"Count In Each (ce)","Count by the Count In Each",120,"MyintMya",,200.00,"",
,"Active","Inventory Part","B 46",,"Non","000005 · Diesel Engine Income","54000 · Diesel","12100 · Inventory Asset",0.00,,0,"foot (ft)","Length by the foot",21.00,"MyintMya",,30.00,"",
,"Active","Inventory Part","B 44",,"Non","000005 · Diesel Engine Income","54000 · Diesel","12100 · Inventory Asset",0.00,,0,"foot (ft)","Length by the foot",21.00,"MyintMya",,30.00,"",
,"Active","Inventory Part","B 42",,"Non","000005 · Diesel Engine Income","54000 · Diesel","12100 · Inventory Asset",0.00,,-84,"foot (ft)","Length by the foot",21.00,"MyintMya",,30.00,"",
,"Active","Inventory Part","A 40",,"Non","000005 · Diesel Engine Income","54000 · Diesel","12100 · Inventory Asset",0.00,,0,"foot (ft)","Length by the foot",12,"MyintMya",,25.00,"",
,"Active","Inventory Part","60x3 Wide Pinion",,"Non","000005 · Diesel Engine Income","54000 · Diesel","12100 · Inventory Asset",0.00,,2,"Count In Each (ce)","Count by the Count In Each",3600.00,"MyintMya",,4000.00,"",
,"Active","Inventory Part","51x3 Pinion",,"Non","000005 · Diesel Engine Income","54000 · Diesel","12100 · Inventory Asset",0.00,,1,"Count In Each (ce)","Count by the Count In Each",3050.00,"MyintMya",,4500.00,"",
,"Active","Inventory Part","45x3 Wide Pinion",,"Non","000005 · Diesel Engine Income","54000 · Diesel","12100 · Inventory Asset",0.00,,0,"Count In Each (ce)","Count by the Count In Each",2600,"MyintMya",,3000.00,"",
,"Active","Inventory Part","45x2 Pinion",,"Non","000005 · Diesel Engine Income","54000 · Diesel","12100 · Inventory Asset",0.00,,0,"Count In Each (ce)","Count by the Count In Each",3600.00,"MyintMya",,4000.00,"",
,"Active","Inventory Part","40x3 Wide Pinion",,"Non","000005 · Diesel Engine Income","54000 · Diesel","12100 · Inventory Asset",0.00,,1,"Count In Each (ce)","Count by the Count In Each",2400.00,"MyintMya",,3000.00,"",
,"Active","Inventory Part","40x2 Pinion",,"Non","000005 · Diesel Engine Income","54000 · Diesel","12100 · Inventory Asset",0.00,,0,"Count In Each (ce)","Count by the Count In Each",3050.00,"MyintMya",,3500.00,"",
,"Active","Inventory Part","20x3 Wide Pinion",,"Non","000005 · Diesel Engine Income","54000 · Diesel","12100 · Inventory Asset",0.00,,1,"Count In Each (ce)","Count by the Count In Each",1450.00,"MyintMya",,2500.00,"",
,"Active","Inventory Part","17x3 Wide Pinion",,"Non","000005 · Diesel Engine Income","54000 · Diesel","12100 · Inventory Asset",0.00,,-4,"Count In Each (ce)","Count by the Count In Each",1600,"MyintMya",,2000.00,"",
,"Active","Inventory Part","16x2 Gear Pinion",,"Non","000005 · Diesel Engine Income","54000 · Diesel","12100 · Inventory Asset",0.00,,2,"Count In Each (ce)","Count by the Count In Each",1500,"MyintMya",,2000.00,"",
,"Active","Inventory Part","15x3 Wide Gear Pinion",,"Non","000005 · Diesel Engine Income","54000 · Diesel","12100 · Inventory Asset",0.00,,-2,"Count In Each (ce)","Count by the Count In Each",1300,"MyintMya",,2000.00,"",
,"Active","Inventory Part","15x2 Gear Pinion H",,"Non","000005 · Diesel Engine Income","54000 · Diesel","12100 · Inventory Asset",0.00,,-4,"Count In Each (ce)","Count by the Count In Each",1750.00,"MyintMya",,2500.00,"",
,"Active","Inventory Part","2 Line Chain Short 56Z",,"Non","000005 · Diesel Engine Income","54000 · Diesel","12100 · Inventory Asset",0.00,,4,"Count In Each (ce)","Count by the Count In Each",2250.00,"Super",,3000.00,1,
,"Active","Inventory Part","3 Line Chain Short 62",,"Non","000005 · Diesel Engine Income","54000 · Diesel","12100 · Inventory Asset",0.00,,0,"Count In Each (ce)","Count by the Count In Each",3850.00,"Super",,4500.00,1,
,"Active","Inventory Part","D-F Gear Assy Cap B-2",,"Non","000005 · Diesel Engine Income","54000 · Diesel","12100 · Inventory Asset",0.00,,0,"Count In Each (ce)","Count by the Count In Each",2050.00,"MyintMya",,2500.00,"",
,"Active","Inventory Part","D-F Gear Assy Cap B-1",,"Non","000005 · Diesel Engine Income","54000 · Diesel","12100 · Inventory Asset",0.00,,1,"Count In Each (ce)","Count by the Count In Each",1250.00,"MyintMya",,1500.00,"",
,"Active","Inventory Part","DF Screw Rod Bush",,"Non","000005 · Diesel Engine Income","54000 · Diesel","12100 · Inventory Asset",0.00,,2,"Count In Each (ce)","Count by the Count In Each",2000.00,"MyintMya",,2500.00,"",
,"Active","Inventory Part","DF Screw Rod",,"Non","000005 · Diesel Engine Income","54000 · Diesel","12100 · Inventory Asset",0.00,,-1,"Count In Each (ce)","Count by the Count In Each",1800,"MyintMya",,3500.00,"",
,"Active","Inventory Part","DF Clutch Assy Flang",,"Non","000005 · Diesel Engine Income","54000 · Diesel","12100 · Inventory Asset",0.00,,12,"Count In Each (ce)","Count by the Count In Each",1999.00,"MyintMya",,2000.00,"",
,"Active","Inventory Part","DF Clutch Shaft",,"Non","000005 · Diesel Engine Income","54000 · Diesel","12100 · Inventory Asset",0.00,,-1,"Count In Each (ce)","Count by the Count In Each",3750.00,"MyintMya",,4500.00,"",
,"Active","Inventory Part","DF Clutch Assy Mouth",,"Non","000005 · Diesel Engine Income","54000 · Diesel","12100 · Inventory Asset",0.00,,-2,"Count In Each (ce)","Count by the Count In Each",1650.00,"MyintMya",,2000.00,"",
,"Active","Inventory Part","DF Clutch Bush",,"Non","000005 · Diesel Engine Income","54000 · Diesel","12100 · Inventory Asset",0.00,,7,"Count In Each (ce)","Count by the Count In Each",316.00,"MyintMya",,500.00,"",
,"Active","Inventory Part","Left Turn Nut Metal",,"Non","000005 · Diesel Engine Income","54000 · Diesel","12100 · Inventory Asset",0.00,,2,"Count In Each (ce)","Count by the Count In Each",450.00,"Kyaw shin",,700.00,1,
,"Active","Inventory Part","4 Copper Ring",,"Non","000005 · Diesel Engine Income","54000 · Diesel","12100 · Inventory Asset",0.00,,4,"Count In Each (ce)","Count by the Count In Each",1000.00,"MyintMya",,1500.00,"",
,"Active","Inventory Part","4"" Water Pump Bearing Housing",,"Non","000005 · Diesel Engine Income","54000 · Diesel","12100 · Inventory Asset",0.00,,3,"Count In Each (ce)","Count by the Count In Each",1500.00,"MyintMya",,1800.00,"",
,"Active","Inventory Part","4"" Water Pump Shaft",,"Non","000005 · Diesel Engine Income","54000 · Diesel","12100 · Inventory Asset",0.00,,6,"Count In Each (ce)","Count by the Count In Each",3700,"MyintMya",,4500.00,"",
,"Active","Inventory Part","4"" Water Pump Flung Copper",,"Non","000005 · Diesel Engine Income","54000 · Diesel","12100 · Inventory Asset",0.00,,7,"Count In Each (ce)","Count by the Count In Each",1000.00,"MyintMya",,1500.00,"",
,"Active","Inventory Part","4"" Water Pump Flung Metal",,"Non","000005 · Diesel Engine Income","54000 · Diesel","12100 · Inventory Asset",0.00,,0,"Count In Each (ce)","Count by the Count In Each",650.00,"MyintMya",,1000.00,"",
,"Active","Inventory Part","4x6 Impeller",,"Non","000005 · Diesel Engine Income","54000 · Diesel","12100 · Inventory Asset",0.00,,0,"Count In Each (ce)","Count by the Count In Each",4535.00,"MyintMya",,5500.00,"",
,"Active","Inventory Part","9x2 Fan KMS",,"Non","000005 · Diesel Engine Income","54000 · Diesel","12100 · Inventory Asset",0.00,,0,"Count In Each (ce)","Count by the Count In Each",1575.00,"MyintMya",,2000.00,"",
,"Active","Inventory Part","8X2 Fan KMS",,"Non","000005 · Diesel Engine Income","54000 · Diesel","12100 · Inventory Asset",0.00,,2,"Count In Each (ce)","Count by the Count In Each",1475.00,"MyintMya",,2000.00,"",
,"Active","Inventory Part","81/2 x 2 Fan KMS",,"Non","000004 · Motor cycle Income","54000 · Diesel","12100 · Inventory Asset",0.00,,2,"Count In Each (ce)","Count by the Count In Each",1500.00,"MyintMya",,2500.00,"",
,"Active","Inventory Part","7x2 Fan original",,"Non","000005 · Diesel Engine Income","54000 · Diesel","12100 · Inventory Asset",0.00,,-1,"Count In Each (ce)","Count by the Count In Each",1250.00,"MyintMya",,2000.00,"",
,"Active","Inventory Part","71/2 x 2 Fan KMS",,"Non","000005 · Diesel Engine Income","54000 · Diesel","12100 · Inventory Asset",0.00,,1,"Count In Each (ce)","Count by the Count In Each",1375.00,"MyintMya",,2000.00,"",
,"Active","Inventory Part","61/2 x 2 Fan KMS",,"Non","000005 · Diesel Engine Income","54000 · Diesel","12100 · Inventory Asset",0.00,,0,"Count In Each (ce)","Count by the Count In Each",1200,"MyintMya",,1500.00,"",
,"Active","Inventory Part","24x3 Left Fan Crt","....","Non","000005 · Diesel Engine Income","54000 · Diesel","12100 · Inventory Asset",0.00,"..",0,"Count In Each (ce)","Count by the Count In Each",13000.00,"MyintMya",,15000.00,"",
,"Active","Inventory Part","22x3 Left Fan Crt",,"Non","000005 · Diesel Engine Income","54000 · Diesel","12100 · Inventory Asset",0.00,,0,"Count In Each (ce)","Count by the Count In Each",8600,"MyintMya",,10000.00,"",
,"Active","Inventory Part","22x3 Right Fan CRT",,"Non","000005 · Diesel Engine Income","54000 · Diesel","12100 · Inventory Asset",0.00,,1,"Count In Each (ce)","Count by the Count In Each",8400,"MyintMya",,10000.00,"",
,"Active","Inventory Part","20x3  Right Fan CRT",,"Non","000005 · Diesel Engine Income","54000 · Diesel","12100 · Inventory Asset",0.00,,0,"Count In Each (ce)","Count by the Count In Each",5800,"MyintMya",,6500.00,"",
,"Active","Inventory Part","16x3 Right Fan CRT",,"Non","000005 · Diesel Engine Income","54000 · Diesel","12100 · Inventory Asset",0.00,,0,"Count In Each (ce)","Count by the Count In Each",4800.00,"MyintMya",,5500.00,"",
,"Active","Inventory Part","305 Circlip",,"Non","000005 · Diesel Engine Income","54000 · Diesel","12100 · Inventory Asset",0.00,,1,"Count In Each (ce)","Count by the Count In Each",150.00,"MyintMya",,300.00,"",
,"Active","Inventory Part","Zatter Thick Washer Pack",,"Non","000005 · Diesel Engine Income","54000 · Diesel","12100 · Inventory Asset",0.00,,6.05,"Count In Each (ce)","Count by the Count In Each",120,"MyintMya",,500.00,"",
,"Active","Inventory Part","12V Bulb",,"Non","000005 · Diesel Engine Income","54000 · Diesel","12100 · Inventory Asset",0.00,,0,"Count In Each (ce)","Count by the Count In Each",2600.00,"MyintMya",,4000.00,"",
,"Active","Inventory Part","12V Yellow Bulb Assy",,"Non","000005 · Diesel Engine Income","54000 · Diesel","12100 · Inventory Asset",0.00,,4.14706,"Count In Each (ce)","Count by the Count In Each",7700.00,"MyintMya",,8500.00,"",
,"Active","Inventory Part","L32 Fuel Pipe",,"Non","000005 · Diesel Engine Income","54000 · Diesel","12100 · Inventory Asset",0.00,,12,"Count In Each (ce)","Count by the Count In Each",480.00,"MyintMya",,700.00,"",
,"Active","Inventory Part","L32 Yellow Box Connecting Rod",,"Non","000005 · Diesel Engine Income","54000 · Diesel","12100 · Inventory Asset",0.00,,1,"Count In Each (ce)","Count by the Count In Each",8600.00,"MyintMya",,10000.00,"",
,"Active","Inventory Part","L32 Exhaust Pipe Original",,"Non","000005 · Diesel Engine Income","54000 · Diesel","12100 · Inventory Asset",0.00,,0,"Count In Each (ce)","Count by the Count In Each",3100.00,"MyintMya",,3500.00,"",
,"Active","Inventory Part","L32 Exhaust gasket",,"Non","000005 · Diesel Engine Income","54000 · Diesel","12100 · Inventory Asset",0.00,,17,"Count In Each (ce)","Count by the Count In Each",62.50,"MyintMya",,100.00,"",
,"Active","Inventory Part","L32 Engine Head Cover",,"Non","000005 · Diesel Engine Income","54000 · Diesel","12100 · Inventory Asset",0.00,,2,"Count In Each (ce)","Count by the Count In Each",3975.00,"MyintMya",,8000.00,"",
,"Active","Inventory Part","L32 Rocker Arm Assy GL",,"Non","000005 · Diesel Engine Income","54000 · Diesel","12100 · Inventory Asset",0.00,,1,"Count In Each (ce)","Count by the Count In Each",4000.00,"MyintMya",,4500.00,"",
,"Active","Inventory Part","L32 Rings PRS 2","..","Non","000005 · Diesel Engine Income","54000 · Diesel","12100 · Inventory Asset",0.00,,4,"Count In Each (ce)","Count by the Count In Each",2809.00,"MyintMya",,3500.00,"",
,"Active","Inventory Part","L32 Valve Pack",,"Non","000005 · Diesel Engine Income","54000 · Diesel","12100 · Inventory Asset",0.00,,8,"Count In Each (ce)","Count by the Count In Each",2800.00,"MyintMya",,3500.00,"",
,"Active","Inventory Part","L32 Valve Guide",,"Non","000005 · Diesel Engine Income","54000 · Diesel","12100 · Inventory Asset",0.00,,0,"Count In Each (ce)","Count by the Count In Each",450.00,"MyintMya",,700.00,"",
,"Active","Inventory Part","L32 Valve Seat",,"Non","000005 · Diesel Engine Income","54000 · Diesel","12100 · Inventory Asset",0.00,,-2,"Count In Each (ce)","Count by the Count In Each",450.00,"MyintMya",,700.00,"",
,"Active","Inventory Part","L32 Connecting Rod Bearing",,"Non","000005 · Diesel Engine Income","54000 · Diesel","12100 · Inventory Asset",0.00,,3,"Count In Each (ce)","Count by the Count In Each",425.00,"MyintMya",,600.00,"",
,"Active","Inventory Part","L32 Engine Packing Full Set",,"Non","000005 · Diesel Engine Income","54000 · Diesel","12100 · Inventory Asset",0.00,,5,"Count In Each (ce)","Count by the Count In Each",850.00,"MyintMya",,1200.00,"",
,"Active","Inventory Part","L32 Fuel Injection Pump  Assy",,"Non","000005 · Diesel Engine Income","54000 · Diesel","12100 · Inventory Asset",0.00,,3,"Count In Each (ce)","Count by the Count In Each",7550.00,"MyintMya",,13000.00,"",
,"Active","Inventory Part","L32 Plunger Y","..","Non","000005 · Diesel Engine Income","54000 · Diesel","12100 · Inventory Asset",0.00,,9,"Count In Each (ce)","Count by the Count In Each",3075.00,"MyintMya",,5000.00,"",
,"Active","Inventory Part","L32 Snow Moutain Piston",,"Non","000005 · Diesel Engine Income","54000 · Diesel","12100 · Inventory Asset",0.00,,0,"Count In Each (ce)","Count by the Count In Each",9260.00,"MyintMya",,11000.00,"",
,"Active","Inventory Part","L32 Cylinder TRI",,"Non","000005 · Diesel Engine Income","54000 · Diesel","12100 · Inventory Asset",0.00,,1,"Count In Each (ce)","Count by the Count In Each",15000.00,"MyintMya",,17000.00,"",
,"Active","Inventory Part","L32 Blue Gasket DW",,"Non","000005 · Diesel Engine Income","54000 · Diesel","12100 · Inventory Asset",0.00,,3,"Count In Each (ce)","Count by the Count In Each",600.00,"MyintMya",,1000.00,"",
,"Active","Inventory Part","Chain Path Line",,"Non","000004 · Motor cycle Income","54200 · Motor Cycle","12100 · Inventory Asset",0.00,,1,"Count In Each (ce)","Count by the Count In Each",200.00,"MH",,300.00,1,
,"Active","Inventory Part","MH Horn Cut Out","..","Non","000004 · Motor cycle Income","54200 · Motor Cycle","12100 · Inventory Asset",0.00,"..",-4,"Count In Each (ce)","Count by the Count In Each",600,"MH",,1000.00,1,
,"Active","Inventory Part","Chain Cover Rubber Cap",,"Non","000004 · Motor cycle Income","54200 · Motor Cycle","12100 · Inventory Asset",0.00,,50,"Count In Each (ce)","Count by the Count In Each",50.00,"MH",,100.00,1,
,"Active","Inventory Part","Key Set Cover",,"Non","000004 · Motor cycle Income","54200 · Motor Cycle","12100 · Inventory Asset",0.00,,0,"Count In Each (ce)","Count by the Count In Each",170.00,"MH",,300.00,"",
,"Active","Inventory Part","Air Filter Pipe Big",,"Non","000004 · Motor cycle Income","54200 · Motor Cycle","12100 · Inventory Asset",0.00,,11,"Count In Each (ce)","Count by the Count In Each",250.00,"MH",,500.00,1,
,"Active","Inventory Part","Air Filter Pipe 125",,"Non","000004 · Motor cycle Income","54200 · Motor Cycle","12100 · Inventory Asset",0.00,,13,"Count In Each (ce)","Count by the Count In Each",750.00,"MH",,1704.54548,"",
,"Active","Inventory Part","Air Filter Pipe 110",,"Non","000004 · Motor cycle Income","54200 · Motor Cycle","12100 · Inventory Asset",0.00,,4,"Count In Each (ce)","Count by the Count In Each",480.00,"MH",,1043.47824,1,
,"Active","Inventory Part","timing Chain Cover Big",,"Non","000004 · Motor cycle Income","54200 · Motor Cycle","12100 · Inventory Asset",0.00,,-2,"Count In Each (ce)","Count by the Count In Each",680.00,"MH",,1000.00,"",
,"Active","Inventory Part","Timing Chain Cover Small","..","Non","000004 · Motor cycle Income","54200 · Motor Cycle","12100 · Inventory Asset",0.00,"..",1,"Count In Each (ce)","Count by the Count In Each",600.00,"MH",,1000.00,1,
,"Active","Inventory Part","2.0 Sq,mm Cable",,"Non","000004 · Motor cycle Income","54200 · Motor Cycle","12100 · Inventory Asset",0.00,,553.5,"foot (ft)","Length by the foot",45,"MH",,100.00,10,
,"Active","Inventory Part","1.0 Sq.mm Cable",,"Non","000004 · Motor cycle Income","54200 · Motor Cycle","12100 · Inventory Asset",0.00,,945.57143,"foot (ft)","Length by the foot",22.00,"MH",,50.00,10,
,"Active","Inventory Part","B 63 Thai",,"Non","000005 · Diesel Engine Income","54000 · Diesel","12100 · Inventory Asset",0.00,,315,"foot (ft)","Length by the foot",27.00,"New Star",,35.00,63,
,"Active","Inventory Part","B 55 Thai",,"Non","000005 · Diesel Engine Income","54000 · Diesel","12100 · Inventory Asset",0.00,,0,"foot (ft)","Length by the foot",27.00,"New Star",,35.00,55,
,"Active","Inventory Part","B 78 Thai",,"Non","000005 · Diesel Engine Income","54000 · Diesel","12100 · Inventory Asset",0.00,,0,"foot (ft)","Length by the foot",31.00,"New Star",,40.00,78,
,"Active","Inventory Part","B 76 Thai",,"Non","000005 · Diesel Engine Income","54000 · Diesel","12100 · Inventory Asset",0.00,,0,"foot (ft)","Length by the foot",27.00,"New Star",,40.00,76,
,"Active","Inventory Part","B 74 Thai",,"Non","000005 · Diesel Engine Income","54000 · Diesel","12100 · Inventory Asset",0.00,,0,"foot (ft)","Length by the foot",31.00,"New Star",,35.00,74,
,"Active","Inventory Part","B 72 Thai",,"Non","000005 · Diesel Engine Income","54000 · Diesel","12100 · Inventory Asset",0.00,,504,"foot (ft)","Length by the foot",31.00,"New Star",,40.00,72,
,"Active","Inventory Part","B 70 Thai",,"Non","000005 · Diesel Engine Income","54000 · Diesel","12100 · Inventory Asset",0.00,,0,"foot (ft)","Length by the foot",31.00,"New Star",,40.00,70,
,"Active","Inventory Part","B 68 Thai",,"Non","000005 · Diesel Engine Income","54000 · Diesel","12100 · Inventory Asset",0.00,,0,"foot (ft)","Length by the foot",27.00,"New Star",,35.00,68,
,"Active","Inventory Part","B 66 Thai",,"Non","000005 · Diesel Engine Income","54000 · Diesel","12100 · Inventory Asset",0.00,,132,"foot (ft)","Length by the foot",27.00,"New Star",,35.00,66,
,"Active","Inventory Part","B 64 Thai",,"Non","000005 · Diesel Engine Income","54000 · Diesel","12100 · Inventory Asset",0.00,,0,"foot (ft)","Length by the foot",27.00,"New Star",,35.00,64,
,"Active","Inventory Part","B 62 Thai",,"Non","000005 · Diesel Engine Income","54000 · Diesel","12100 · Inventory Asset",0.00,,62,"foot (ft)","Length by the foot",27.00,"New Star",,35.00,62,
,"Active","Inventory Part","B 60 Thai",,"Non","000005 · Diesel Engine Income","54000 · Diesel","12100 · Inventory Asset",0.00,,0,"foot (ft)","Length by the foot",27.00,"New Star",,35.00,60,
,"Active","Inventory Part","B 56 Thai",,"Non","000005 · Diesel Engine Income","54000 · Diesel","12100 · Inventory Asset",0.00,,0,"foot (ft)","Length by the foot",27.00,"New Star",,35.00,56,
,"Active","Inventory Part","B 54 Thai",,"Non","000005 · Diesel Engine Income","54000 · Diesel","12100 · Inventory Asset",0.00,,108,"foot (ft)","Length by the foot",27.00,"New Star",,35.00,54,
,"Active","Inventory Part","B 52 Thai",,"Non","000005 · Diesel Engine Income","54000 · Diesel","12100 · Inventory Asset",0.00,,0,"foot (ft)","Length by the foot",34.00,"New Star",,40.00,52,
,"Active","Inventory Part","B 50 Thai",,"Non","000005 · Diesel Engine Income","54000 · Diesel","12100 · Inventory Asset",0.00,,0,"foot (ft)","Length by the foot",27.00,"New Star",,35.00,50,
,"Active","Inventory Part","B 48 Thai",,"Non","000005 · Diesel Engine Income","54000 · Diesel","12100 · Inventory Asset",0.00,,0,"foot (ft)","Length by the foot",31.00,"New Star",,40.00,48,
,"Active","Inventory Part","B 46 Thai",,"Non","000005 · Diesel Engine Income","54000 · Diesel","12100 · Inventory Asset",0.00,,0,"foot (ft)","Length by the foot",31.00,"New Star",,40.00,46,
,"Active","Inventory Part","B 44 Thai",,"Non","000005 · Diesel Engine Income","54000 · Diesel","12100 · Inventory Asset",0.00,,0,"foot (ft)","Length by the foot",27.00,"New Star",,40.00,44,
,"Active","Inventory Part","B 42 Thai",,"Non","000005 · Diesel Engine Income","54000 · Diesel","12100 · Inventory Asset",0.00,,0,"Count In Each (ce)","Count by the Count In Each",27.00,"New Star",,40.00,42,
,"Active","Inventory Part","50.70.12",,"Non","000005 · Diesel Engine Income","54000 · Diesel","12100 · Inventory Asset",0.00,,8,"Count In Each (ce)","Count by the Count In Each",221.00,"New Star",,800.00,1,
,"Active","Inventory Part","Long Box Spaner 14","..","Non","00001 · Hardware and tool Income","54300 · Hardware and tool","12100 · Inventory Asset",0.00,"..",11,"Count In Each (ce)","Count by the Count In Each",4500.00,"Raja",,8000.00,1,
,"Active","Inventory Part","Signal Socket",,"Non","000004 · Motor cycle Income","54200 · Motor Cycle","12100 · Inventory Asset",0.00,,15.5,"Count In Each (ce)","Count by the Count In Each",280.00,"Thar Aung & Bros",,500.00,1,
,"Active","Inventory Part","L32 Piston Pin",,"Non","000005 · Diesel Engine Income","54000 · Diesel","12100 · Inventory Asset",0.00,,10,"Count In Each (ce)","Count by the Count In Each",1580.00,"MyintMya",,1800.00,"",
,"Active","Inventory Part","L32 Camshaft",,"Non","000005 · Diesel Engine Income","54000 · Diesel","12100 · Inventory Asset",0.00,,5,"Count In Each (ce)","Count by the Count In Each",6200.00,"MyintMya",,8000.00,"",
,"Active","Inventory Part","35.55.10",,"Non","000005 · Diesel Engine Income","54000 · Diesel","12100 · Inventory Asset",0.00,,5,"Count In Each (ce)","Count by the Count In Each",250.00,"MyintMya",,500.00,"",
,"Active","Inventory Part","B 50",,"Non","000005 · Diesel Engine Income","54000 · Diesel","12100 · Inventory Asset",0.00,,50,"foot (ft)","Length by the foot",21.00,"MyintMya",,30.00,"",
,"Active","Inventory Part","A 42",,"Non","000005 · Diesel Engine Income","54000 · Diesel","12100 · Inventory Asset",0.00,,373,"foot (ft)","Length by the foot",15.5,"MyintMya",,25.00,"",
,"Active","Inventory Part","175 Govenor Spring",,"Non","000005 · Diesel Engine Income","54000 · Diesel","12100 · Inventory Asset",0.00,,7,"Count In Each (ce)","Count by the Count In Each",60,"MyintMya",,100.00,"",
,"Active","Inventory Part","Oil cock Kyk",,"Non","000004 · Motor cycle Income","54200 · Motor Cycle","12100 · Inventory Asset",0.00,,2,"Count In Each (ce)","Count by the Count In Each",700.00,"Thar Aung & Bros",,1500.00,"","SKT00374"
,"Active","Inventory Part","B 53 Thai",,"Non","000005 · Diesel Engine Income","54000 · Diesel","12100 · Inventory Asset",0.00,,0,"foot (ft)","Length by the foot",27.00,"MyintMya",,35.00,"",
,"Active","Inventory Part","24 Half Spaner Ring",,"Non","00001 · Hardware and tool Income","54300 · Hardware and tool","12100 · Inventory Asset",0.00,,9,"Count In Each (ce)","Count by the Count In Each",7000.00,"Raja",,10540.5405,1,
,"Active","Inventory Part","5.5mm Twist Drill",,"Non","00001 · Hardware and tool Income","54300 · Hardware and tool","12100 · Inventory Asset",0.00,,8,"Count In Each (ce)","Count by the Count In Each",2400.00,"Raja",,4500.00,1,
,"Active","Inventory Part","110 center Rod Bushing",,"Non","000004 · Motor cycle Income","54200 · Motor Cycle","12100 · Inventory Asset",0.00,,-3,"Count In Each (ce)","Count by the Count In Each",600.00,"Swan",,1000.00,1,"SKT00254"
,"Active","Inventory Part","1.5mm Twist Drill",,"Non","00001 · Hardware and tool Income","54300 · Hardware and tool","12100 · Inventory Asset",0.00,,0,"Count In Each (ce)","Count by the Count In Each",150.00,"Raja",,300.00,"",
,"Active","Inventory Part","Long Screw Biz",,"Non","00001 · Hardware and tool Income","54300 · Hardware and tool","12100 · Inventory Asset",0.00,,3,"Count In Each (ce)","Count by the Count In Each",800.00,"Raja",,1403.5088,1,
,"Active","Inventory Part","Box Spaner 18",,"Non","00001 · Hardware and tool Income","54300 · Hardware and tool","12100 · Inventory Asset",0.00,,35,"Count In Each (ce)","Count by the Count In Each",700.00,"Raja",,1300.00,1,
,"Active","Inventory Part","L Box Spaner",,"Non","00001 · Hardware and tool Income","54300 · Hardware and tool","12100 · Inventory Asset",0.00,,17,"Count In Each (ce)","Count by the Count In Each",7000.00,"Raja",,9210.5265,1,
,"Active","Inventory Part","Bosny Red No 23",,"Non","00001 · Hardware and tool Income","54300 · Hardware and tool","12100 · Inventory Asset",0.00,,10,"Count In Each (ce)","Count by the Count In Each",1750.00,"Raja",,4000.00,1,
,"Active","Inventory Part","B 100",,"Non","000005 · Diesel Engine Income","54000 · Diesel","12100 · Inventory Asset",0.00,,0,"foot (ft)","Length by the foot",15,"MyintMya",,30.00,"",
,"Active","Inventory Part","Impact Element",,"Non","00001 · Hardware and tool Income","54300 · Hardware and tool","12100 · Inventory Asset",0.00,,97,"Count In Each (ce)","Count by the Count In Each",1400.00,"Raja",,2100.00,1,
,"Active","Inventory Part","Turpentine",,"Non","00001 · Hardware and tool Income","54300 · Hardware and tool","12100 · Inventory Asset",0.00,,13,"Count In Each (ce)","Count by the Count In Each",1041.66667,"Raja",,1500.00,1,
,"Active","Inventory Part","140 FZ Tire Rear",,"Non","000004 · Motor cycle Income","54200 · Motor Cycle","12100 · Inventory Asset",0.00,,1,"Count In Each (ce)","Count by the Count In Each",35300.00,"Yin Maha",,40000.00,0,
,"Active","Inventory Part","120 MSX Tire",,"Non","000004 · Motor cycle Income","54200 · Motor Cycle","12100 · Inventory Asset",0.00,,0,"Count In Each (ce)","Count by the Count In Each",17100.00,"Yin Maha",,20000.00,"",
,"Active","Inventory Part","110 Lever Brake",,"Non","000004 · Motor cycle Income","54200 · Motor Cycle","12100 · Inventory Asset",0.00,,13,"Count In Each (ce)","Count by the Count In Each",390.00,"Yin Maha",,1000.00,1,
,"Active","Inventory Part","110 Relay",,"Non","000004 · Motor cycle Income","54200 · Motor Cycle","12100 · Inventory Asset",0.00,,12,"Count In Each (ce)","Count by the Count In Each",1300.00,"Yin Maha",,2000.00,1,
,"Active","Inventory Part","CZI (3) Bumper",,"Non","000004 · Motor cycle Income","54200 · Motor Cycle","12100 · Inventory Asset",0.00,,5,"Count In Each (ce)","Count by the Count In Each",1010.00,"Yin Maha",,1500.00,1,
,"Active","Inventory Part","FZ Brake Clark Lever",,"Non","000004 · Motor cycle Income","54200 · Motor Cycle","12100 · Inventory Asset",0.00,,2,"Count In Each (ce)","Count by the Count In Each",11500.00,"Yin Maha",,15000.00,1,
,"Active","Inventory Part","Gear Padel 2",,"Non","000004 · Motor cycle Income","54200 · Motor Cycle","12100 · Inventory Asset",0.00,,16,"Count In Each (ce)","Count by the Count In Each",3200.00,"Yin Maha",,4000.00,1,"SKT00232"
,"Active","Inventory Part","Gear Padel 1",,"Non","000004 · Motor cycle Income","54200 · Motor Cycle","12100 · Inventory Asset",0.00,,-2,"Count In Each (ce)","Count by the Count In Each",1750.00,"Yin Maha",,3017.24133,"","SKT00145"
,"Active","Inventory Part","Air Shock Absorber",,"Non","000004 · Motor cycle Income","54200 · Motor Cycle","12100 · Inventory Asset",0.00,,0,"Count In Each (ce)","Count by the Count In Each",23000.00,"Yin Maha",,24000.00,"",
,"Active","Inventory Part","Heavy Weight Short Absorber",,"Non","000004 · Motor cycle Income","54200 · Motor Cycle","12100 · Inventory Asset",0.00,,1,"Count In Each (ce)","Count by the Count In Each",23000.00,"Yin Maha",,30000.00,"",
,"Active","Inventory Part","110 Head Gasket Slip",,"Non","000004 · Motor cycle Income","54200 · Motor Cycle","12100 · Inventory Asset",0.00,,50,"Count In Each (ce)","Count by the Count In Each",53.00,"Yin Maha",,100.00,1,
,"Active","Inventory Part","110 On Off Switch",,"Non","000004 · Motor cycle Income","54200 · Motor Cycle","12100 · Inventory Asset",0.00,,59,"Count In Each (ce)","Count by the Count In Each",240.00,"Yin Maha",,500.00,1,"SKT00247"
,"Active","Inventory Part","EFI Horn Switch",,"Non","000004 · Motor cycle Income","54200 · Motor Cycle","12100 · Inventory Asset",0.00,,-1,"Count In Each (ce)","Count by the Count In Each",570.00,"Yin Maha",,800.00,1,
,"Active","Inventory Part","EFI Start Switch",,"Non","000004 · Motor cycle Income","54200 · Motor Cycle","12100 · Inventory Asset",0.00,,62,"Count In Each (ce)","Count by the Count In Each",550.00,"Yin Maha",,800.00,1,
,"Active","Inventory Part","EFI Up Down Switch",,"Non","000004 · Motor cycle Income","54200 · Motor Cycle","12100 · Inventory Asset",0.00,,8,"Count In Each (ce)","Count by the Count In Each",570.00,"Yin Maha",,800.00,1,
,"Active","Inventory Part","EFI On Off",,"Non","000004 · Motor cycle Income","54200 · Motor Cycle","12100 · Inventory Asset",0.00,,5,"Count In Each (ce)","Count by the Count In Each",570.00,"Yin Maha",,800.00,1,
,"Active","Inventory Part","EFI Signal",,"Non","000004 · Motor cycle Income","54200 · Motor Cycle","12100 · Inventory Asset",0.00,,26,"Count In Each (ce)","Count by the Count In Each",570.00,"Yin Maha",,800.00,1,
,"Active","Inventory Part","1130 Fuel Pipe",,"Non","000005 · Diesel Engine Income","54000 · Diesel","12100 · Inventory Asset",0.00,,9,"Count In Each (ce)","Count by the Count In Each",450.00,"MyintMya",,1500.00,"",
,"Active","Inventory Part","1130 Connecting Rod Yellow Box",,"Non","000005 · Diesel Engine Income","54000 · Diesel","12100 · Inventory Asset",0.00,,1,"Count In Each (ce)","Count by the Count In Each",8700.00,"MyintMya",,12000.00,"",
,"Active","Inventory Part","1130 Exhaust Pipe original",,"Non","000005 · Diesel Engine Income","54000 · Diesel","12100 · Inventory Asset",0.00,,1,"Count In Each (ce)","Count by the Count In Each",3850.00,"MyintMya",,5000.00,"",
,"Active","Inventory Part","1130 Engine Head Cover","..","Non","000005 · Diesel Engine Income","54000 · Diesel","12100 · Inventory Asset",0.00,"..",2,"Count In Each (ce)","Count by the Count In Each",3700.00,"MyintMya",,5000.00,"",
,"Active","Inventory Part","1130 Rocker Arm Assy Set GL",,"Non","000005 · Diesel Engine Income","54000 · Diesel","12100 · Inventory Asset",0.00,,1,"Count In Each (ce)","Count by the Count In Each",4550.00,"MyintMya",,7000.00,"",
,"Active","Inventory Part","1130 4 Bolt Air Cleaner Assy",,"Non","000005 · Diesel Engine Income","54000 · Diesel","12100 · Inventory Asset",0.00,,-1,"Count In Each (ce)","Count by the Count In Each",9800.00,"MyintMya",,11000.00,"",
,"Active","Inventory Part","1130 Ring PRS 2",,"Non","000005 · Diesel Engine Income","54000 · Diesel","12100 · Inventory Asset",0.00,,4,"Count In Each (ce)","Count by the Count In Each",2790.00,"MyintMya",,4000.00,"",
,"Active","Inventory Part","1130 Valve Guide",,"Non","000005 · Diesel Engine Income","54000 · Diesel","12100 · Inventory Asset",0.00,,5,"Count In Each (ce)","Count by the Count In Each",450.00,"MyintMya",,1000.00,"",
,"Active","Inventory Part","1130 Valve Seat",,"Non","000005 · Diesel Engine Income","54000 · Diesel","12100 · Inventory Asset",0.00,,5,"Count In Each (ce)","Count by the Count In Each",480.00,"MyintMya",,1000.00,"",
,"Active","Inventory Part","1130 Valve",,"Non","000005 · Diesel Engine Income","54000 · Diesel","12100 · Inventory Asset",0.00,,5,"Count In Each (ce)","Count by the Count In Each",2970.00,"MyintMya",,4500.00,"",
,"Active","Inventory Part","1130 Connecting Rod Bearing",,"Non","000005 · Diesel Engine Income","54000 · Diesel","12100 · Inventory Asset",0.00,,9,"Count In Each (ce)","Count by the Count In Each",425.00,"MyintMya",,1000.00,"",
,"Active","Inventory Part","1130 Engine Packing Full Set",,"Non","000005 · Diesel Engine Income","54000 · Diesel","12100 · Inventory Asset",0.00,,8.6,"Count In Each (ce)","Count by the Count In Each",850.00,"MyintMya",,1500.00,"",
,"Active","Inventory Part","1130 Fuel Injector TH",,"Non","000005 · Diesel Engine Income","54000 · Diesel","12100 · Inventory Asset",0.00,,1,"Count In Each (ce)","Count by the Count In Each",11039.00,"MyintMya",,15000.00,"",
,"Active","Inventory Part","1130 Oil Indicator",,"Non","000005 · Diesel Engine Income","54000 · Diesel","12100 · Inventory Asset",0.00,,8,"Count In Each (ce)","Count by the Count In Each",890.00,"MyintMya",,2000.00,"",
,"Active","Inventory Part","1130 Plunger DW",,"Non","000005 · Diesel Engine Income","54000 · Diesel","12100 · Inventory Asset",0.00,,7,"Count In Each (ce)","Count by the Count In Each",1750.00,"MyintMya",,4000.00,"",
,"Active","Inventory Part","1130 Snow Mountain Piston",,"Non","000005 · Diesel Engine Income","54000 · Diesel","12100 · Inventory Asset",0.00,,3,"Count In Each (ce)","Count by the Count In Each",9575.00,"MyintMya",,13000.00,"",
,"Active","Inventory Part","1125 Silencer",,"Non","000005 · Diesel Engine Income","54000 · Diesel","12100 · Inventory Asset",0.00,,1,"Count In Each (ce)","Count by the Count In Each",4450.00,"MyintMya",,6000.00,"",
,"Active","Inventory Part","1125 Engine Head Cover",,"Non","000005 · Diesel Engine Income","54000 · Diesel","12100 · Inventory Asset",0.00,,1,"Count In Each (ce)","Count by the Count In Each",3900.00,"MyintMya",,5000.00,"",
,"Active","Inventory Part","1125 Ring PRS2",,"Non","000005 · Diesel Engine Income","54000 · Diesel","12100 · Inventory Asset",0.00,,3,"Count In Each (ce)","Count by the Count In Each",2490.00,"MyintMya",,3000.00,"",
,"Active","Inventory Part","1125 Valve Pack Box",,"Non","000005 · Diesel Engine Income","54000 · Diesel","12100 · Inventory Asset",0.00,,4,"Count In Each (ce)","Count by the Count In Each",2600.00,"MyintMya",,5000.00,"",
,"Active","Inventory Part","1125 Valve Set TH",,"Non","000005 · Diesel Engine Income","54000 · Diesel","12100 · Inventory Asset",0.00,,4,"Count In Each (ce)","Count by the Count In Each",3657.00,"MyintMya",,6000.00,"",
,"Active","Inventory Part","1125 Connecting Rod Bearing STD",,"Non","000005 · Diesel Engine Income","54000 · Diesel","12100 · Inventory Asset",0.00,,2,"Count In Each (ce)","Count by the Count In Each",400.00,"MyintMya",,600.00,"",
,"Active","Inventory Part","1125 Engine Packing Full Set",,"Non","000005 · Diesel Engine Income","54000 · Diesel","12100 · Inventory Asset",0.00,,19,"Count In Each (ce)","Count by the Count In Each",850.00,"MyintMya",,1500.00,"",
,"Active","Inventory Part","1125 Fuel Injection Pump Assy",,"Non","000005 · Diesel Engine Income","54000 · Diesel","12100 · Inventory Asset",0.00,,0,"Count In Each (ce)","Count by the Count In Each",8778.00,"MyintMya",,16000.00,"",
,"Active","Inventory Part","1125 Plunger HB",,"Non","000005 · Diesel Engine Income","54000 · Diesel","12100 · Inventory Asset",0.00,,9,"Count In Each (ce)","Count by the Count In Each",1200.00,"MyintMya",,2500.00,"",
,"Active","Inventory Part","1125 Gear Assy Set GL",,"Non","000005 · Diesel Engine Income","54000 · Diesel","12100 · Inventory Asset",0.00,,2,"Count In Each (ce)","Count by the Count In Each",19950.00,"MyintMya",,25000.00,"",
,"Active","Inventory Part","1125 Snow Mountan Piston",,"Non","000005 · Diesel Engine Income","54000 · Diesel","12100 · Inventory Asset",0.00,,10,"Count In Each (ce)","Count by the Count In Each",8180.00,"MyintMya",,10000.00,"",
,"Active","Inventory Part","1125 Oil Dipstick",,"Non","000005 · Diesel Engine Income","54000 · Diesel","12100 · Inventory Asset",0.00,,3,"Count In Each (ce)","Count by the Count In Each",330.00,"MyintMya",,1000.00,"",
,"Active","Inventory Part","1125 Cylinder Liner",,"Non","000005 · Diesel Engine Income","54000 · Diesel","12100 · Inventory Asset",0.00,,-4,"Count In Each (ce)","Count by the Count In Each",135.00,"MyintMya",,200.00,"",
,"Active","Inventory Part","1125 Cylinder TRI",,"Non","000005 · Diesel Engine Income","54000 · Diesel","12100 · Inventory Asset",0.00,,0,"Count In Each (ce)","Count by the Count In Each",12000.00,"MyintMya",,15000.00,"",
,"Active","Inventory Part","1125 Gauge Ball assy",,"Non","000005 · Diesel Engine Income","54000 · Diesel","12100 · Inventory Asset",0.00,,10,"Count In Each (ce)","Count by the Count In Each",850.00,"MyintMya",,1500.00,"",
,"Active","Inventory Part","1125 Gasket",,"Non","000005 · Diesel Engine Income","54000 · Diesel","12100 · Inventory Asset",0.00,,9,"Count In Each (ce)","Count by the Count In Each",450.00,"MyintMya",,1000.00,"",
,"Active","Inventory Part","1125 Piston Pin Bushing",,"Non","000005 · Diesel Engine Income","54000 · Diesel","12100 · Inventory Asset",0.00,,5,"Count In Each (ce)","Count by the Count In Each",950.00,"MyintMya",,1500.00,"",
,"Active","Inventory Part","1125 Piston Pin",,"Non","000005 · Diesel Engine Income","54000 · Diesel","12100 · Inventory Asset",0.00,,4,"Count In Each (ce)","Count by the Count In Each",1450.00,"MyintMya",,2000.00,"",
,"Active","Inventory Part","1125 Big Gear Cover",,"Non","000005 · Diesel Engine Income","54000 · Diesel","12100 · Inventory Asset",0.00,,1,"Count In Each (ce)","Count by the Count In Each",13500.00,"MyintMya",,15000.00,"",
,"Active","Inventory Part","1125 Crankshaft Nut",,"Non","000005 · Diesel Engine Income","54000 · Diesel","12100 · Inventory Asset",0.00,,3,"Count In Each (ce)","Count by the Count In Each",850.00,"MyintMya",,1500.00,"",
,"Active","Inventory Part","1125 Piston Kit Set TH",,"Non","000005 · Diesel Engine Income","54000 · Diesel","12100 · Inventory Asset",0.00,,1,"Count In Each (ce)","Count by the Count In Each",24738.00,"MyintMya",,33000.00,"",
,"Active","Inventory Part","1125 Camshaft Rod",,"Non","000005 · Diesel Engine Income","54000 · Diesel","12100 · Inventory Asset",0.00,,2,"Count In Each (ce)","Count by the Count In Each",5200.00,"MyintMya",,7000.00,"",
,"Active","Inventory Part","25JD Fuel Pipe",,"Non","000005 · Diesel Engine Income","54000 · Diesel","12100 · Inventory Asset",0.00,,4,"Count In Each (ce)","Count by the Count In Each",1227.00,"MyintMya",,2000.00,"",
,"Active","Inventory Part","25JD Yellow Connecting Rod",,"Non","000005 · Diesel Engine Income","54000 · Diesel","12100 · Inventory Asset",0.00,,2,"Count In Each (ce)","Count by the Count In Each",7900.00,"MyintMya",,9000.00,"",
,"Active","Inventory Part","25JD Balancing Weight",,"Non","000005 · Diesel Engine Income","54000 · Diesel","12100 · Inventory Asset",0.00,,1.5,"pair (pr)","Count by the pair",11000.00,"MyintMya",,13000.00,"",
,"Active","Inventory Part","25JD Exhaust Pipe",,"Non","000005 · Diesel Engine Income","54000 · Diesel","12100 · Inventory Asset",0.00,,1,"Count In Each (ce)","Count by the Count In Each",2915.00,"MyintMya",,3500.00,"",
,"Active","Inventory Part","25JD Silencer",,"Non","000005 · Diesel Engine Income","54000 · Diesel","12100 · Inventory Asset",0.00,,0,"Count In Each (ce)","Count by the Count In Each",4750.00,"MyintMya",,6000.00,"",
,"Active","Inventory Part","25JD Exhaust Packing",,"Non","000005 · Diesel Engine Income","54000 · Diesel","12100 · Inventory Asset",0.00,,29,"Count In Each (ce)","Count by the Count In Each",54.16,"MyintMya",,100.00,"",
,"Active","Inventory Part","25JD Rocker Arm Set Assy",,"Non","000005 · Diesel Engine Income","54000 · Diesel","12100 · Inventory Asset",0.00,,1,"Count In Each (ce)","Count by the Count In Each",2650.00,"MyintMya",,3000.00,"",
,"Active","Inventory Part","25JD Lubricant Oil Pipe",,"Non","000005 · Diesel Engine Income","54000 · Diesel","12100 · Inventory Asset",0.00,,7,"Count In Each (ce)","Count by the Count In Each",350.00,"MyintMya",,500.00,"",
,"Active","Inventory Part","25JD Intake Pipe",,"Non","000005 · Diesel Engine Income","54000 · Diesel","12100 · Inventory Asset",0.00,,2,"Count In Each (ce)","Count by the Count In Each",3890.00,"MyintMya",,4200.00,"",
,"Active","Inventory Part","25JD Engine Head Bolt",,"Non","000005 · Diesel Engine Income","54000 · Diesel","12100 · Inventory Asset",0.00,,0.5,"Count In Each (ce)","Count by the Count In Each",2600.00,"MyintMya",,6000.00,"",
,"Active","Inventory Part","25JD Starting Handle Long",,"Non","000005 · Diesel Engine Income","54000 · Diesel","12100 · Inventory Asset",0.00,,5,"Count In Each (ce)","Count by the Count In Each",1550.00,"MyintMya",,2500.00,"",
,"Active","Inventory Part","25JD Starting Handle Gear Shaft",,"Non","000005 · Diesel Engine Income","54000 · Diesel","12100 · Inventory Asset",0.00,,4,"Count In Each (ce)","Count by the Count In Each",1550.00,"MyintMya",,2000.00,"",
,"Active","Inventory Part","25JD Intake Valve",,"Non","000005 · Diesel Engine Income","54000 · Diesel","12100 · Inventory Asset",0.00,,10,"Count In Each (ce)","Count by the Count In Each",250.00,"MyintMya",,400.00,"",
,"Active","Inventory Part","25JD 4 Rings PRS2",,"Non","000005 · Diesel Engine Income","54000 · Diesel","12100 · Inventory Asset",0.00,,8,"Count In Each (ce)","Count by the Count In Each",2350.00,"MyintMya",,2800.00,"",
,"Not-active","Inventory Part","25JD 3 Rings PRS2",,"Non","000005 · Diesel Engine Income","54000 · Diesel","12100 · Inventory Asset",0.00,,9,"Count In Each (ce)","Count by the Count In Each",2185.00,"MyintMya",,3000.00,"",
,"Active","Inventory Part","25JD Main Bearing Housing",,"Non","000005 · Diesel Engine Income","54000 · Diesel","12100 · Inventory Asset",0.00,,2,"Count In Each (ce)","Count by the Count In Each",9200.00,"MyintMya",,10000.00,"",
,"Active","Inventory Part","25JD 2 Ring Fuel Pipe",,"Non","000005 · Diesel Engine Income","54000 · Diesel","12100 · Inventory Asset",0.00,,8,"Count In Each (ce)","Count by the Count In Each",650.00,"MyintMya",,1000.00,"",
,"Active","Inventory Part","25JD Valve Spring Nikle",,"Non","000005 · Diesel Engine Income","54000 · Diesel","12100 · Inventory Asset",0.00,,4,"Count In Each (ce)","Count by the Count In Each",480.00,"MyintMya",,1000.00,"",
,"Active","Inventory Part","25JD Valve Guide",,"Non","000005 · Diesel Engine Income","54000 · Diesel","12100 · Inventory Asset",0.00,,10,"Count In Each (ce)","Count by the Count In Each",355.00,"MyintMya",,500.00,"",
,"Not-active","Inventory Part","25JD Valve Seat",,"Non","000005 · Diesel Engine Income","54000 · Diesel","12100 · Inventory Asset",0.00,,9,"pair (pr)","Count by the pair",385.00,"MyintMya",,600.00,1,
,"Active","Inventory Part","25JD Valve Set Pack",,"Non","000005 · Diesel Engine Income","54000 · Diesel","12100 · Inventory Asset",0.00,,5,"Count In Each (ce)","Count by the Count In Each",2050.00,"MyintMya",,2500.00,"",
,"Active","Inventory Part","25JD Push Rod",,"Non","000005 · Diesel Engine Income","54000 · Diesel","12100 · Inventory Asset",0.00,,0,,,0.00,"MyintMya",,1200.00,"",
,"Active","Inventory Part","25JD Engine Packing Full Set",,"Non","000005 · Diesel Engine Income","54000 · Diesel","12100 · Inventory Asset",0.00,,6.8,"Count In Each (ce)","Count by the Count In Each",750.00,"MyintMya",,1000.00,"",
,"Active","Inventory Part","25JD Fuel Injection Pump TH",,"Non","000005 · Diesel Engine Income","54000 · Diesel","12100 · Inventory Asset",0.00,,0,"Count In Each (ce)","Count by the Count In Each",8778.00,"MyintMya",,15000.00,"",
,"Active","Inventory Part","25JD Plunger HB",,"Non","000005 · Diesel Engine Income","54000 · Diesel","12100 · Inventory Asset",0.00,,0,"Count In Each (ce)","Count by the Count In Each",1200.00,"MyintMya",,2500.00,"",
,"Active","Inventory Part","25JD Gear Set GL",,"Non","000005 · Diesel Engine Income","54000 · Diesel","12100 · Inventory Asset",0.00,,0,"Count In Each (ce)","Count by the Count In Each",16250.00,"MyintMya",,17500.00,"",
,"Active","Inventory Part","25JD Snow Mountain Piston",,"Non","000005 · Diesel Engine Income","54000 · Diesel","12100 · Inventory Asset",0.00,,0,,,6575.00,"MyintMya",,8500.00,"",
,"Active","Inventory Part","25JD Rabbit 4 Ring Piston",,"Non","000005 · Diesel Engine Income","54000 · Diesel","12100 · Inventory Asset",0.00,,-1,"Count In Each (ce)","Count by the Count In Each",7500.00,"MyintMya",,9000.00,"",
,"Active","Inventory Part","25JD Delivery Valve Y",,"Non","000005 · Diesel Engine Income","54000 · Diesel","12100 · Inventory Asset",0.00,,9,"Count In Each (ce)","Count by the Count In Each",650.00,"MyintMya",,800.00,"",
,"Active","Inventory Part","25JD Double 4Ring PRS 2",,"Non","000005 · Diesel Engine Income","54000 · Diesel","12100 · Inventory Asset",0.00,,5,"Count In Each (ce)","Count by the Count In Each",2470.00,"MyintMya",,3000.00,"",
,"Active","Inventory Part","25JD Double3 Ring  PRS 2",,"Non","000005 · Diesel Engine Income","54000 · Diesel","12100 · Inventory Asset",0.00,,5,"Count In Each (ce)","Count by the Count In Each",2200.00,"MyintMya",,2600.00,"",
,"Active","Inventory Part","25JD Lubricant Indicator",,"Non","000005 · Diesel Engine Income","54000 · Diesel","12100 · Inventory Asset",0.00,,19,"Count In Each (ce)","Count by the Count In Each",130.00,"MyintMya",,200.00,"",
,"Active","Inventory Part","25JD Tappet Nut",,"Non","000005 · Diesel Engine Income","54000 · Diesel","12100 · Inventory Asset",0.00,,0,,,220.00,"MyintMya",,400.00,"",
,"Active","Inventory Part","25JD Fuel Tank Cover","..","Non","000005 · Diesel Engine Income","54000 · Diesel","12100 · Inventory Asset",0.00,,4,"Count In Each (ce)","Count by the Count In Each",395.00,"MyintMya",,500.00,"",
,"Not-active","Inventory Part","25JD Oil Tank Filter",,"Non","000005 · Diesel Engine Income","54000 · Diesel","12100 · Inventory Asset",0.00,,9,"Count In Each (ce)","Count by the Count In Each",350.00,"MyintMya",,500.00,1,
,"Active","Inventory Part","25JD Cylinder Liner",,"Non","000005 · Diesel Engine Income","54000 · Diesel","12100 · Inventory Asset",0.00,,40,"Count In Each (ce)","Count by the Count In Each",110.00,"MyintMya",,200.00,"",
,"Active","Inventory Part","25JD Gauge Ball",,"Non","000005 · Diesel Engine Income","54000 · Diesel","12100 · Inventory Asset",0.00,,5,"Count In Each (ce)","Count by the Count In Each",850.00,"MyintMya",,1000.00,"",
,"Active","Inventory Part","25JD Governor Shaft Steel",,"Non","000005 · Diesel Engine Income","54000 · Diesel","12100 · Inventory Asset",0.00,,3,"Count In Each (ce)","Count by the Count In Each",1400.00,"MyintMya",,1800.00,"",
,"Active","Inventory Part","25JD Governor Fork Metal",,"Non","000005 · Diesel Engine Income","54000 · Diesel","12100 · Inventory Asset",0.00,,4,"Count In Each (ce)","Count by the Count In Each",1650.00,"MyintMya",,2000.00,"",
,"Active","Inventory Part","25JD Gasket",,"Non","000005 · Diesel Engine Income","54000 · Diesel","12100 · Inventory Asset",0.00,,18,"Count In Each (ce)","Count by the Count In Each",370.00,"MyintMya",,500.00,"",
,"Active","Inventory Part","25JD Piston Pin",,"Non","000005 · Diesel Engine Income","54000 · Diesel","12100 · Inventory Asset",0.00,,0,"Count In Each (ce)","Count by the Count In Each",1380.00,"MyintMya",,1600.00,"",
,"Active","Inventory Part","25JD Gear Cover",,"Non","000005 · Diesel Engine Income","54000 · Diesel","12100 · Inventory Asset",0.00,,2,"Count In Each (ce)","Count by the Count In Each",11200.00,"MyintMya",,12000.00,"",
,"Active","Inventory Part","25JD Oil Sump Gold",,"Non","000005 · Diesel Engine Income","54000 · Diesel","12100 · Inventory Asset",0.00,,4,"Count In Each (ce)","Count by the Count In Each",1850.00,"MyintMya",,2500.00,"",
,"Active","Inventory Part","25JD Camshaft",,"Non","000005 · Diesel Engine Income","54000 · Diesel","12100 · Inventory Asset",0.00,,1,"Count In Each (ce)","Count by the Count In Each",5200.00,"MyintMya",,6500.00,"",
,"Active","Inventory Part","25 Water Tank",,"Non","000005 · Diesel Engine Income","54000 · Diesel","12100 · Inventory Asset",0.00,,0,"Count In Each (ce)","Count by the Count In Each",28900.00,"MyintMya",,31000.00,"",
,"Active","Inventory Part","25 Lubricant Oil Filter",,"Non","000005 · Diesel Engine Income","54000 · Diesel","12100 · Inventory Asset",0.00,,6,"Count In Each (ce)","Count by the Count In Each",330.00,"MyintMya",,500.00,"",
,"Active","Inventory Part","25 Engine Head Nut 16/18",,"Non","000005 · Diesel Engine Income","54000 · Diesel","12100 · Inventory Asset",0.00,,4,"Count In Each (ce)","Count by the Count In Each",100.00,"MyintMya",,500.00,"",
,"Active","Inventory Part","25CC Valve Tappet",,"Non","000005 · Diesel Engine Income","54000 · Diesel","12100 · Inventory Asset",0.00,,12,"Count In Each (ce)","Count by the Count In Each",1500.00,"MyintMya",,2000.00,"",
,"Active","Inventory Part","25CC Bird Nozzel Assy",,"Non","000005 · Diesel Engine Income","54000 · Diesel","12100 · Inventory Asset",0.00,,3,"Count In Each (ce)","Count by the Count In Each",5200.00,"MyintMya",,8000.00,"",
,"Active","Inventory Part","25CC Nozzel Bush",,"Non","000005 · Diesel Engine Income","54000 · Diesel","12100 · Inventory Asset",0.00,,10,"Count In Each (ce)","Count by the Count In Each",1350.00,"MyintMya",,2000.00,"",
,"Active","Inventory Part","25CC Nozzel Plunger Set TH",,"Non","000005 · Diesel Engine Income","54000 · Diesel","12100 · Inventory Asset",0.00,,10,"Count In Each (ce)","Count by the Count In Each",5852.00,"MyintMya",,8000.00,"",
,"Active","Inventory Part","25CC Nozzel Bolt","..","Non","000005 · Diesel Engine Income","54000 · Diesel","12100 · Inventory Asset",0.00,,13.25,"Count In Each (ce)","Count by the Count In Each",1100.00,"MyintMya",,2000.00,"",
,"Active","Inventory Part","25CC Rocker Arms Bolt",,"Non","000005 · Diesel Engine Income","54000 · Diesel","12100 · Inventory Asset",0.00,,16,"Count In Each (ce)","Count by the Count In Each",200.00,"MyintMya",,400.00,"",
,"Active","Inventory Part","25CC Ring PRS 2",,"Non","000005 · Diesel Engine Income","54000 · Diesel","12100 · Inventory Asset",0.00,,4,"Count In Each (ce)","Count by the Count In Each",2185.00,"MyintMya",,2500.00,"",
,"Active","Inventory Part","25CC High Pressure Pipe",,"Non","000005 · Diesel Engine Income","54000 · Diesel","12100 · Inventory Asset",0.00,,7,"Count In Each (ce)","Count by the Count In Each",265.00,"MyintMya",,500.00,"",
,"Active","Inventory Part","25CC Plunger Assy Head",,"Non","000005 · Diesel Engine Income","54000 · Diesel","12100 · Inventory Asset",0.00,,1,"Count In Each (ce)","Count by the Count In Each",280.00,"MyintMya",,500.00,"",
,"Active","Inventory Part","25CC Snow Mountain 4 Ring Pisto",,"Non","000005 · Diesel Engine Income","54000 · Diesel","12100 · Inventory Asset",0.00,,3,"Count In Each (ce)","Count by the Count In Each",6250.00,"MyintMya",,7000.00,"",
,"Active","Inventory Part","25CC Snow Mountain 3 Ring Pisto",,"Non","000005 · Diesel Engine Income","54000 · Diesel","12100 · Inventory Asset",0.00,,3,"Count In Each (ce)","Count by the Count In Each",6370.00,"MyintMya",,7000.00,"",
,"Active","Inventory Part","25CC D Valve Washer",,"Non","000005 · Diesel Engine Income","54000 · Diesel","12100 · Inventory Asset",0.00,,47,"Count In Each (ce)","Count by the Count In Each",45.00,"MyintMya",,100.00,"",
,"Not-active","Inventory Part","25CC Delivery Valve HB","..","Non","000005 · Diesel Engine Income","54000 · Diesel","12100 · Inventory Asset",0.00,"..",9,"Count In Each (ce)","Count by the Count In Each",550.00,"MyintMya",,700.00,1,
,"Active","Inventory Part","25CC Tappet Nut",,"Non","000005 · Diesel Engine Income","54000 · Diesel","12100 · Inventory Asset",0.00,,1,"Count In Each (ce)","Count by the Count In Each",130.00,"MyintMya",,250.00,"",
,"Active","Inventory Part","25CC Oil Filter Element",,"Non","000005 · Diesel Engine Income","54000 · Diesel","12100 · Inventory Asset",0.00,,10,"Count In Each (ce)","Count by the Count In Each",180.00,"MyintMya",,300.00,"",
,"Active","Inventory Part","25CC Gasket","..","Non","000005 · Diesel Engine Income","54000 · Diesel","12100 · Inventory Asset",0.00,"..",4,"Count In Each (ce)","Count by the Count In Each",370.00,"MyintMya",,500.00,"",
,"Active","Inventory Part","25CC Crank Nut",,"Non","000005 · Diesel Engine Income","54000 · Diesel","12100 · Inventory Asset",0.00,,7,"Count In Each (ce)","Count by the Count In Each",700.00,"MyintMya",,1000.00,1,
,"Active","Inventory Part","25CC Crankshaft Oil Shutter",,"Non","000005 · Diesel Engine Income","54000 · Diesel","12100 · Inventory Asset",0.00,,6,"Count In Each (ce)","Count by the Count In Each",125.00,"MyintMya",,300.00,"",
,"Active","Inventory Part","25CC Camshaft",,"Non","000005 · Diesel Engine Income","54000 · Diesel","12100 · Inventory Asset",0.00,,0,"Count In Each (ce)","Count by the Count In Each",3700.00,"MyintMya",,5000.00,"",
,"Active","Inventory Part","22 Water tank",,"Non","000005 · Diesel Engine Income","54000 · Diesel","12100 · Inventory Asset",0.00,,0,"Count In Each (ce)","Count by the Count In Each",29400,"MyintMya",,33000.00,"",
,"Active","Inventory Part","22 Nozzel HB",,"Non","000005 · Diesel Engine Income","54000 · Diesel","12100 · Inventory Asset",0.00,,3,"Count In Each (ce)","Count by the Count In Each",1500.00,"MyintMya",,2500.00,"",
,"Active","Inventory Part","22 Connecting Rod Yellow Box",,"Non","000005 · Diesel Engine Income","54000 · Diesel","12100 · Inventory Asset",0.00,,1,"Count In Each (ce)","Count by the Count In Each",7350.00,"MyintMya",,8500.00,"",
,"Active","Inventory Part","22 Connecting Rod",,"Non","000005 · Diesel Engine Income","54000 · Diesel","12100 · Inventory Asset",0.00,,0,"Count In Each (ce)","Count by the Count In Each",10241.00,"MyintMya",,13000.00,"",
,"Active","Inventory Part","22 Balancing Weight Gear","..","Non","000005 · Diesel Engine Income","54000 · Diesel","12100 · Inventory Asset",0.00,,4,"Count In Each (ce)","Count by the Count In Each",1350.00,"MyintMya",,2000.00,"",
,"Active","Inventory Part","22 Balancing Weight Key",,"Non","000005 · Diesel Engine Income","54000 · Diesel","12100 · Inventory Asset",0.00,,8,"Count In Each (ce)","Count by the Count In Each",25.00,"MyintMya",,50.00,"",
,"Active","Inventory Part","22 Balancing Weight",,"Non","000005 · Diesel Engine Income","54000 · Diesel","12100 · Inventory Asset",0.00,,1.5,"pair (pr)","Count by the pair",11000.00,"MyintMya",,13000.00,"",
,"Active","Inventory Part","22 Exhaust Pipe",,"Non","000005 · Diesel Engine Income","54000 · Diesel","12100 · Inventory Asset",0.00,,0,"Count In Each (ce)","Count by the Count In Each",2915.00,"MyintMya",,3500.00,"",
,"Active","Inventory Part","22 Silencer",,"Non","000005 · Diesel Engine Income","54000 · Diesel","12100 · Inventory Asset",0.00,,0,"Count In Each (ce)","Count by the Count In Each",4260.00,"MyintMya",,5000.00,"",
,"Active","Inventory Part","22 Exhaust Gasket",,"Non","000005 · Diesel Engine Income","54000 · Diesel","12100 · Inventory Asset",0.00,,21,"Count In Each (ce)","Count by the Count In Each",110.00,"MyintMya",,200.00,"",
,"Active","Inventory Part","22 Exhaust Jam Nut",,"Non","000005 · Diesel Engine Income","54000 · Diesel","12100 · Inventory Asset",0.00,,4,"Count In Each (ce)","Count by the Count In Each",450.00,"MyintMya",,600.00,"",
,"Active","Inventory Part","22 Rocker Arm Shaft",,"Non","000005 · Diesel Engine Income","54000 · Diesel","12100 · Inventory Asset",0.00,,8,"Count In Each (ce)","Count by the Count In Each",325.00,"MyintMya",,500.00,"",
,"Active","Inventory Part","22 Engine Head Cover",,"Non","000005 · Diesel Engine Income","54000 · Diesel","12100 · Inventory Asset",0.00,,2,"Count In Each (ce)","Count by the Count In Each",3300.00,"MyintMya",,4000.00,"",
,"Active","Inventory Part","22 Rocker Arm Bolt",,"Non","000005 · Diesel Engine Income","54000 · Diesel","12100 · Inventory Asset",0.00,,3,"Count In Each (ce)","Count by the Count In Each",200.00,"MyintMya",,300.00,"",
,"Active","Inventory Part","22 Rocker Arm Set Assy",,"Non","000005 · Diesel Engine Income","54000 · Diesel","12100 · Inventory Asset",0.00,,8,"Count In Each (ce)","Count by the Count In Each",3358,"MyintMya",,4000.00,"",
,"Active","Inventory Part","22 Rocker Arm set",,"Non","000005 · Diesel Engine Income","54000 · Diesel","12100 · Inventory Asset",0.00,,7,"Count In Each (ce)","Count by the Count In Each",1250.00,"MyintMya",,1500.00,"",
,"Active","Inventory Part","22 Lubricant Oil Pipe",,"Non","000005 · Diesel Engine Income","54000 · Diesel","12100 · Inventory Asset",0.00,,12,"Count In Each (ce)","Count by the Count In Each",398.00,"MyintMya",,500.00,"",
,"Active","Inventory Part","22 Intake Pipe",,"Non","000005 · Diesel Engine Income","54000 · Diesel","12100 · Inventory Asset",0.00,,4,"Count In Each (ce)","Count by the Count In Each",3672.00,"MyintMya",,4500.00,"",
,"Active","Inventory Part","22 Air Filter Assy",,"Non","000005 · Diesel Engine Income","54000 · Diesel","12100 · Inventory Asset",0.00,,0,"Count In Each (ce)","Count by the Count In Each",3950.00,"MyintMya",,5000.00,"",
,"Active","Inventory Part","22 Air Filter Element",,"Non","000005 · Diesel Engine Income","54000 · Diesel","12100 · Inventory Asset",0.00,,1,"Count In Each (ce)","Count by the Count In Each",1600.00,"MyintMya",,2000.00,"",
,"Active","Inventory Part","22 Engine Head Bolt",,"Non","000005 · Diesel Engine Income","54000 · Diesel","12100 · Inventory Asset",0.00,,-0.58334,"Count In Each (ce)","Count by the Count In Each",3800.00,"MyintMya",,6000.00,"",
,"Active","Inventory Part","22 Starting Gear Shaft Bushing",,"Non","000005 · Diesel Engine Income","54000 · Diesel","12100 · Inventory Asset",0.00,,21,"Count In Each (ce)","Count by the Count In Each",292.00,"MyintMya",,700.00,"",
,"Active","Inventory Part","Rivets 4.6",,"Non","000003 · Bolt and Nut Income","54520 · Bolt and Nut","12100 · Inventory Asset",0.00,,3591,"Count In Each (ce)","Count by the Count In Each",3.7,"Roberts & Bros",,10.00,10,
,"Active","Inventory Part","Rivets 4.5",,"Non","000003 · Bolt and Nut Income","54520 · Bolt and Nut","12100 · Inventory Asset",0.00,,754,"Count In Each (ce)","Count by the Count In Each",3.40,"Roberts & Bros",,10.00,10,
,"Active","Inventory Part","Rivets 4.4",,"Non","000003 · Bolt and Nut Income","54520 · Bolt and Nut","12100 · Inventory Asset",0.00,,6022.33333,"Count In Each (ce)","Count by the Count In Each",12.50,"Roberts & Bros",,25.00,10,
,"Active","Inventory Part","Rivets 4.3",,"Non","000003 · Bolt and Nut Income","54520 · Bolt and Nut","12100 · Inventory Asset",0.00,,1967,"Count In Each (ce)","Count by the Count In Each",3.10,"Roberts & Bros",,10.00,10,
,"Active","Inventory Part","5/8 x 7",,"Non","000003 · Bolt and Nut Income","54520 · Bolt and Nut","12100 · Inventory Asset",0.00,,24,"Count In Each (ce)","Count by the Count In Each",358.3334,"Roberts & Bros",,700.00,1,
,"Active","Inventory Part","5/8 x 6",,"Non","000003 · Bolt and Nut Income","54520 · Bolt and Nut","12100 · Inventory Asset",0.00,,12,"Count In Each (ce)","Count by the Count In Each",312.5,"Roberts & Bros",,600.00,1,
,"Active","Inventory Part","5/8 x 5",,"Non","000003 · Bolt and Nut Income","54520 · Bolt and Nut","12100 · Inventory Asset",0.00,,175,"Count In Each (ce)","Count by the Count In Each",266.6667,"Roberts & Bros",,550.00,1,
,"Active","Inventory Part","1/2 x 7",,"Non","000003 · Bolt and Nut Income","54520 · Bolt and Nut","12100 · Inventory Asset",0.00,,170,"Count In Each (ce)","Count by the Count In Each",208.334,"Roberts & Bros",,600.00,1,
,"Active","Inventory Part","1/2 x 6",,"Non","000003 · Bolt and Nut Income","54520 · Bolt and Nut","12100 · Inventory Asset",0.00,,232,"Count In Each (ce)","Count by the Count In Each",330.55556,"Roberts & Bros",,600.00,1,
,"Active","Inventory Part","1/2 x 5",,"Non","000003 · Bolt and Nut Income","54520 · Bolt and Nut","12100 · Inventory Asset",0.00,,29,"Count In Each (ce)","Count by the Count In Each",162.5,"Roberts & Bros",,500.00,1,
,"Active","Inventory Part","3/8 x 7",,"Non","000003 · Bolt and Nut Income","54520 · Bolt and Nut","12100 · Inventory Asset",0.00,,22,"Count In Each (ce)","Count by the Count In Each",114.58334,"Roberts & Bros",,400.00,1,
,"Active","Inventory Part","3/8 x 6",,"Non","000003 · Bolt and Nut Income","54520 · Bolt and Nut","12100 · Inventory Asset",0.00,,220,"Count In Each (ce)","Count by the Count In Each",142.36111,"Roberts & Bros",,350.00,1,
,"Active","Inventory Part","3/8 x 5",,"Non","000003 · Bolt and Nut Income","54520 · Bolt and Nut","12100 · Inventory Asset",0.00,,73,"Count In Each (ce)","Count by the Count In Each",108.33333,"Roberts & Bros",,300.00,1,
,"Active","Inventory Part","22 Starting Handle",,"Non","000005 · Diesel Engine Income","54000 · Diesel","12100 · Inventory Asset",0.00,,1,"Count In Each (ce)","Count by the Count In Each",1350.00,"MyintMya",,2000.00,"",
,"Active","Inventory Part","22 High Pressure Pipe",,"Non","000005 · Diesel Engine Income","54000 · Diesel","12100 · Inventory Asset",0.00,,-1,"Count In Each (ce)","Count by the Count In Each",525.00,"MyintMya",,1500.00,"",
,"Active","Inventory Part","22 Cylinder Block",,"Non","000005 · Diesel Engine Income","54000 · Diesel","12100 · Inventory Asset",0.00,,1,"Count In Each (ce)","Count by the Count In Each",59800.00,"MyintMya",,70000.00,"",
,"Active","Inventory Part","22 Decompression Assy",,"Non","000005 · Diesel Engine Income","54000 · Diesel","12100 · Inventory Asset",0.00,,4,"Count In Each (ce)","Count by the Count In Each",450.00,"MyintMya",,1000.00,"",
,"Active","Inventory Part","22 Valve Spring",,"Non","000005 · Diesel Engine Income","54000 · Diesel","12100 · Inventory Asset",0.00,,1,"Count In Each (ce)","Count by the Count In Each",425.00,"MyintMya",,600.00,"",
,"Active","Inventory Part","22 Valve Cap",,"Non","000005 · Diesel Engine Income","54000 · Diesel","12100 · Inventory Asset",0.00,,6,"Count In Each (ce)","Count by the Count In Each",250.00,"MyintMya",,400.00,"",
,"Active","Inventory Part","22 Valve Correct",,"Non","000005 · Diesel Engine Income","54000 · Diesel","12100 · Inventory Asset",0.00,,26,"Count In Each (ce)","Count by the Count In Each",80.00,"MyintMya",,100.00,"",
,"Active","Inventory Part","22 Valve Seat",,"Non","000005 · Diesel Engine Income","54000 · Diesel","12100 · Inventory Asset",0.00,,2.5,"Count In Each (ce)","Count by the Count In Each",285.00,"MyintMya",,400.00,"",
,"Active","Inventory Part","22 Short Bush",,"Non","000005 · Diesel Engine Income","54000 · Diesel","12100 · Inventory Asset",0.00,,18,"Count In Each (ce)","Count by the Count In Each",130.00,"MyintMya",,200.00,"",
,"Active","Inventory Part","22 Push Rod NI",,"Non","000005 · Diesel Engine Income","54000 · Diesel","12100 · Inventory Asset",0.00,,3,,,750.00,"MyintMya",,1000.00,"",
,"Active","Inventory Part","22 Plunger Bolt Nut",,"Non","000005 · Diesel Engine Income","54000 · Diesel","12100 · Inventory Asset",0.00,,10,"Count In Each (ce)","Count by the Count In Each",90.00,"MyintMya",,200.00,"",
,"Active","Inventory Part","22 Piston Snow Mountain",,"Non","000005 · Diesel Engine Income","54000 · Diesel","12100 · Inventory Asset",0.00,,-2,,,7550.00,"MyintMya",,8500.00,"",
,"Active","Inventory Part","22 Fuel Filter",,"Non","000005 · Diesel Engine Income","54000 · Diesel","12100 · Inventory Asset",0.00,,4,"Count In Each (ce)","Count by the Count In Each",2927.00,"MyintMya",,3500.00,"",
,"Active","Inventory Part","22 Piston 4Ring PRS2",,"Non","000005 · Diesel Engine Income","54000 · Diesel","12100 · Inventory Asset",0.00,,3,"Count In Each (ce)","Count by the Count In Each",2206.00,"MyintMya",,2500.00,"",
,"Active","Inventory Part","22 Oil Indicator",,"Non","000005 · Diesel Engine Income","54000 · Diesel","12100 · Inventory Asset",0.00,,2,"Count In Each (ce)","Count by the Count In Each",436.00,"MyintMya",,500.00,"",
,"Active","Inventory Part","22 Cylinder Liner",,"Non","000005 · Diesel Engine Income","54000 · Diesel","12100 · Inventory Asset",0.00,,34,"Count In Each (ce)","Count by the Count In Each",110.00,"MyintMya",,200.00,"",
,"Active","Inventory Part","22 Cylinder TRI",,"Non","000005 · Diesel Engine Income","54000 · Diesel","12100 · Inventory Asset",0.00,,2,"Count In Each (ce)","Count by the Count In Each",8500.00,"MyintMya",,9500.00,"",
,"Not-active","Inventory Part","22 Governor Gear",,"Non","000005 · Diesel Engine Income","54000 · Diesel","12100 · Inventory Asset",0.00,,9,"Count In Each (ce)","Count by the Count In Each",3950.00,"MyintMya",,5000.00,1,
,"Active","Inventory Part","22 Connecting Rod Bushing",,"Non","000005 · Diesel Engine Income","54000 · Diesel","12100 · Inventory Asset",0.00,,5,"Count In Each (ce)","Count by the Count In Each",1100.00,"MyintMya",,1500.00,"",
,"Active","Inventory Part","22 Piston Pin clip",,"Non","000005 · Diesel Engine Income","54000 · Diesel","12100 · Inventory Asset",0.00,,15,"Count In Each (ce)","Count by the Count In Each",35.00,"MyintMya",,50.00,"",
,"Active","Inventory Part","22 Piston Pin",,"Non","000005 · Diesel Engine Income","54000 · Diesel","12100 · Inventory Asset",0.00,,6,"Count In Each (ce)","Count by the Count In Each",1650.00,"MyintMya",,2000.00,"",
,"Active","Inventory Part","22 Filter Sakar",,"Non","000005 · Diesel Engine Income","54000 · Diesel","12100 · Inventory Asset",0.00,,2,"Count In Each (ce)","Count by the Count In Each",90.00,"MyintMya",,150.00,"",
,"Active","Inventory Part","22 Diesel Filter",,"Non","000005 · Diesel Engine Income","54000 · Diesel","12100 · Inventory Asset",0.00,,19,"Count In Each (ce)","Count by the Count In Each",650.00,"MyintMya",,1000.00,"",
,"Active","Inventory Part","22 Big Cover",,"Non","000005 · Diesel Engine Income","54000 · Diesel","12100 · Inventory Asset",0.00,,2,"Count In Each (ce)","Count by the Count In Each",11200.00,"MyintMya",,13500.00,"",
,"Active","Inventory Part","22 Crank Gear",,"Non","000005 · Diesel Engine Income","54000 · Diesel","12100 · Inventory Asset",0.00,,13,"Count In Each (ce)","Count by the Count In Each",1250.00,"MyintMya",,2000.00,"",
,"Active","Inventory Part","22 Oil Sump",,"Non","000005 · Diesel Engine Income","54000 · Diesel","12100 · Inventory Asset",0.00,,4,"Count In Each (ce)","Count by the Count In Each",2650.00,"MyintMya",,3500.00,"",
,"Active","Inventory Part","22 Camshaft Bushing",,"Non","000005 · Diesel Engine Income","54000 · Diesel","12100 · Inventory Asset",0.00,,5,"Count In Each (ce)","Count by the Count In Each",450.00,"MyintMya",,1000.00,"",
,"Active","Inventory Part","22 Camshaft key",,"Non","000005 · Diesel Engine Income","54000 · Diesel","12100 · Inventory Asset",0.00,,27,"Count In Each (ce)","Count by the Count In Each",35.00,"MyintMya",,50.00,"",
,"Active","Inventory Part","22 Camshaft Gear",,"Non","000005 · Diesel Engine Income","54000 · Diesel","12100 · Inventory Asset",0.00,,2,"pair (pr)","Count by the pair",2850.00,"MyintMya",,3500.00,"",
,"Active","Inventory Part","22 CamShaft",,"Non","000005 · Diesel Engine Income","54000 · Diesel","12100 · Inventory Asset",0.00,,0,"Count In Each (ce)","Count by the Count In Each",3700.00,"MyintMya",,5000.00,"",
,"Active","Inventory Part","22 D Valve High Y",,"Non","000005 · Diesel Engine Income","54000 · Diesel","12100 · Inventory Asset",0.00,,3,"Count In Each (ce)","Count by the Count In Each",650.00,"MyintMya",,800.00,"",
,"Active","Inventory Part","22 D Valve Low HB",,"Non","000005 · Diesel Engine Income","54000 · Diesel","12100 · Inventory Asset",0.00,,4,"Count In Each (ce)","Count by the Count In Each",550.00,"MyintMya",,700.00,"",
,"Active","Inventory Part","Box Spaner 13",,"Non","00001 · Hardware and tool Income","54300 · Hardware and tool","12100 · Inventory Asset",0.00,,28,"Count In Each (ce)","Count by the Count In Each",2200.00,"Raja",,4000.00,1,
,"Active","Inventory Part","Abarasive Paper 150",,"Non","00001 · Hardware and tool Income","54300 · Hardware and tool","12100 · Inventory Asset",0.00,,70,"Count In Each (ce)","Count by the Count In Each",427.50,"Super",,700.00,1,
,"Active","Inventory Part","Copper Gauge 2",,"Non","000005 · Diesel Engine Income","54000 · Diesel","12100 · Inventory Asset",0.00,,4,"Count In Each (ce)","Count by the Count In Each",100.00,"Super",,200.00,1,
,"Active","Inventory Part","Abarasive Paper 240",,"Non","00001 · Hardware and tool Income","54300 · Hardware and tool","12100 · Inventory Asset",0.00,,0,"Count In Each (ce)","Count by the Count In Each",1470.00,"Super",,2099.99996,1,
,"Active","Inventory Part","Unicorn  Dexron 4l",,"Non","000008 · Lubricant and Oil Income","Lubricant and Oil","12100 · Inventory Asset",0.00,,4,"Count In Each (ce)","Count by the Count In Each",17500.00,"Htoo 3",,19000.00,1,
,"Active","Inventory Part","Stallion Coolant Red 1L",,"Non","000008 · Lubricant and Oil Income","Lubricant and Oil","12100 · Inventory Asset",0.00,,20,"Count In Each (ce)","Count by the Count In Each",5000.00,"Htoo 3",,6000.00,1,
,"Active","Inventory Part","Stallion Coolant Green 1L",,"Non","000008 · Lubricant and Oil Income","Lubricant and Oil","12100 · Inventory Asset",0.00,,-2,"Count In Each (ce)","Count by the Count In Each",5000.00,"Htoo 3",,6000.00,1,
,"Active","Inventory Part","Ptt Engine Oil 15W40 6+1 L",,"Non","000008 · Lubricant and Oil Income","Lubricant and Oil","12100 · Inventory Asset",0.00,,0,"Count In Each (ce)","Count by the Count In Each",61000.00,"Htoo 3",,70000.00,1,
,"Active","Inventory Part","Stallion Engine Oil 20/50 SG/CF",,"Non","000008 · Lubricant and Oil Income","Lubricant and Oil","12100 · Inventory Asset",0.00,,2,"Count In Each (ce)","Count by the Count In Each",15500.00,"Htoo 3",,21000.00,1,
,"Active","Inventory Part","A+B Small Glue China",,"Non","00001 · Hardware and tool Income","54300 · Hardware and tool","12100 · Inventory Asset",0.00,,250,"Count In Each (ce)","Count by the Count In Each",981.00,"Raja",,1412.64,1,
,"Active","Inventory Part","Bosny No 39 Black",,"Non","00001 · Hardware and tool Income","54300 · Hardware and tool","12100 · Inventory Asset",0.00,,0,"Count In Each (ce)","Count by the Count In Each",2791.66667,"Raja",,4000.00,1,
,"Active","Inventory Part","Bosny No 40 White","..","Non","00001 · Hardware and tool Income","54300 · Hardware and tool","12100 · Inventory Asset",0.00,,0,"Count In Each (ce)","Count by the Count In Each",2200.00,"Raja",,4000.00,1,
,"Active","Inventory Part","10 steel welding","..","Non","00001 · Hardware and tool Income","54300 · Hardware and tool","12100 · Inventory Asset",0.00,,46,"Count In Each (ce)","Count by the Count In Each",1437.30769,"Raja",,2227.82692,1,
,"Active","Inventory Part","12 Steel welding",,"Non","00001 · Hardware and tool Income","54300 · Hardware and tool","12100 · Inventory Asset",0.00,,0,"Count In Each (ce)","Count by the Count In Each",157.00,"Raja",,600.00,1,
,"Active","Inventory Part","Rivets 4.2",,"Non","000003 · Bolt and Nut Income","54520 · Bolt and Nut","12100 · Inventory Asset",0.00,,2139,"Count In Each (ce)","Count by the Count In Each",3.20,"Roberts & Bros",,10.00,1,
,"Active","Inventory Part","3/8 Wall Press",,"Non","000003 · Bolt and Nut Income","54520 · Bolt and Nut","12100 · Inventory Asset",0.00,,425,"Count In Each (ce)","Count by the Count In Each",120.00,"Roberts & Bros",,350.00,1,
,"Active","Inventory Part","5/16 Wall Press",,"Non","000003 · Bolt and Nut Income","54520 · Bolt and Nut","12100 · Inventory Asset",0.00,,1032.66667,"Count In Each (ce)","Count by the Count In Each",250.00,"Roberts & Bros",,500.00,1,
,"Active","Inventory Part","LA 1/4 Green1401",,"Non","00001 · Hardware and tool Income","54300 · Hardware and tool","12100 · Inventory Asset",0.00,,1,"Count In Each (ce)","Count by the Count In Each",5300.00,"Raja",,7000.00,"",
,"Not-active","Inventory Part","Ntt 6302",,"Non","000007 · Ball & Bearing","54599 · Ball and Bearing","12100 · Inventory Asset",0.00,,0,"Count In Each (ce)","Count by the Count In Each",750.00,"Thu Zar Parts Of Motor Cycle",,850.00,1,
,"Active","Inventory Part","21x3 Left Fan Crt","..","Non","000005 · Diesel Engine Income","54000 · Diesel","12100 · Inventory Asset",0.00,,-1,"Count In Each (ce)","Count by the Count In Each",8300,"MyintMya",,9500.00,"",
,"Active","Inventory Part","31/2""x2 Water Pump Pully",,"Non","000005 · Diesel Engine Income","54000 · Diesel","12100 · Inventory Asset",0.00,,2,"Count In Each (ce)","Count by the Count In Each",2430.00,"MyintMya",,3000.00,"",
,"Active","Inventory Part","175 engine speed Control Lever",,"Non","000005 · Diesel Engine Income","54000 · Diesel","12100 · Inventory Asset",0.00,,17,"Count In Each (ce)","Count by the Count In Each",100.00,"MyintMya",,200.00,"",
,"Active","Inventory Part","22 Engine Speed Control Lever",,"Non","000005 · Diesel Engine Income","54000 · Diesel","12100 · Inventory Asset",0.00,,12,"Count In Each (ce)","Count by the Count In Each",100.00,"MyintMya",,200.00,"",
,"Active","Inventory Part","6 Screwdriver",,"Non","00001 · Hardware and tool Income","54300 · Hardware and tool","12100 · Inventory Asset",0.00,,48,"Count In Each (ce)","Count by the Count In Each",2500.00,"Raja",,4000.00,1,
,"Active","Inventory Part","American Screwdriver",,"Non","00001 · Hardware and tool Income","54300 · Hardware and tool","12100 · Inventory Asset",0.00,,-5,"Count In Each (ce)","Count by the Count In Each",1416.66667,"Raja",,3000.00,1,
,"Active","Inventory Part","B 82",,"Non","000005 · Diesel Engine Income","54000 · Diesel","12100 · Inventory Asset",0.00,,0,"foot (ft)","Length by the foot",21.00,"MyintMya",,30.00,"",
,"Active","Inventory Part","12x3 Right Fan CRT",,"Non","000005 · Diesel Engine Income","54000 · Diesel","12100 · Inventory Asset",0.00,,-1,"Count In Each (ce)","Count by the Count In Each",3400,"MyintMya",,5000.00,"",
,"Active","Inventory Part","23x3 Left Fan Crt",,"Non","000005 · Diesel Engine Income","54000 · Diesel","12100 · Inventory Asset",0.00,,-1,"Count In Each (ce)","Count by the Count In Each",12500,"MyintMya",,14000.00,"",
,"Active","Inventory Part","125 Full Set",,"Non","000004 · Motor cycle Income","54200 · Motor Cycle","12100 · Inventory Asset",0.00,,0,"Count In Each (ce)","Count by the Count In Each",880.00,"Swan",,1300.00,1,
,"Active","Inventory Part","30208 Na",,"Non","000007 · Ball & Bearing","54599 · Ball and Bearing","12100 · Inventory Asset",0.00,,0,"Count In Each (ce)","Count by the Count In Each",2700.00,"Super",,3000.00,1,
,"Active","Inventory Part","30209",,"Non","000007 · Ball & Bearing","54599 · Ball and Bearing","12100 · Inventory Asset",0.00,,2,"Count In Each (ce)","Count by the Count In Each",2400.00,"Super",,3500.00,1,
,"Active","Inventory Part","18CC Ball",,"Non","000005 · Diesel Engine Income","54000 · Diesel","12100 · Inventory Asset",0.00,,0,"Count In Each (ce)","Count by the Count In Each",60.00,"MyintMya",,100.00,"",
,"Active","Inventory Part","18CC Nozzel Assy TH",,"Non","000005 · Diesel Engine Income","54000 · Diesel","12100 · Inventory Asset",0.00,,3,"Count In Each (ce)","Count by the Count In Each",5586.00,"MyintMya",,7000.00,"",
,"Active","Inventory Part","18CC Fuel Injection Pipe",,"Non","000005 · Diesel Engine Income","54000 · Diesel","12100 · Inventory Asset",0.00,,2,"Count In Each (ce)","Count by the Count In Each",385.00,"MyintMya",,600.00,"",
,"Active","Inventory Part","18CC Stone Head Thick",,"Non","000005 · Diesel Engine Income","54000 · Diesel","12100 · Inventory Asset",0.00,,7,"Count In Each (ce)","Count by the Count In Each",450.00,"MyintMya",,800.00,"",
,"Active","Inventory Part","18CC Conneting Rod TH",,"Non","000005 · Diesel Engine Income","54000 · Diesel","12100 · Inventory Asset",0.00,,2,"Count In Each (ce)","Count by the Count In Each",8778.00,"MyintMya",,10000.00,"",
,"Active","Inventory Part","18CC Exhaust Pipe",,"Non","000005 · Diesel Engine Income","54000 · Diesel","12100 · Inventory Asset",0.00,,3,"Count In Each (ce)","Count by the Count In Each",1975.00,"MyintMya",,2500.00,"",
,"Active","Inventory Part","18CC Silencer",,"Non","000005 · Diesel Engine Income","54000 · Diesel","12100 · Inventory Asset",0.00,,0,"Count In Each (ce)","Count by the Count In Each",3450.00,"MyintMya",,4000.00,"",
,"Active","Inventory Part","18CC Intake Pipe",,"Non","000005 · Diesel Engine Income","54000 · Diesel","12100 · Inventory Asset",0.00,,0,"Count In Each (ce)","Count by the Count In Each",2860.00,"MyintMya",,3500.00,"",
,"Active","Inventory Part","18CC Air Filter Assy",,"Non","000005 · Diesel Engine Income","54000 · Diesel","12100 · Inventory Asset",0.00,,2,"Count In Each (ce)","Count by the Count In Each",2950.00,"MyintMya",,3500.00,"",
,"Active","Inventory Part","18CC Engine Head Bolt",,"Non","000005 · Diesel Engine Income","54000 · Diesel","12100 · Inventory Asset",0.00,,-0.75,"pair (pr)","Count by the pair",2500.00,"MyintMya",,6000.00,"",
,"Active","Inventory Part","18CC Engine Head TH",,"Non","000005 · Diesel Engine Income","54000 · Diesel","12100 · Inventory Asset",0.00,,1,"Count In Each (ce)","Count by the Count In Each",17755.00,"MyintMya",,18500.00,"",
,"Active","Inventory Part","18CC Spead  Control Fork",,"Non","000005 · Diesel Engine Income","54000 · Diesel","12100 · Inventory Asset",0.00,,4,"Count In Each (ce)","Count by the Count In Each",450.00,"MyintMya",,700.00,"",
,"Not-active","Inventory Part","18CC Ring PRS2","..","Non","000005 · Diesel Engine Income","54000 · Diesel","12100 · Inventory Asset",0.00,,9,"Count In Each (ce)","Count by the Count In Each",1810.00,"MyintMya",,2500.00,1,
,"Active","Inventory Part","18CC Valve Guide",,"Non","000005 · Diesel Engine Income","54000 · Diesel","12100 · Inventory Asset",0.00,,7,"Count In Each (ce)","Count by the Count In Each",275.00,"MyintMya",,500.00,"",
,"Not-active","Inventory Part","18CC Connecting Rod Bearing STD",,"Non","000005 · Diesel Engine Income","54000 · Diesel","12100 · Inventory Asset",0.00,,9,"Count In Each (ce)","Count by the Count In Each",500.00,"MyintMya",,500.00,1,
,"Active","Inventory Part","18CC High Pressure Pipe",,"Non","000005 · Diesel Engine Income","54000 · Diesel","12100 · Inventory Asset",0.00,,11,"Count In Each (ce)","Count by the Count In Each",265.00,"MyintMya",,500.00,"",
,"Active","Inventory Part","18CC Engine Packing Full Set",,"Non","000005 · Diesel Engine Income","54000 · Diesel","12100 · Inventory Asset",0.00,,1.6,"Count In Each (ce)","Count by the Count In Each",750.00,"MyintMya",,1000.00,"",
,"Active","Inventory Part","18CC Plug Ball",,"Non","000005 · Diesel Engine Income","54000 · Diesel","12100 · Inventory Asset",0.00,,10.8,"Count In Each (ce)","Count by the Count In Each",280,"MyintMya",,500.00,"",
,"Not-active","Inventory Part","18CC Plunger Assy Head",,"Non","000005 · Diesel Engine Income","54000 · Diesel","12100 · Inventory Asset",0.00,,9,"Count In Each (ce)","Count by the Count In Each",280.00,"MyintMya",,500.00,1,
,"Active","Inventory Part","18CC Fuel Injection Pump Assy T",,"Non","000005 · Diesel Engine Income","54000 · Diesel","12100 · Inventory Asset",0.00,,0,"Count In Each (ce)","Count by the Count In Each",7980.00,"MyintMya",,10000.00,"",
,"Active","Inventory Part","18CC Plunger TH",,"Non","000005 · Diesel Engine Income","54000 · Diesel","12100 · Inventory Asset",0.00,,1,"Count In Each (ce)","Count by the Count In Each",1862.00,"MyintMya",,3000.00,"",
,"Active","Inventory Part","18CC Piston Snow mountain",,"Non","000005 · Diesel Engine Income","54000 · Diesel","12100 · Inventory Asset",0.00,,3,"Count In Each (ce)","Count by the Count In Each",5260.00,"MyintMya",,6000.00,"",
,"Active","Inventory Part","18CC Piston With Valve Hole Whi",,"Non","000005 · Diesel Engine Income","54000 · Diesel","12100 · Inventory Asset",0.00,,2,"Count In Each (ce)","Count by the Count In Each",4500.00,"MyintMya",,5500.00,"",
,"Active","Inventory Part","18CC Delivery Valve Washer",,"Non","000005 · Diesel Engine Income","54000 · Diesel","12100 · Inventory Asset",0.00,,128,"Count In Each (ce)","Count by the Count In Each",45.00,"MyintMya",,100.00,"",
,"Active","Inventory Part","18CC Fuel Filter Element",,"Non","000005 · Diesel Engine Income","54000 · Diesel","12100 · Inventory Asset",0.00,,4,"Count In Each (ce)","Count by the Count In Each",2400.00,"MyintMya",,3000.00,"",
,"Active","Inventory Part","18CC Piston 4Rings PRS2",,"Non","000005 · Diesel Engine Income","54000 · Diesel","12100 · Inventory Asset",0.00,,2,"Count In Each (ce)","Count by the Count In Each",1950.00,"MyintMya",,2500.00,"",
,"Active","Inventory Part","18CC Half Nut",,"Non","000005 · Diesel Engine Income","54000 · Diesel","12100 · Inventory Asset",0.00,,3,"Count In Each (ce)","Count by the Count In Each",600.00,"MyintMya",,1000.00,"",
,"Active","Inventory Part","18CC Fuel Cock Element",,"Non","000005 · Diesel Engine Income","54000 · Diesel","12100 · Inventory Asset",0.00,,10,"Count In Each (ce)","Count by the Count In Each",350.00,"MyintMya",,500.00,"",
,"Active","Inventory Part","18CC Cylinder Liner",,"Non","000005 · Diesel Engine Income","54000 · Diesel","12100 · Inventory Asset",0.00,,22,"Count In Each (ce)","Count by the Count In Each",100.00,"MyintMya",,200.00,"",
,"Active","Inventory Part","18CC Engine Lifting Stud",,"Non","000005 · Diesel Engine Income","54000 · Diesel","12100 · Inventory Asset",0.00,,8,"Count In Each (ce)","Count by the Count In Each",350.00,"MyintMya",,500.00,"",
,"Active","Inventory Part","18CC Governor Gear Shaft Steel",,"Non","000005 · Diesel Engine Income","54000 · Diesel","12100 · Inventory Asset",0.00,,1,"Count In Each (ce)","Count by the Count In Each",1500.00,"MyintMya",,2000.00,"",
,"Active","Inventory Part","18CC Governor Ball Spacer",,"Non","000005 · Diesel Engine Income","54000 · Diesel","12100 · Inventory Asset",0.00,,0,"Count In Each (ce)","Count by the Count In Each",310.00,"MyintMya",,500.00,"",
,"Active","Inventory Part","18CC Governor Fork",,"Non","000005 · Diesel Engine Income","54000 · Diesel","12100 · Inventory Asset",0.00,,5,"Count In Each (ce)","Count by the Count In Each",1650.00,"MyintMya",,2000.00,"",
,"Active","Inventory Part","25JD Connecting Rod Bearing",,"Non","000005 · Diesel Engine Income","54000 · Diesel","12100 · Inventory Asset",0.00,,1,"Count In Each (ce)","Count by the Count In Each",360.00,"MyintMya",,500.00,"",
,"Active","Inventory Part","11.6.24.10 Gear Oil Seal",,"Non","000004 · Motor cycle Income","54200 · Motor Cycle","12100 · Inventory Asset",0.00,,-10,"Count In Each (ce)","Count by the Count In Each",95,"Swan",,300.00,1,
,"Active","Inventory Part","18.9.30.5 Main Oil Seal Left",,"Non","000004 · Motor cycle Income","54200 · Motor Cycle","12100 · Inventory Asset",0.00,,0,"Count In Each (ce)","Count by the Count In Each",95,"Swan",,400.00,1,
,"Active","Inventory Part","30.42.45 Main Oil Seal",,"Non","000004 · Motor cycle Income","54200 · Motor Cycle","12100 · Inventory Asset",0.00,,0,"Count In Each (ce)","Count by the Count In Each",115,"Swan",,400.00,1,
,"Active","Inventory Part","Gear Light",,"Non","000004 · Motor cycle Income","54200 · Motor Cycle","12100 · Inventory Asset",0.00,,7,"Count In Each (ce)","Count by the Count In Each",45.00,"Swan",,100.00,1,
,"Active","Inventory Part","YSD 125 Signal Switch",,"Non","000004 · Motor cycle Income","54200 · Motor Cycle","12100 · Inventory Asset",0.00,,32,"Count In Each (ce)","Count by the Count In Each",240.00,"Yin Maha",,500.00,1,
,"Active","Inventory Part","18CC Gasket",,"Non","000005 · Diesel Engine Income","54000 · Diesel","12100 · Inventory Asset",0.00,,10,"Count In Each (ce)","Count by the Count In Each",320.00,"MyintMya",,500.00,"",
,"Active","Inventory Part","18CC Connecting Rod Bushing",,"Non","000005 · Diesel Engine Income","54000 · Diesel","12100 · Inventory Asset",0.00,,6,"Count In Each (ce)","Count by the Count In Each",880.00,"MyintMya",,1000.00,"",
,"Active","Inventory Part","18CC Piston Pin Clip",,"Non","000005 · Diesel Engine Income","54000 · Diesel","12100 · Inventory Asset",0.00,,18,"Count In Each (ce)","Count by the Count In Each",35.00,"MyintMya",,50.00,"",
,"Active","Inventory Part","18CC Piston Pin",,"Non","000005 · Diesel Engine Income","54000 · Diesel","12100 · Inventory Asset",0.00,,1,"Count In Each (ce)","Count by the Count In Each",1200.00,"MyintMya",,1500.00,"",
,"Not-active","Inventory Part","18CC Cover Adjust Nut",,"Non","000005 · Diesel Engine Income","54000 · Diesel","12100 · Inventory Asset",0.00,,9,"Count In Each (ce)","Count by the Count In Each",450.00,"MyintMya",,600.00,1,
,"Active","Inventory Part","18CC Crank Gear Pinion Key",,"Non","000005 · Diesel Engine Income","54000 · Diesel","12100 · Inventory Asset",0.00,,26,"Count In Each (ce)","Count by the Count In Each",35.00,"MyintMya",,50.00,"",
,"Active","Inventory Part","18CC Crank Nut",,"Non","000005 · Diesel Engine Income","54000 · Diesel","12100 · Inventory Asset",0.00,,10,"Count In Each (ce)","Count by the Count In Each",700.00,"MyintMya",,1000.00,"",
,"Active","Inventory Part","18CC Crank Key Big",,"Non","000005 · Diesel Engine Income","54000 · Diesel","12100 · Inventory Asset",0.00,,24,,,85.00,"MyintMya",,100.00,"",
,"Active","Inventory Part","18CC Camshaft",,"Non","000005 · Diesel Engine Income","54000 · Diesel","12100 · Inventory Asset",0.00,,0,"Count In Each (ce)","Count by the Count In Each",3600.00,"MyintMya",,5000.00,"",
,"Active","Inventory Part","16 Water Tank",,"Non","000005 · Diesel Engine Income","54000 · Diesel","12100 · Inventory Asset",0.00,,0,"Count In Each (ce)","Count by the Count In Each",21200.00,"MyintMya",,23000.00,"",
,"Active","Inventory Part","16 Exhaust Gasket",,"Non","000005 · Diesel Engine Income","54000 · Diesel","12100 · Inventory Asset",0.00,,9,"Count In Each (ce)","Count by the Count In Each",55.00,"MyintMya",,100.00,"",
,"Active","Inventory Part","16 Cylinder TRI",,"Non","000005 · Diesel Engine Income","54000 · Diesel","12100 · Inventory Asset",0.00,,6,"Count In Each (ce)","Count by the Count In Each",8000.00,"MyintMya",,10000.00,"",
,"Active","Inventory Part","16  Counter Weight Clip","..","Non","000005 · Diesel Engine Income","54000 · Diesel","12100 · Inventory Asset",0.00,"..",3,"Count In Each (ce)","Count by the Count In Each",35.00,"MyintMya",,50.00,"",
,"Active","Inventory Part","13 Water Tank",,"Non","000005 · Diesel Engine Income","54000 · Diesel","12100 · Inventory Asset",0.00,,1,"Count In Each (ce)","Count by the Count In Each",21200.00,"MyintMya",,25000.00,"",
,"Active","Inventory Part","13 Water Tank Cover  L",,"Non","000005 · Diesel Engine Income","54000 · Diesel","12100 · Inventory Asset",0.00,,1,"Count In Each (ce)","Count by the Count In Each",1000.00,"MyintMya",,1500.00,"",
,"Active","Inventory Part","13 Exhaust Gasket",,"Non","000005 · Diesel Engine Income","54000 · Diesel","12100 · Inventory Asset",0.00,,18,"Count In Each (ce)","Count by the Count In Each",39.00,"MyintMya",,200.00,"",
,"Active","Inventory Part","13 Lubricant Oil Filter",,"Non","000005 · Diesel Engine Income","54000 · Diesel","12100 · Inventory Asset",0.00,,6,"Count In Each (ce)","Count by the Count In Each",280.00,"MyintMya",,500.00,"",
,"Active","Inventory Part","13 Cylinder TRI",,"Non","000005 · Diesel Engine Income","54000 · Diesel","12100 · Inventory Asset",0.00,,5,"Count In Each (ce)","Count by the Count In Each",7900.00,"MyintMya",,10000.00,"",
,"Active","Inventory Part","13 Piston Pin Bushing",,"Non","000005 · Diesel Engine Income","54000 · Diesel","12100 · Inventory Asset",0.00,,7,"Count In Each (ce)","Count by the Count In Each",880.00,"MyintMya",,1500.00,"",
,"Active","Inventory Part","13 Oil Filter",,"Non","000005 · Diesel Engine Income","54000 · Diesel","12100 · Inventory Asset",0.00,,19,"Count In Each (ce)","Count by the Count In Each",90.00,"MyintMya",,300.00,"",
,"Active","Inventory Part","13 Rocker Arm Bush",,"Non","000005 · Diesel Engine Income","54000 · Diesel","12100 · Inventory Asset",0.00,,10,"Count In Each (ce)","Count by the Count In Each",90.00,"MyintMya",,200.00,"",
,"Active","Inventory Part","Em 190 Ring CYPR","..","Non","000005 · Diesel Engine Income","54000 · Diesel","12100 · Inventory Asset",0.00,"..",10,"Count In Each (ce)","Count by the Count In Each",1678.00,"MyintMya",,2500.00,"",
,"Active","Inventory Part","Em 190 Gasket",,"Non","000005 · Diesel Engine Income","54000 · Diesel","12100 · Inventory Asset",0.00,,12,"Count In Each (ce)","Count by the Count In Each",290.00,"MyintMya",,400.00,"",
,"Active","Inventory Part","Em 190 Piston",,"Non","000005 · Diesel Engine Income","54000 · Diesel","12100 · Inventory Asset",0.00,,0,"Count In Each (ce)","Count by the Count In Each",3450.00,"MyintMya",,4000.00,"",
,"Active","Inventory Part","EM 190 Cylinder TRI",,"Non","000005 · Diesel Engine Income","54000 · Diesel","12100 · Inventory Asset",0.00,,2,"Count In Each (ce)","Count by the Count In Each",6300.00,"MyintMya",,8000.00,"",
,"Active","Inventory Part","185 Oil Filter",,"Non","000005 · Diesel Engine Income","54000 · Diesel","12100 · Inventory Asset",0.00,,20,"Count In Each (ce)","Count by the Count In Each",90.00,"MyintMya",,200.00,"",
,"Active","Inventory Part","185 Water Tank  Cover L",,"Non","000005 · Diesel Engine Income","54000 · Diesel","12100 · Inventory Asset",0.00,,0,"Count In Each (ce)","Count by the Count In Each",1000.00,"MyintMya",,1300.00,"",
,"Active","Inventory Part","185 Valve Tappet",,"Non","000005 · Diesel Engine Income","54000 · Diesel","12100 · Inventory Asset",0.00,,1,"pair (pr)","Count by the pair",780.00,"MyintMya",,1000.00,"",
,"Active","Inventory Part","185 Fuel Injectot TH",,"Non","000005 · Diesel Engine Income","54000 · Diesel","12100 · Inventory Asset",0.00,,2,"Count In Each (ce)","Count by the Count In Each",5586.00,"MyintMya",,7000.00,"","1A70Z01F"
,"Not-active","Inventory Part","185 Nozzel Plunger Dvalve set",,"Non","000005 · Diesel Engine Income","54000 · Diesel","12100 · Inventory Asset",0.00,,9,"Count In Each (ce)","Count by the Count In Each",4655.00,"MyintMya",,6000.00,1,
,"Active","Inventory Part","185 Nozzel Bolt",,"Non","000005 · Diesel Engine Income","54000 · Diesel","12100 · Inventory Asset",0.00,,-3,"Count In Each (ce)","Count by the Count In Each",109.00,"MyintMya",,200.00,"",
,"Active","Inventory Part","185 Nozzel Nut",,"Non","000005 · Diesel Engine Income","54000 · Diesel","12100 · Inventory Asset",0.00,,3.25,"Count In Each (ce)","Count by the Count In Each",1650.00,"MyintMya",,2000.00,"",
,"Not-active","Inventory Part","185 stone head",,"Non","000005 · Diesel Engine Income","54000 · Diesel","12100 · Inventory Asset",0.00,,9,"Count In Each (ce)","Count by the Count In Each",325.00,"MyintMya",,500.00,1,
,"Active","Inventory Part","185 Connecting Rod TH",,"Non","000005 · Diesel Engine Income","54000 · Diesel","12100 · Inventory Asset",0.00,,2,"Count In Each (ce)","Count by the Count In Each",8379.00,"MyintMya",,10000.00,"",
,"Active","Inventory Part","185 Silencer",,"Non","000005 · Diesel Engine Income","54000 · Diesel","12100 · Inventory Asset",0.00,,2,"Count In Each (ce)","Count by the Count In Each",3500.00,"MyintMya",,4500.00,"",
,"Active","Inventory Part","185 Exhaust Gasket",,"Non","000005 · Diesel Engine Income","54000 · Diesel","12100 · Inventory Asset",0.00,,18,"Count In Each (ce)","Count by the Count In Each",39.00,"MyintMya",,100.00,"",
,"Active","Inventory Part","185 Rocker Arm Assy TH",,"Non","000005 · Diesel Engine Income","54000 · Diesel","12100 · Inventory Asset",0.00,,5,"Count In Each (ce)","Count by the Count In Each",2859.00,"MyintMya",,3500.00,"",
,"Active","Inventory Part","185 Rocker Arm",,"Non","000005 · Diesel Engine Income","54000 · Diesel","12100 · Inventory Asset",0.00,,3,"pair (pr)","Count by the pair",1220.00,"MyintMya",,1500.00,"",
,"Active","Inventory Part","185 Lubricant Oil Pipe Same Nut",,"Non","000005 · Diesel Engine Income","54000 · Diesel","12100 · Inventory Asset",0.00,,1,"Count In Each (ce)","Count by the Count In Each",480.00,"MyintMya",,600.00,"",
,"Active","Inventory Part","185 Lubricant Oil Pipe Differen",,"Non","000005 · Diesel Engine Income","54000 · Diesel","12100 · Inventory Asset",0.00,,5,"Count In Each (ce)","Count by the Count In Each",480.00,"MyintMya",,600.00,"",
,"Active","Inventory Part","185 Air cleaner Assy","..","Non","000005 · Diesel Engine Income","54000 · Diesel","12100 · Inventory Asset",0.00,"..",1,"Count In Each (ce)","Count by the Count In Each",4300.00,"MyintMya",,5000.00,"",
,"Active","Inventory Part","185 Engine Head Bolt",,"Non","000005 · Diesel Engine Income","54000 · Diesel","12100 · Inventory Asset",0.00,,-0.25,"pair (pr)","Count by the pair",2200.00,"MyintMya",,3000.00,"",
,"Active","Inventory Part","185 Cylinder Head TH",,"Non","000005 · Diesel Engine Income","54000 · Diesel","12100 · Inventory Asset",0.00,,1,"Count In Each (ce)","Count by the Count In Each",15295.00,"MyintMya",,16500.00,"",
,"Active","Inventory Part","185 Starting Handle",,"Non","000005 · Diesel Engine Income","54000 · Diesel","12100 · Inventory Asset",0.00,,0,"Count In Each (ce)","Count by the Count In Each",1300.00,"MyintMya",,2000.00,"",
,"Active","Inventory Part","185 Speed Control Lever",,"Non","000005 · Diesel Engine Income","54000 · Diesel","12100 · Inventory Asset",0.00,,3,"Count In Each (ce)","Count by the Count In Each",650.00,"MyintMya",,1500.00,"",
,"Not-active","Inventory Part","185 Piston 3Ring PRS2",,"Non","000005 · Diesel Engine Income","54000 · Diesel","12100 · Inventory Asset",0.00,,9,"Count In Each (ce)","Count by the Count In Each",1520.00,"MyintMya",,2000.00,1,
,"Active","Inventory Part","185 Main Bearing Housing",,"Non","000005 · Diesel Engine Income","54000 · Diesel","12100 · Inventory Asset",0.00,,2,"Count In Each (ce)","Count by the Count In Each",5000.00,"MyintMya",,6000.00,"",
,"Active","Inventory Part","185 Main Pipe",,"Non","000005 · Diesel Engine Income","54000 · Diesel","12100 · Inventory Asset",0.00,,4,"Count In Each (ce)","Count by the Count In Each",425.00,"MyintMya",,700.00,"",
,"Active","Inventory Part","185 Decompression Assy",,"Non","000005 · Diesel Engine Income","54000 · Diesel","12100 · Inventory Asset",0.00,,5,"Count In Each (ce)","Count by the Count In Each",600.00,"MyintMya",,1500.00,"",
,"Active","Inventory Part","185 Valve Spring",,"Non","000005 · Diesel Engine Income","54000 · Diesel","12100 · Inventory Asset",0.00,,-3,"pair (pr)","Count by the pair",280.00,"MyintMya",,500.00,"",
,"Active","Inventory Part","185 Valve Cap",,"Non","000005 · Diesel Engine Income","54000 · Diesel","12100 · Inventory Asset",0.00,,10,"pair (pr)","Count by the pair",250.00,"MyintMya",,400.00,"",
,"Active","Inventory Part","185 Valve Collet",,"Non","000005 · Diesel Engine Income","54000 · Diesel","12100 · Inventory Asset",0.00,,20,"pair (pr)","Count by the pair",80.00,"MyintMya",,150.00,"",
,"Active","Inventory Part","185 Valve Guide",,"Non","000005 · Diesel Engine Income","54000 · Diesel","12100 · Inventory Asset",0.00,,12,"pair (pr)","Count by the pair",245.00,"MyintMya",,500.00,"",
,"Active","Inventory Part","185 Conneting Rod Bearing",,"Non","000005 · Diesel Engine Income","54000 · Diesel","12100 · Inventory Asset",0.00,,2,"Count In Each (ce)","Count by the Count In Each",300.00,"MyintMya",,500.00,"",
,"Active","Inventory Part","185 Push Rod",,"Non","000005 · Diesel Engine Income","54000 · Diesel","12100 · Inventory Asset",0.00,,4.5,"pair (pr)","Count by the pair",550.00,"MyintMya",,800.00,"",
,"Active","Inventory Part","185 Engine Packing Full Set",,"Non","000005 · Diesel Engine Income","54000 · Diesel","12100 · Inventory Asset",0.00,,3,"Count In Each (ce)","Count by the Count In Each",650.00,"MyintMya",,800.00,"",
,"Active","Inventory Part","185 Pllunger Assy TH",,"Non","000005 · Diesel Engine Income","54000 · Diesel","12100 · Inventory Asset",0.00,,3,"Count In Each (ce)","Count by the Count In Each",8778.00,"MyintMya",,10000.00,"",
,"Active","Inventory Part","185 Plunger TH",,"Non","000005 · Diesel Engine Income","54000 · Diesel","12100 · Inventory Asset",0.00,,-1,"Count In Each (ce)","Count by the Count In Each",1862.00,"MyintMya",,3000.00,"",
,"Active","Inventory Part","185 Plunger HB",,"Non","000005 · Diesel Engine Income","54000 · Diesel","12100 · Inventory Asset",0.00,,10,"Count In Each (ce)","Count by the Count In Each",1100.00,"MyintMya",,1500.00,"",
,"Active","Inventory Part","185 Lubricant Oil Pump TH",,"Non","000005 · Diesel Engine Income","54000 · Diesel","12100 · Inventory Asset",0.00,,7,"Count In Each (ce)","Count by the Count In Each",2830.00,"MyintMya",,4000.00,"",
,"Active","Inventory Part","185 Gear Full Set",,"Non","000005 · Diesel Engine Income","54000 · Diesel","12100 · Inventory Asset",0.00,,2,"Count In Each (ce)","Count by the Count In Each",12000.00,"MyintMya",,13000.00,"",
,"Active","Inventory Part","185 4Piston Rings PRS2","..","Non","000005 · Diesel Engine Income","54000 · Diesel","12100 · Inventory Asset",0.00,,3,"Count In Each (ce)","Count by the Count In Each",1660.00,"MyintMya",,2000.00,"",
,"Not-active","Inventory Part","185 Oil Dipstick",,"Non","000005 · Diesel Engine Income","54000 · Diesel","12100 · Inventory Asset",0.00,,9,"Count In Each (ce)","Count by the Count In Each",120.00,"MyintMya",,200.00,1,
,"Active","Inventory Part","185 Fuel Cock",,"Non","000005 · Diesel Engine Income","54000 · Diesel","12100 · Inventory Asset",0.00,,5,"Count In Each (ce)","Count by the Count In Each",850.00,"MyintMya",,1000.00,"",
,"Active","Inventory Part","185 Fuel Tank Filter",,"Non","000005 · Diesel Engine Income","54000 · Diesel","12100 · Inventory Asset",0.00,,8,"Count In Each (ce)","Count by the Count In Each",200.00,"MyintMya",,300.00,"",
,"Active","Inventory Part","185 Fuel Tank",,"Non","000005 · Diesel Engine Income","54000 · Diesel","12100 · Inventory Asset",0.00,,2,"Count In Each (ce)","Count by the Count In Each",9000.00,"MyintMya",,10000.00,"",
,"Active","Inventory Part","185 Cylinder Liner",,"Non","000005 · Diesel Engine Income","54000 · Diesel","12100 · Inventory Asset",0.00,,13,"Count In Each (ce)","Count by the Count In Each",80.00,"MyintMya",,150.00,"",
,"Active","Inventory Part","185 Cylinder TRI",,"Non","000005 · Diesel Engine Income","54000 · Diesel","12100 · Inventory Asset",0.00,,6,"Count In Each (ce)","Count by the Count In Each",5700.00,"MyintMya",,6500.00,"",
,"Active","Inventory Part","185 Govenor Weight",,"Non","000005 · Diesel Engine Income","54000 · Diesel","12100 · Inventory Asset",0.00,,5,"Count In Each (ce)","Count by the Count In Each",1650.00,"MyintMya",,2000.00,"",
,"Active","Inventory Part","185 Govenor Fork",,"Non","000005 · Diesel Engine Income","54000 · Diesel","12100 · Inventory Asset",0.00,,5,"Count In Each (ce)","Count by the Count In Each",1100.00,"MyintMya",,1300.00,"",
,"Not-active","Inventory Part","185 Gasket Cylinder Head Narrow",,"Non","000005 · Diesel Engine Income","54000 · Diesel","12100 · Inventory Asset",0.00,,9,"Count In Each (ce)","Count by the Count In Each",240.00,"MyintMya",,350.00,1,
,"Active","Inventory Part","185 Gasket Cylinder Head wide",,"Non","000005 · Diesel Engine Income","54000 · Diesel","12100 · Inventory Asset",0.00,,6,"Count In Each (ce)","Count by the Count In Each",240.00,"MyintMya",,350.00,"",
,"Active","Inventory Part","185 Connecting Rod Bushing",,"Non","000005 · Diesel Engine Income","54000 · Diesel","12100 · Inventory Asset",0.00,,-4,"Count In Each (ce)","Count by the Count In Each",625.00,"MyintMya",,800.00,"",
,"Active","Inventory Part","185 Connecting Rod Clip",,"Non","000005 · Diesel Engine Income","54000 · Diesel","12100 · Inventory Asset",0.00,,36,"Count In Each (ce)","Count by the Count In Each",35.00,"MyintMya",,50.00,"",
,"Active","Inventory Part","185 big Cover",,"Non","000005 · Diesel Engine Income","54000 · Diesel","12100 · Inventory Asset",0.00,,2,"Count In Each (ce)","Count by the Count In Each",6000.00,"MyintMya",,7000.00,"",
,"Active","Inventory Part","185 Oil Sump",,"Non","000005 · Diesel Engine Income","54000 · Diesel","12100 · Inventory Asset",0.00,,4,"Count In Each (ce)","Count by the Count In Each",1450.00,"MyintMya",,1800.00,"",
,"Active","Inventory Part","185 Piston Kit Set TH",,"Non","000005 · Diesel Engine Income","54000 · Diesel","12100 · Inventory Asset",0.00,,3,"Count In Each (ce)","Count by the Count In Each",13965.00,"MyintMya",,15000.00,"",
,"Active","Inventory Part","185 Camshaft",,"Non","000005 · Diesel Engine Income","54000 · Diesel","12100 · Inventory Asset",0.00,,1,"Count In Each (ce)","Count by the Count In Each",3200.00,"MyintMya",,4500.00,"",
,"Active","Inventory Part","180 Water Tank",,"Non","000005 · Diesel Engine Income","54000 · Diesel","12100 · Inventory Asset",0.00,,1,,,15300.00,"MyintMya",,16500.00,"",
,"Active","Inventory Part","180 Piston Rings JP",,"Non","000005 · Diesel Engine Income","54000 · Diesel","12100 · Inventory Asset",0.00,,1,"Count In Each (ce)","Count by the Count In Each",1200.00,"MyintMya",,1500.00,"",
,"Active","Inventory Part","180 Engine packing Full Set",,"Non","000005 · Diesel Engine Income","54000 · Diesel","12100 · Inventory Asset",0.00,,3,"Count In Each (ce)","Count by the Count In Each",650.00,"MyintMya",,1000.00,"",
,"Active","Inventory Part","180 Piston Rabbit",,"Non","000005 · Diesel Engine Income","54000 · Diesel","12100 · Inventory Asset",0.00,,3,"Count In Each (ce)","Count by the Count In Each",2600.00,"MyintMya",,3000.00,"",
,"Active","Inventory Part","180 Cylinder TRI",,"Non","000005 · Diesel Engine Income","54000 · Diesel","12100 · Inventory Asset",0.00,,5,"Count In Each (ce)","Count by the Count In Each",4700.00,"MyintMya",,6000.00,"",
,"Active","Inventory Part","180 Gasket Cylinder Head",,"Non","000005 · Diesel Engine Income","54000 · Diesel","12100 · Inventory Asset",0.00,,11,"Count In Each (ce)","Count by the Count In Each",240.00,"MyintMya",,500.00,"",
,"Active","Inventory Part","180 Connecting Rod","..","Non","000005 · Diesel Engine Income","54000 · Diesel","12100 · Inventory Asset",0.00,,10,"Count In Each (ce)","Count by the Count In Each",5900.00,"MyintMya",,7000.00,"",
,"Active","Inventory Part","180 Cover big",,"Non","000005 · Diesel Engine Income","54000 · Diesel","12100 · Inventory Asset",0.00,,1,"Count In Each (ce)","Count by the Count In Each",6850.00,"MyintMya",,8000.00,"",
,"Active","Inventory Part","180 Crankshaft TH",,"Non","000005 · Diesel Engine Income","54000 · Diesel","12100 · Inventory Asset",0.00,,0,"Count In Each (ce)","Count by the Count In Each",11571.00,"MyintMya",,30000.00,"",
,"Active","Inventory Part","180 Piston Kit Set TH",,"Non","000005 · Diesel Engine Income","54000 · Diesel","12100 · Inventory Asset",0.00,,1,"Count In Each (ce)","Count by the Count In Each",11970.00,"MyintMya",,13000.00,"",
,"Active","Inventory Part","180 Camshaft DW",,"Non","000005 · Diesel Engine Income","54000 · Diesel","12100 · Inventory Asset",0.00,,2,"Count In Each (ce)","Count by the Count In Each",3200.00,"MyintMya",,4500.00,"",
,"Active","Inventory Part","175 Crank Shaft 3ring TH",,"Non","000005 · Diesel Engine Income","54000 · Diesel","12100 · Inventory Asset",0.00,,0,"Count In Each (ce)","Count by the Count In Each",11571.00,"MyintMya",,14000.00,"",
,"Active","Inventory Part","175 Copper Washer Pack",,"Non","000005 · Diesel Engine Income","54000 · Diesel","12100 · Inventory Asset",0.00,,25.83333,"Count In Each (ce)","Count by the Count In Each",180.00,"MyintMya",,300.00,"",
,"Active","Inventory Part","175 Drain cock",,"Non","000005 · Diesel Engine Income","54000 · Diesel","12100 · Inventory Asset",0.00,,3,"Count In Each (ce)","Count by the Count In Each",350.00,"MyintMya",,500.00,"",
,"Active","Inventory Part","175 Water Tank",,"Non","000005 · Diesel Engine Income","54000 · Diesel","12100 · Inventory Asset",0.00,,-2,"Count In Each (ce)","Count by the Count In Each",14900,"MyintMya",,18000.00,"",
,"Active","Inventory Part","175 Water Tank Cover  L",,"Non","000005 · Diesel Engine Income","54000 · Diesel","12100 · Inventory Asset",0.00,,0,"Count In Each (ce)","Count by the Count In Each",950.00,"MyintMya",,1500.00,"",
,"Active","Inventory Part","175 Nozzel Head",,"Non","000005 · Diesel Engine Income","54000 · Diesel","12100 · Inventory Asset",0.00,,14,"Count In Each (ce)","Count by the Count In Each",200.00,"MyintMya",,300.00,"",
,"Active","Inventory Part","175 Nozzel 5mm HB","..","Non","000005 · Diesel Engine Income","54000 · Diesel","12100 · Inventory Asset",0.00,,7,"Count In Each (ce)","Count by the Count In Each",1100.00,"MyintMya",,1500.00,"",
,"Active","Inventory Part","175 Fuel Injector Assy TH",,"Non","000005 · Diesel Engine Income","54000 · Diesel","12100 · Inventory Asset",0.00,,-4,"Count In Each (ce)","Count by the Count In Each",5586.00,"MyintMya",,12000.00,"",
,"Active","Inventory Part","175 Nozzel Beat",,"Non","000005 · Diesel Engine Income","54000 · Diesel","12100 · Inventory Asset",0.00,,9,"Count In Each (ce)","Count by the Count In Each",700.00,"MyintMya",,1000.00,"",
,"Active","Inventory Part","175 Nozzel Pipe Different Nut",,"Non","000005 · Diesel Engine Income","54000 · Diesel","12100 · Inventory Asset",0.00,,6,"Count In Each (ce)","Count by the Count In Each",350.00,"MyintMya",,500.00,"",
,"Active","Inventory Part","175 Nozzel Pipe Same Nut",,"Non","000005 · Diesel Engine Income","54000 · Diesel","12100 · Inventory Asset",0.00,,5,"Count In Each (ce)","Count by the Count In Each",350.00,"MyintMya",,500.00,"",
,"Active","Inventory Part","175 Nozzel Connecting Bolt",,"Non","000005 · Diesel Engine Income","54000 · Diesel","12100 · Inventory Asset",0.00,,33,"Count In Each (ce)","Count by the Count In Each",100.00,"MyintMya",,200.00,"",
,"Active","Inventory Part","175 Nozzel Jim Long",,"Non","000005 · Diesel Engine Income","54000 · Diesel","12100 · Inventory Asset",0.00,,13,"Count In Each (ce)","Count by the Count In Each",45.00,"MyintMya",,100.00,"",
,"Active","Inventory Part","175 Nozzel Jim Short","..","Non","000005 · Diesel Engine Income","54000 · Diesel","12100 · Inventory Asset",0.00,"..",16,"Count In Each (ce)","Count by the Count In Each",45.00,"MyintMya",,100.00,"",
,"Active","Inventory Part","175 Nozzel Back Nut",,"Non","000005 · Diesel Engine Income","54000 · Diesel","12100 · Inventory Asset",0.00,,-1,"Count In Each (ce)","Count by the Count In Each",1300.00,"MyintMya",,2000.00,"",
,"Active","Inventory Part","175 Stone Head","..","Non","000005 · Diesel Engine Income","54000 · Diesel","12100 · Inventory Asset",0.00,,4,"Count In Each (ce)","Count by the Count In Each",950.00,"MyintMya",,1300.00,"",
,"Active","Inventory Part","175 Connecting RodTH",,"Non","000005 · Diesel Engine Income","54000 · Diesel","12100 · Inventory Asset",0.00,,0,"Count In Each (ce)","Count by the Count In Each",5719.00,"MyintMya",,7000.00,"",
,"Active","Inventory Part","175 Exhaust Pipe",,"Non","000005 · Diesel Engine Income","54000 · Diesel","12100 · Inventory Asset",0.00,,3,,,1835.00,"MyintMya",,2300.00,"",
,"Active","Inventory Part","175 Engine Head Cover Metal",,"Non","000005 · Diesel Engine Income","54000 · Diesel","12100 · Inventory Asset",0.00,,4,"Count In Each (ce)","Count by the Count In Each",2300.00,"MyintMya",,3500.00,"",
,"Active","Inventory Part","175 Engine Head Cover",,"Non","000005 · Diesel Engine Income","54000 · Diesel","12100 · Inventory Asset",0.00,,1,"Count In Each (ce)","Count by the Count In Each",2300.00,"MyintMya",,3500.00,"",
,"Active","Inventory Part","175 Rocker Arm Assy Bolt",,"Non","000005 · Diesel Engine Income","54000 · Diesel","12100 · Inventory Asset",0.00,,17,"Count In Each (ce)","Count by the Count In Each",150.00,"MyintMya",,300.00,"",
,"Active","Inventory Part","175 Rocker Arm Assy 3 Rings TH",,"Non","000005 · Diesel Engine Income","54000 · Diesel","12100 · Inventory Asset",0.00,,7,"Count In Each (ce)","Count by the Count In Each",1966.00,"MyintMya",,3000.00,"",
,"Active","Inventory Part","175 Lubricant Oil Pipe",,"Non","000005 · Diesel Engine Income","54000 · Diesel","12100 · Inventory Asset",0.00,,16,"Count In Each (ce)","Count by the Count In Each",350.00,"MyintMya",,500.00,"",
,"Active","Inventory Part","175 Stud Cylinder Head",,"Non","000005 · Diesel Engine Income","54000 · Diesel","12100 · Inventory Asset",0.00,,2,"pair (pr)","Count by the pair",1400.00,"MyintMya",,2000.00,"",
,"Active","Inventory Part","175 Cylinder Head MCS",,"Non","000005 · Diesel Engine Income","54000 · Diesel","12100 · Inventory Asset",0.00,,1,"Count In Each (ce)","Count by the Count In Each",9600.00,"MyintMya",,13000.00,"",
,"Active","Inventory Part","175 Sharting Gear Shaft",,"Non","000005 · Diesel Engine Income","54000 · Diesel","12100 · Inventory Asset",0.00,,5,"Count In Each (ce)","Count by the Count In Each",850.00,"MyintMya",,1000.00,"",
,"Active","Inventory Part","175 Starting Handle Flung",,"Non","000005 · Diesel Engine Income","54000 · Diesel","12100 · Inventory Asset",0.00,,9,"Count In Each (ce)","Count by the Count In Each",280.00,"MyintMya",,500.00,"",
,"Active","Inventory Part","175 Starting Handle",,"Non","000005 · Diesel Engine Income","54000 · Diesel","12100 · Inventory Asset",0.00,,2,"Count In Each (ce)","Count by the Count In Each",1305.00,"MyintMya",,1500.00,"",
,"Active","Inventory Part","175 Speed Control Lever",,"Non","000005 · Diesel Engine Income","54000 · Diesel","12100 · Inventory Asset",0.00,,3,"Count In Each (ce)","Count by the Count In Each",650.00,"MyintMya",,1500.00,"",
,"Active","Inventory Part","16 Half Spaner Ring",,"Non","00001 · Hardware and tool Income","54000 · Diesel","12100 · Inventory Asset",0.00,,12,"Count In Each (ce)","Count by the Count In Each",3500.00,"Raja",,5000.00,1,
,"Active","Inventory Part","5/16 pipe",,"Non","00001 · Hardware and tool Income","54300 · Hardware and tool","12100 · Inventory Asset",0.00,,10.5,"Count In Each (ce)","Count by the Count In Each",35.00,"Raja",,50.00,1,
,"Active","Inventory Part","Left Turn Nut Copper",,"Non","000005 · Diesel Engine Income","54000 · Diesel","12100 · Inventory Asset",0.00,,0,"Count In Each (ce)","Count by the Count In Each",1100.00,"Kyaw shin",,1500.00,"",
,"Active","Inventory Part","B 68",,"Non","000005 · Diesel Engine Income","54000 · Diesel","12100 · Inventory Asset",0.00,,204,"foot (ft)","Length by the foot",27.00,"New Star",,30.00,68,
,"Active","Inventory Part","Led Brake Bulb",,"Non","000004 · Motor cycle Income","54200 · Motor Cycle","12100 · Inventory Asset",0.00,,7,"Count In Each (ce)","Count by the Count In Each",350.00,"Thar Aung & Bros",,500.00,1,
,"Active","Inventory Part","175 Main Bearing Housing M",,"Non","000005 · Diesel Engine Income","54000 · Diesel","12100 · Inventory Asset",0.00,,1,"Count In Each (ce)","Count by the Count In Each",3600.00,"MyintMya",,4500.00,"",
,"Active","Inventory Part","175 Main Bearing Housing JD",,"Non","000005 · Diesel Engine Income","54000 · Diesel","12100 · Inventory Asset",0.00,,2,"Count In Each (ce)","Count by the Count In Each",3800.00,"MyintMya",,4500.00,"",
,"Active","Inventory Part","175 High Pressure Pipe",,"Non","000005 · Diesel Engine Income","54000 · Diesel","12100 · Inventory Asset",0.00,,26,"Count In Each (ce)","Count by the Count In Each",633.00,"MyintMya",,1000.00,"",
,"Active","Inventory Part","B 64",,"Non","000005 · Diesel Engine Income","54000 · Diesel","12100 · Inventory Asset",0.00,,-64,"foot (ft)","Length by the foot",14.5,"MyintMya",,30.00,"",
,"Active","Inventory Part","Engine Head Cover",,"Non","000004 · Motor cycle Income","54200 · Motor Cycle","12100 · Inventory Asset",0.00,,31.5,"Count In Each (ce)","Count by the Count In Each",300.00,"Yin Maha",,700.00,1,
,"Not-active","Inventory Part","Mega Oil",,"Non","000008 · Lubricant and Oil Income","Lubricant and Oil","12100 · Inventory Asset",0.00,,0,"Count In Each (ce)","Count by the Count In Each",2700.00,"Thu Zar Parts Of Motor Cycle",,3000.00,"",
,"Active","Inventory Part","175 Main Pipe Washer 12","..","Non","000005 · Diesel Engine Income","54000 · Diesel","12100 · Inventory Asset",0.00,"..",427,"Count In Each (ce)","Count by the Count In Each",23.00,"MyintMya",,50.00,"",
,"Active","Inventory Part","175 Main Pipe Conneting Bolt",,"Non","000005 · Diesel Engine Income","54000 · Diesel","12100 · Inventory Asset",0.00,,40,"Count In Each (ce)","Count by the Count In Each",95.00,"MyintMya",,300.00,"",
,"Active","Inventory Part","175 Valve Pack",,"Non","000005 · Diesel Engine Income","54000 · Diesel","12100 · Inventory Asset",0.00,,3,"Count In Each (ce)","Count by the Count In Each",950.00,"MyintMya",,1500.00,"",
,"Active","Inventory Part","175 Decompression Assy",,"Non","000005 · Diesel Engine Income","54000 · Diesel","12100 · Inventory Asset",0.00,,5,"Count In Each (ce)","Count by the Count In Each",275.00,"MyintMya",,500.00,"",
,"Active","Inventory Part","175 Valve Spring",,"Non","000005 · Diesel Engine Income","54000 · Diesel","12100 · Inventory Asset",0.00,,-2,"Count In Each (ce)","Count by the Count In Each",180.00,"MyintMya",,300.00,"",
,"Active","Inventory Part","175 Valve Cap",,"Non","000005 · Diesel Engine Income","54000 · Diesel","12100 · Inventory Asset",0.00,,14,"Count In Each (ce)","Count by the Count In Each",225.00,"MyintMya",,350.00,"",
,"Active","Inventory Part","175 Valve Collet",,"Non","000005 · Diesel Engine Income","54000 · Diesel","12100 · Inventory Asset",0.00,,18,"Count In Each (ce)","Count by the Count In Each",80.00,"MyintMya",,150.00,"",
,"Active","Inventory Part","175 Valve Guide",,"Non","000005 · Diesel Engine Income","54000 · Diesel","12100 · Inventory Asset",0.00,,12,"Count In Each (ce)","Count by the Count In Each",275.00,"MyintMya",,500.00,"",
,"Active","Inventory Part","175 Valve Seat",,"Non","000005 · Diesel Engine Income","54000 · Diesel","12100 · Inventory Asset",0.00,,8,"Count In Each (ce)","Count by the Count In Each",440.00,"MyintMya",,500.00,"",
,"Active","Inventory Part","175 Connecting Rod Bearing STD",,"Non","000005 · Diesel Engine Income","54000 · Diesel","12100 · Inventory Asset",0.00,,3,"Count In Each (ce)","Count by the Count In Each",300.00,"MyintMya",,400.00,"",
,"Active","Inventory Part","175 Push Rod",,"Non","000005 · Diesel Engine Income","54000 · Diesel","12100 · Inventory Asset",0.00,,6,"Count In Each (ce)","Count by the Count In Each",325.00,"MyintMya",,500.00,"",
,"Active","Inventory Part","175 Packing Full Set 3Ring",,"Non","000005 · Diesel Engine Income","54000 · Diesel","12100 · Inventory Asset",0.00,,-1,"Count In Each (ce)","Count by the Count In Each",600.00,"MyintMya",,800.00,"",
,"Active","Inventory Part","175 Packing Full Set M","..","Non","000005 · Diesel Engine Income","54000 · Diesel","12100 · Inventory Asset",0.00,"..",4,"Count In Each (ce)","Count by the Count In Each",750.00,"MyintMya",,800.00,"",
,"Active","Inventory Part","175 Plunger Head Nut",,"Non","000005 · Diesel Engine Income","54000 · Diesel","12100 · Inventory Asset",0.00,,3,"Count In Each (ce)","Count by the Count In Each",280.00,"MyintMya",,500.00,"",
,"Active","Inventory Part","B 80",,"Non","000005 · Diesel Engine Income","54000 · Diesel","12100 · Inventory Asset",0.00,,0,"Count In Each (ce)","Count by the Count In Each",21.00,"MyintMya",,30.00,"",
,"Active","Inventory Part","175 Plunger TH",,"Non","000005 · Diesel Engine Income","54000 · Diesel","12100 · Inventory Asset",0.00,,2,"Count In Each (ce)","Count by the Count In Each",1862.00,"MyintMya",,2500.00,"",
,"Active","Inventory Part","175 Plunger HB","..","Non","000005 · Diesel Engine Income","54000 · Diesel","12100 · Inventory Asset",0.00,,12,"Count In Each (ce)","Count by the Count In Each",1100.00,"MyintMya",,1500.00,"",
,"Active","Inventory Part","175 Lubricant Oil Pump TH",,"Non","000005 · Diesel Engine Income","54000 · Diesel","12100 · Inventory Asset",0.00,,2,"Count In Each (ce)","Count by the Count In Each",2550.00,"MyintMya",,3000.00,"",
,"Active","Inventory Part","175 Gear Full Set",,"Non","000005 · Diesel Engine Income","54000 · Diesel","12100 · Inventory Asset",0.00,,2,"Count In Each (ce)","Count by the Count In Each",5000.00,"MyintMya",,7000.00,"",
,"Active","Inventory Part","175 Piston Rabbit",,"Non","000005 · Diesel Engine Income","54000 · Diesel","12100 · Inventory Asset",0.00,,-1,"Count In Each (ce)","Count by the Count In Each",3100.00,"MyintMya",,4000.00,"",
,"Active","Inventory Part","175 Delivery Valve HB",,"Non","000005 · Diesel Engine Income","54000 · Diesel","12100 · Inventory Asset",0.00,,7,"Count In Each (ce)","Count by the Count In Each",550.00,"MyintMya",,1000.00,"",
,"Active","Inventory Part","175 Fuel Filter Washer 10",,"Non","000005 · Diesel Engine Income","54000 · Diesel","12100 · Inventory Asset",0.00,,514,"Count In Each (ce)","Count by the Count In Each",21.00,"MyintMya",,50.00,"",
,"Active","Inventory Part","175 Rocker Arm Bolt",,"Non","000005 · Diesel Engine Income","54000 · Diesel","12100 · Inventory Asset",0.00,,4,"Count In Each (ce)","Count by the Count In Each",130.00,"MyintMya",,200.00,"",
,"Active","Inventory Part","175 Fuel Cock W/ Element",,"Non","000005 · Diesel Engine Income","54000 · Diesel","12100 · Inventory Asset",0.00,,7,"Count In Each (ce)","Count by the Count In Each",850.00,"MyintMya",,1500.00,"",
,"Active","Inventory Part","175 Oil Indicator",,"Non","000005 · Diesel Engine Income","54000 · Diesel","12100 · Inventory Asset",0.00,,5,"Count In Each (ce)","Count by the Count In Each",325.00,"MyintMya",,500.00,"",
,"Active","Inventory Part","18CC Crank Oil Shutter",,"Non","000005 · Diesel Engine Income","54000 · Diesel","12100 · Inventory Asset",0.00,,62,"Count In Each (ce)","Count by the Count In Each",25.00,"MyintMya",,50.00,"",
,"Active","Inventory Part","Valvoline 20w-50",,"Non","000008 · Lubricant and Oil Income","Lubricant and Oil","12100 · Inventory Asset",0.00,,0,"Count In Each (ce)","Count by the Count In Each",14450.00,"PYITAN PADAMYAR Lubricants",,17340.00,1,
,"Active","Inventory Part","175 Fuel Tank New Design M",,"Non","000005 · Diesel Engine Income","54000 · Diesel","12100 · Inventory Asset",0.00,,1,"Count In Each (ce)","Count by the Count In Each",11500.00,"MyintMya",,15000.00,"",
,"Active","Inventory Part","4.5mm Twist Drill",,"Non","00001 · Hardware and tool Income","54300 · Hardware and tool","12100 · Inventory Asset",0.00,,19,"Count In Each (ce)","Count by the Count In Each",1500.00,"Raja",,2500.00,1,
,"Active","Inventory Part","18CC Valve Set Packing",,"Non","000005 · Diesel Engine Income","54000 · Diesel","12100 · Inventory Asset",0.00,,0,"Count In Each (ce)","Count by the Count In Each",1790,"MyintMya",,2500.00,"",
,"Active","Inventory Part","175 Fuel Tank Filter",,"Non","000005 · Diesel Engine Income","54000 · Diesel","12100 · Inventory Asset",0.00,,1,"Count In Each (ce)","Count by the Count In Each",185.00,"MyintMya",,300.00,"",
,"Active","Inventory Part","175 Fuel Tank",,"Non","000005 · Diesel Engine Income","54000 · Diesel","12100 · Inventory Asset",0.00,,-1,"Count In Each (ce)","Count by the Count In Each",11500.00,"MyintMya",,15000.00,"",
,"Active","Inventory Part","11/4 Nut",,"Non","000003 · Bolt and Nut Income","54520 · Bolt and Nut","12100 · Inventory Asset",0.00,,3,"Count In Each (ce)","Count by the Count In Each",430.00,"Mya Nut",,600.00,1,
,"Active","Inventory Part","11/2 Nut",,"Non","000003 · Bolt and Nut Income","54520 · Bolt and Nut","12100 · Inventory Asset",0.00,,0,"Count In Each (ce)","Count by the Count In Each",900.00,"Mya Nut",,1500.00,"",
,"Active","Inventory Part","1 Black Nut",,"Non","000003 · Bolt and Nut Income","54520 · Bolt and Nut","12100 · Inventory Asset",0.00,,136,"Count In Each (ce)","Count by the Count In Each",400.00,"Mya Nut",,700.00,5,
,"Active","Inventory Part","1 Gallon Plastic Tank","....","Non","00001 · Hardware and tool Income","54300 · Hardware and tool","12100 · Inventory Asset",0.00,"..",2,"Count In Each (ce)","Count by the Count In Each",600,"Raja",,800.00,1,
,"Active","Inventory Part","1 String Pipe",,"Non","00001 · Hardware and tool Income","54300 · Hardware and tool","12100 · Inventory Asset",0.00,,54,"foot (ft)","Length by the foot",128.00,"Raja",,300.00,1,
,"Active","Inventory Part","1/2 x 1 TNK",,"Non","000003 · Bolt and Nut Income","54520 · Bolt and Nut","12100 · Inventory Asset",0.00,,88,"Count In Each (ce)","Count by the Count In Each",166.66667,"Ko Tin Win",,250.00,1,
,"Active","Inventory Part","1/2 x 11/2 TNK",,"Non","000003 · Bolt and Nut Income","54520 · Bolt and Nut","12100 · Inventory Asset",0.00,,187,"Count In Each (ce)","Count by the Count In Each",471.00,"Ko Tin Win",,753.60,1,
,"Active","Inventory Part","1/2 x 2  TNK",,"Non","000003 · Bolt and Nut Income","54520 · Bolt and Nut","12100 · Inventory Asset",0.00,,166,"Count In Each (ce)","Count by the Count In Each",405.00,"Ko Tin Win",,600.00,1,
,"Active","Inventory Part","1/2 x 21/2 TNK",,"Non","000003 · Bolt and Nut Income","54520 · Bolt and Nut","12100 · Inventory Asset",0.00,,160,"Count In Each (ce)","Count by the Count In Each",127.08333,"Ko Tin Win",,250.00,1,
,"Active","Inventory Part","1/2 x 3 TNK",,"Non","000003 · Bolt and Nut Income","54520 · Bolt and Nut","12100 · Inventory Asset",0.00,,9,"Count In Each (ce)","Count by the Count In Each",145.83333,"Ko Tin Win",,300.00,1,
,"Active","Inventory Part","1/2 x 4 TNK","..","Non","000003 · Bolt and Nut Income","54520 · Bolt and Nut","12100 · Inventory Asset",0.00,"..",84,"Count In Each (ce)","Count by the Count In Each",166.00,"Ko Tin Win",,400.00,1,
,"Active","Inventory Part","1/2 Gallon Plastic Tank",,"Non","00001 · Hardware and tool Income","54300 · Hardware and tool","12100 · Inventory Asset",0.00,,0,"Count In Each (ce)","Count by the Count In Each",260.00,"Raja",,500.00,"",
,"Active","Inventory Part","1/2 Nut",,"Non","000003 · Bolt and Nut Income","54520 · Bolt and Nut","12100 · Inventory Asset",0.00,,-291,"Count In Each (ce)","Count by the Count In Each",35.00,"Mya Nut",,100.00,"",
,"Active","Inventory Part","1/2xPlain Washer Big",,"Non","000003 · Bolt and Nut Income","54520 · Bolt and Nut","12100 · Inventory Asset",0.00,,860,"Count In Each (ce)","Count by the Count In Each",13.00,"Ko Tin Win",,50.00,10,
,"Active","Inventory Part","1/2xSpring Washer",,"Non","000003 · Bolt and Nut Income","54520 · Bolt and Nut","12100 · Inventory Asset",0.00,,1124,"Count In Each (ce)","Count by the Count In Each",4.167,"Ko Tin Win",,50.00,10,
,"Active","Inventory Part","1/4 x 2 TNK",,"Non","000003 · Bolt and Nut Income","54520 · Bolt and Nut","12100 · Inventory Asset",0.00,,178,"Count In Each (ce)","Count by the Count In Each",125.00,"Ko Tin Win",,300.00,10,
,"Active","Inventory Part","1/4 x 3 TNK",,"Non","000003 · Bolt and Nut Income","54520 · Bolt and Nut","12100 · Inventory Asset",0.00,,101,"Count In Each (ce)","Count by the Count In Each",56.25,"Ko Tin Win",,150.00,10,
,"Active","Inventory Part","1/4 x 21/2  TNK",,"Non","000003 · Bolt and Nut Income","54520 · Bolt and Nut","12100 · Inventory Asset",0.00,,122,"Count In Each (ce)","Count by the Count In Each",49.30556,"Ko Tin Win",,150.00,10,
,"Active","Inventory Part","1/4 x 4 TNK",,"Non","000003 · Bolt and Nut Income","54520 · Bolt and Nut","12100 · Inventory Asset",0.00,,174,"Count In Each (ce)","Count by the Count In Each",79.86111,"Ko Tin Win",,200.00,10,
,"Active","Inventory Part","1/4 x 1 TNK",,"Non","000003 · Bolt and Nut Income","54520 · Bolt and Nut","12100 · Inventory Asset",0.00,,170,"Count In Each (ce)","Count by the Count In Each",86.00,"Ko Tin Win",,151.0244,10,
,"Active","Inventory Part","1/4 x 11/2 TNK",,"Non","000003 · Bolt and Nut Income","54520 · Bolt and Nut","12100 · Inventory Asset",0.00,,144,"Count In Each (ce)","Count by the Count In Each",110.00,"Ko Tin Win",,310.5882,10,
,"Active","Inventory Part","1/4 x 11/4 TNK",,"Non","000003 · Bolt and Nut Income","54520 · Bolt and Nut","12100 · Inventory Asset",0.00,,148,"Count In Each (ce)","Count by the Count In Each",100.00,"Ko Tin Win",,236.06558,10,
,"Active","Inventory Part","10 x 1/2 BFC","..","Non","000003 · Bolt and Nut Income","54520 · Bolt and Nut","12100 · Inventory Asset",0.00,,1326,"Count In Each (ce)","Count by the Count In Each",49.50,"Roberts & Bros",,82.50,10,
,"Active","Inventory Part","10 x 10   Stub Blolt",,"Non","000003 · Bolt and Nut Income","54520 · Bolt and Nut","12100 · Inventory Asset",0.00,,70,"Count In Each (ce)","Count by the Count In Each",25.00,"Ko Tin Win",,100.00,1,
,"Active","Inventory Part","10 x 11/2 BFC",,"Non","000003 · Bolt and Nut Income","54520 · Bolt and Nut","12100 · Inventory Asset",0.00,,507,"Count In Each (ce)","Count by the Count In Each",84.00,"Roberts & Bros",,180.5373,10,
,"Active","Inventory Part","10 x 2 BFC",,"Non","000003 · Bolt and Nut Income","54520 · Bolt and Nut","12100 · Inventory Asset",0.00,,445,"Count In Each (ce)","Count by the Count In Each",96.00,"Roberts & Bros",,179.53247,10,
,"Active","Inventory Part","10 x 3/4 BFC","..","Non","000003 · Bolt and Nut Income","54520 · Bolt and Nut","12100 · Inventory Asset",0.00,"..",1699,"Count In Each (ce)","Count by the Count In Each",53.47222,"Roberts & Bros",,100.00,10,
,"Active","Inventory Part","10 x 1 BFC","..","Non","000003 · Bolt and Nut Income","54520 · Bolt and Nut","12100 · Inventory Asset",0.00,"..",778,"Count In Each (ce)","Count by the Count In Each",58.33333,"Roberts & Bros",,100.00,10,
,"Active","Inventory Part","10 Bolt Clip",,"Non","000003 · Bolt and Nut Income","54520 · Bolt and Nut","12100 · Inventory Asset",0.00,,1407,"Count In Each (ce)","Count by the Count In Each",19.00,"Ko Tin Win",,31.66667,10,
,"Active","Inventory Part","10 Cap Nut",,"Non","000003 · Bolt and Nut Income","54520 · Bolt and Nut","12100 · Inventory Asset",0.00,,97,"Count In Each (ce)","Count by the Count In Each",50.00,"Ko Tin Win",,100.00,1,
,"Active","Inventory Part","10 Copper Clip",,"Non","000004 · Motor cycle Income","54200 · Motor Cycle","12100 · Inventory Asset",0.00,,687,"Count In Each (ce)","Count by the Count In Each",8.00,"Ko Tin Win",,25.00,10,
,"Active","Inventory Part","10 Half Spaner Ring",,"Non","00001 · Hardware and tool Income","54300 · Hardware and tool","12100 · Inventory Asset",0.00,,36,"Count In Each (ce)","Count by the Count In Each",1800.00,"Raja",,2250.00,1,
,"Active","Inventory Part","10 Welding atalantic ch40 T",,"Non","00001 · Hardware and tool Income","54300 · Hardware and tool","12100 · Inventory Asset",0.00,,1,"Count In Each (ce)","Count by the Count In Each",14500.00,"Raja",,21000.00,2,
,"Active","Inventory Part","10×Plain Washer Small",,"Non","000003 · Bolt and Nut Income","54520 · Bolt and Nut","12100 · Inventory Asset",0.00,,340,"Count In Each (ce)","Count by the Count In Each",2.30,"Ko Tin Win",,10.00,10,
,"Active","Inventory Part","100 Valve Guide PAG",,"Non","000004 · Motor cycle Income","54200 · Motor Cycle","12100 · Inventory Asset",0.00,,-7,"pair (pr)","Count by the pair",1295.00,"Rainbow",,2500.00,"",
,"Active","Inventory Part","100 Valve PAG",,"Non","000004 · Motor cycle Income","54200 · Motor Cycle","12100 · Inventory Asset",0.00,,0,"pair (pr)","Count by the pair",1017.00,"Rainbow",,3000.00,"",
,"Active","Inventory Part","10T Grade 1",,"Non","00001 · Hardware and tool Income","54300 · Hardware and tool","12100 · Inventory Asset",0.00,,-1,"Count In Each (ce)","Count by the Count In Each",1800.00,"Raja",,3000.00,"",
,"Active","Inventory Part","10x1/2 Shelves Nut",,"Non","000003 · Bolt and Nut Income","54520 · Bolt and Nut","12100 · Inventory Asset",0.00,,2212,"Count In Each (ce)","Count by the Count In Each",25.00,"Ko Tin Win",,30.00,1,
,"Active","Inventory Part","10x 5/8 cover Nut",,"Non","000003 · Bolt and Nut Income","54520 · Bolt and Nut","12100 · Inventory Asset",0.00,,60,"Count In Each (ce)","Count by the Count In Each",24.00,"Ko Tin Win",,50.00,1,
,"Active","Inventory Part","10x 5/8 L Key","..","Non","000003 · Bolt and Nut Income","54520 · Bolt and Nut","12100 · Inventory Asset",0.00,"....",141,"Count In Each (ce)","Count by the Count In Each",12.00,"Ko Tin Win",,50.00,1,
,"Active","Inventory Part","10x Spring Washer",,"Non","000003 · Bolt and Nut Income","54520 · Bolt and Nut","12100 · Inventory Asset",0.00,,324,"Count In Each (ce)","Count by the Count In Each",3.00,"Ko Tin Win",,10.00,"",
,"Active","Inventory Part","10x1 Engine Nut",,"Non","000003 · Bolt and Nut Income","54520 · Bolt and Nut","12100 · Inventory Asset",0.00,,460,"Count In Each (ce)","Count by the Count In Each",52.00,"Ko Tin Win",,104.00,1,
,"Active","Inventory Part","10x1/2 Cover Nut",,"Non","000003 · Bolt and Nut Income","54520 · Bolt and Nut","12100 · Inventory Asset",0.00,,706,"Count In Each (ce)","Count by the Count In Each",50.00,"Ko Tin Win",,100.00,1,
,"Active","Inventory Part","10x1/2 F Connection",,"Non","000003 · Bolt and Nut Income","54520 · Bolt and Nut","12100 · Inventory Asset",0.00,,280,"Count In Each (ce)","Count by the Count In Each",8.334,"Ko Tin Win",,20.00,"",
,"Active","Inventory Part","10x1/2 Screw Nut",,"Non","000003 · Bolt and Nut Income","54520 · Bolt and Nut","12100 · Inventory Asset",0.00,,181,"Count In Each (ce)","Count by the Count In Each",9.00,"Ko Tin Win",,100.00,1,
,"Active","Inventory Part","10x1/4 Chain Cover Nut",,"Non","000003 · Bolt and Nut Income","54520 · Bolt and Nut","12100 · Inventory Asset",0.00,,1568,"Count In Each (ce)","Count by the Count In Each",10,"Ko Tin Win",,25.00,"",
,"Active","Inventory Part","10x3/4 Cover Nut",,"Non","000003 · Bolt and Nut Income","54520 · Bolt and Nut","12100 · Inventory Asset",0.00,,1075,"Count In Each (ce)","Count by the Count In Each",58.00,"Ko Tin Win",,100.00,1,
,"Active","Inventory Part","10x5/8 JT Screw",,"Non","000003 · Bolt and Nut Income","54520 · Bolt and Nut","12100 · Inventory Asset",0.00,,799,"Count In Each (ce)","Count by the Count In Each",32.00,"Ko Tin Win",,106.66667,1,
,"Active","Inventory Part","10xCoulmn Nut",,"Non","000003 · Bolt and Nut Income","54520 · Bolt and Nut","12100 · Inventory Asset",0.00,,1323,"Count In Each (ce)","Count by the Count In Each",15.00,"Ko Tin Win",,25.00,"",
,"Active","Inventory Part","10xPlain Washer Big","..","Non","000003 · Bolt and Nut Income","54520 · Bolt and Nut","12100 · Inventory Asset",0.00,"..",709,"Count In Each (ce)","Count by the Count In Each",5.55556,"Ko Tin Win",,50.00,"",
,"Active","Inventory Part","11 Cap Nut",,"Non","000003 · Bolt and Nut Income","54520 · Bolt and Nut","12100 · Inventory Asset",0.00,,9,"pair (pr)","Count by the pair",33.00,"Ko Tin Win",,100.00,1,
,"Active","Inventory Part","11/2"" Plastic Brush",,"Non","00001 · Hardware and tool Income","54300 · Hardware and tool","12100 · Inventory Asset",0.00,,66,"Count In Each (ce)","Count by the Count In Each",197.91666,"Raja",,400.00,1,
,"Active","Inventory Part","11/2x Plain Washer Big",,"Non","000003 · Bolt and Nut Income","54520 · Bolt and Nut","12100 · Inventory Asset",0.00,,76,"Count In Each (ce)","Count by the Count In Each",100.00,"Ko Tin Win",,300.00,10,
,"Active","Inventory Part","11/4x Plain Washer Big",,"Non","000003 · Bolt and Nut Income","54520 · Bolt and Nut","12100 · Inventory Asset",0.00,,57,"Count In Each (ce)","Count by the Count In Each",70.00,"Ko Tin Win",,250.00,10,
,"Active","Inventory Part","110 Cabureter Full Set KYK",,"Non","000004 · Motor cycle Income","54200 · Motor Cycle","12100 · Inventory Asset",0.00,,1,"Count In Each (ce)","Count by the Count In Each",1450.00,"Thar Aung & Bros",,2000.00,1,"SKT00406"
,"Active","Inventory Part","110 Front axle",,"Non","000004 · Motor cycle Income","54200 · Motor Cycle","12100 · Inventory Asset",0.00,,43,"Count In Each (ce)","Count by the Count In Each",400.00,"Ko Tin Win",,800.00,1,
,"Active","Inventory Part","110 Rear Axle",,"Non","000004 · Motor cycle Income","54200 · Motor Cycle","12100 · Inventory Asset",0.00,,23,"Count In Each (ce)","Count by the Count In Each",450.00,"Ko Tin Win",,800.00,1,
,"Active","Inventory Part","110 Rear Shaft Swinging Arm",,"Non","000004 · Motor cycle Income","54200 · Motor Cycle","12100 · Inventory Asset",0.00,,43,"Count In Each (ce)","Count by the Count In Each",45.00,"Thar Aung & Bros",,800.00,1,
,"Active","Inventory Part","1125 Valve Seat",,"Non","000005 · Diesel Engine Income","54000 · Diesel","12100 · Inventory Asset",0.00,,8,"Count In Each (ce)","Count by the Count In Each",350.00,"MyintMya",,800.00,"",
,"Active","Inventory Part","1130 Intake Pipe Forward",,"Non","000005 · Diesel Engine Income","54000 · Diesel","12100 · Inventory Asset",0.00,,0,"Count In Each (ce)","Count by the Count In Each",6265.00,"MyintMya",,8000.00,"",
,"Active","Inventory Part","12 x 1  BFC",,"Non","000003 · Bolt and Nut Income","54520 · Bolt and Nut","12100 · Inventory Asset",0.00,,413,"Count In Each (ce)","Count by the Count In Each",105.00,"Ko Tin Win",,173.79312,10,
,"Active","Inventory Part","12 x 11/2 BFC",,"Non","000003 · Bolt and Nut Income","54520 · Bolt and Nut","12100 · Inventory Asset",0.00,,461,"Count In Each (ce)","Count by the Count In Each",132.00,"Roberts & Bros",,339.42856,10,
,"Active","Inventory Part","12 x 11/4 BFC",,"Non","000003 · Bolt and Nut Income","54520 · Bolt and Nut","12100 · Inventory Asset",0.00,,261,"Count In Each (ce)","Count by the Count In Each",26.389,"Ko Tin Win",,100.00,10,
,"Active","Inventory Part","12 x 12   Stub Blolt",,"Non","000003 · Bolt and Nut Income","54520 · Bolt and Nut","12100 · Inventory Asset",0.00,,46,"Count In Each (ce)","Count by the Count In Each",22.00,"Ko Tin Win",,100.00,1,
,"Active","Inventory Part","12 x 2 BFC",,"Non","000003 · Bolt and Nut Income","54520 · Bolt and Nut","12100 · Inventory Asset",0.00,,76,"Count In Each (ce)","Count by the Count In Each",51.38889,"Ko Tin Win",,100.00,10,
,"Active","Inventory Part","12 x 3/4 BFC",,"Non","000003 · Bolt and Nut Income","54520 · Bolt and Nut","12100 · Inventory Asset",0.00,,748,"Count In Each (ce)","Count by the Count In Each",98.00,"Ko Tin Win",,176.39999,10,
,"Active","Inventory Part","12 x Cap Nut",,"Non","000003 · Bolt and Nut Income","54520 · Bolt and Nut","12100 · Inventory Asset",0.00,,17,"Count In Each (ce)","Count by the Count In Each",50.00,"Ko Tin Win",,100.00,1,
,"Active","Inventory Part","12 Brake Rod JamNut",,"Non","000004 · Motor cycle Income","54200 · Motor Cycle","12100 · Inventory Asset",0.00,,88,"Count In Each (ce)","Count by the Count In Each",45.00,"Ko Tin Win",,100.00,1,
,"Active","Inventory Part","12 Half Spaner Ring",,"Non","00001 · Hardware and tool Income","54300 · Hardware and tool","12100 · Inventory Asset",0.00,,12,"Count In Each (ce)","Count by the Count In Each",1300.00,"Raja",,2052.63162,1,
,"Active","Inventory Part","12 T",,"Non","00001 · Hardware and tool Income","54300 · Hardware and tool","12100 · Inventory Asset",0.00,,2,"Count In Each (ce)","Count by the Count In Each",2500.00,"Raja",,4000.00,1,
,"Active","Inventory Part","12 Welding atalantic ch40 T",,"Non","00001 · Hardware and tool Income","54300 · Hardware and tool","12100 · Inventory Asset",0.00,,0,"Count In Each (ce)","Count by the Count In Each",15000.00,"Raja",,19000.00,1,
,"Active","Inventory Part","12 x Spring Washer",,"Non","000003 · Bolt and Nut Income","54520 · Bolt and Nut","12100 · Inventory Asset",0.00,,1157,"Count In Each (ce)","Count by the Count In Each",28.00,"Ko Tin Win",,50.00,10,
,"Active","Inventory Part","12.14.17",,"Non","00001 · Hardware and tool Income","54300 · Hardware and tool","12100 · Inventory Asset",0.00,,5,"Count In Each (ce)","Count by the Count In Each",5500.00,"Raja",,10000.00,"",
,"Active","Inventory Part","120 Wheel KYK",,"Non","000004 · Motor cycle Income","54200 · Motor Cycle","12100 · Inventory Asset",0.00,,1,"Count In Each (ce)","Count by the Count In Each",5000.00,"Thar Aung & Bros",,8000.00,"",
,"Active","Inventory Part","120 Wheel THAI",,"Non","000004 · Motor cycle Income","54200 · Motor Cycle","12100 · Inventory Asset",0.00,,2,"Count In Each (ce)","Count by the Count In Each",10000.00,"Thar Aung & Bros",,18000.00,1,
,"Active","Inventory Part","125 Big Bulb",,"Non","000004 · Motor cycle Income","54200 · Motor Cycle","12100 · Inventory Asset",0.00,,7,"Count In Each (ce)","Count by the Count In Each",350.00,"Thar Aung & Bros",,500.00,1,
,"Active","Inventory Part","125 Cabureter Full Set KYK",,"Non","000004 · Motor cycle Income","54200 · Motor Cycle","12100 · Inventory Asset",0.00,,4.52941,"Count In Each (ce)","Count by the Count In Each",1550.00,"Thar Aung & Bros",,2000.00,1,"SKT00407"
,"Active","Inventory Part","125 Clutch KYK",,"Non","000004 · Motor cycle Income","54200 · Motor Cycle","12100 · Inventory Asset",0.00,,9,"Count In Each (ce)","Count by the Count In Each",2600.00,"Thar Aung & Bros",,4482.75854,1,
,"Active","Inventory Part","125 Steering Handle cover",,"Non","000004 · Motor cycle Income","54200 · Motor Cycle","12100 · Inventory Asset",0.00,,7,"pair (pr)","Count by the pair",880.00,"Thar Aung & Bros",,1500.00,"",
,"Active","Inventory Part","125 Front Axle",,"Non","000004 · Motor cycle Income","54200 · Motor Cycle","12100 · Inventory Asset",0.00,,38,"Count In Each (ce)","Count by the Count In Each",400.00,"Ko Tin Win",,1000.00,1,
,"Active","Inventory Part","125 Rear Axle",,"Non","000004 · Motor cycle Income","54200 · Motor Cycle","12100 · Inventory Asset",0.00,,10,"Count In Each (ce)","Count by the Count In Each",450.00,"Ko Tin Win",,1000.00,1,
,"Active","Inventory Part","12T Grade 1",,"Non","00001 · Hardware and tool Income","54300 · Hardware and tool","12100 · Inventory Asset",0.00,,3,"Count In Each (ce)","Count by the Count In Each",1600.00,"Raja",,4000.00,0,
,"Active","Inventory Part","12T Oky",,"Non","00001 · Hardware and tool Income","54300 · Hardware and tool","12100 · Inventory Asset",0.00,,2,"Count In Each (ce)","Count by the Count In Each",700.00,"Super",,2000.00,1,
,"Active","Inventory Part","12x 4 Bolt Nut",,"Non","000003 · Bolt and Nut Income","54520 · Bolt and Nut","12100 · Inventory Asset",0.00,,26,"Count In Each (ce)","Count by the Count In Each",80.00,"Ko Tin Win",,300.00,1,
,"Active","Inventory Part","12x Coulmn Nut",,"Non","000003 · Bolt and Nut Income","54520 · Bolt and Nut","12100 · Inventory Asset",0.00,,172,"Count In Each (ce)","Count by the Count In Each",25.00,"Ko Tin Win",,25.00,"",
,"Active","Inventory Part","12x Plain Washer big",,"Non","000003 · Bolt and Nut Income","54520 · Bolt and Nut","12100 · Inventory Asset",0.00,,1184,"Count In Each (ce)","Count by the Count In Each",19.44444,"Ko Tin Win",,50.00,10,
,"Active","Inventory Part","12x Plain Washer Small",,"Non","000003 · Bolt and Nut Income","54520 · Bolt and Nut","12100 · Inventory Asset",0.00,,126,"Count In Each (ce)","Count by the Count In Each",5.00,"Ko Tin Win",,10.00,10,
,"Active","Inventory Part","12x3 Bolt Nut",,"Non","000003 · Bolt and Nut Income","54520 · Bolt and Nut","12100 · Inventory Asset",0.00,,-31,"Count In Each (ce)","Count by the Count In Each",65.00,"Ko Tin Win",,250.00,1,
,"Active","Inventory Part","12 x 4    BFC",,"Non","000003 · Bolt and Nut Income","54520 · Bolt and Nut","12100 · Inventory Asset",0.00,,209,"Count In Each (ce)","Count by the Count In Each",85.00,"Ko Tin Win",,200.00,1,
,"Active","Inventory Part","12 x 41/2   BFC",,"Non","000003 · Bolt and Nut Income","54520 · Bolt and Nut","12100 · Inventory Asset",0.00,,147,"Count In Each (ce)","Count by the Count In Each",100.00,"Ko Tin Win",,200.00,1,
,"Active","Inventory Part","12x5/8 Engine Nut",,"Non","000003 · Bolt and Nut Income","54520 · Bolt and Nut","12100 · Inventory Asset",0.00,,537,"Count In Each (ce)","Count by the Count In Each",30.00,"Ko Tin Win",,60.00,1,
,"Active","Inventory Part","12x5/8 L Key",,"Non","000003 · Bolt and Nut Income","54520 · Bolt and Nut","12100 · Inventory Asset",0.00,,45,"Count In Each (ce)","Count by the Count In Each",18.00,"Ko Tin Win",,100.00,1,
,"Active","Inventory Part","13 Half Spaner Ring",,"Non","00001 · Hardware and tool Income","54300 · Hardware and tool","12100 · Inventory Asset",0.00,,11,"Count In Each (ce)","Count by the Count In Each",2400.00,"Raja",,3927.27264,1,
,"Active","Inventory Part","13mm Twist Drill",,"Non","00001 · Hardware and tool Income","54300 · Hardware and tool","12100 · Inventory Asset",0.00,,2,"Count In Each (ce)","Count by the Count In Each",13600.00,"Raja",,18000.00,1,
,"Active","Inventory Part","13 T",,"Non","00001 · Hardware and tool Income","54300 · Hardware and tool","12100 · Inventory Asset",0.00,,5,"Count In Each (ce)","Count by the Count In Each",1450.00,"Super",,2000.00,0,
,"Active","Inventory Part","14 Center Stand  Nut",,"Non","000003 · Bolt and Nut Income","54520 · Bolt and Nut","12100 · Inventory Asset",0.00,,44,"Count In Each (ce)","Count by the Count In Each",175.00,"Ko Tin Win",,300.00,1,
,"Active","Inventory Part","14 Side Stand Nut",,"Non","000003 · Bolt and Nut Income","54520 · Bolt and Nut","12100 · Inventory Asset",0.00,,17,"Count In Each (ce)","Count by the Count In Each",25.00,"Ko Tin Win",,200.00,1,
,"Active","Inventory Part","14 T",,"Non","00001 · Hardware and tool Income","54300 · Hardware and tool","12100 · Inventory Asset",0.00,,-1,"Count In Each (ce)","Count by the Count In Each",1450.00,"Raja",,2000.00,"",
,"Active","Inventory Part","140 Wheel THAI",,"Non","000004 · Motor cycle Income","54200 · Motor Cycle","12100 · Inventory Asset",0.00,,1,"Count In Each (ce)","Count by the Count In Each",10600.00,"Thar Aung & Bros",,18000.00,1,
,"Active","Inventory Part","14T Grade 1",,"Non","00001 · Hardware and tool Income","54300 · Hardware and tool","12100 · Inventory Asset",0.00,,0,"Count In Each (ce)","Count by the Count In Each",1600.00,"Raja",,3500.00,0,
,"Active","Inventory Part","14x Cap Nut",,"Non","000003 · Bolt and Nut Income","54520 · Bolt and Nut","12100 · Inventory Asset",0.00,,0,"Count In Each (ce)","Count by the Count In Each",50.00,"Ko Tin Win",,100.00,1,
,"Active","Inventory Part","14xCoulmn Nut",,"Non","000003 · Bolt and Nut Income","54520 · Bolt and Nut","12100 · Inventory Asset",0.00,,698,"Count In Each (ce)","Count by the Count In Each",10.00,"Ko Tin Win",,50.00,10,
,"Active","Inventory Part","14xPlain Washer Big","..","Non","000003 · Bolt and Nut Income","54520 · Bolt and Nut","12100 · Inventory Asset",0.00,"..",2313,"Count In Each (ce)","Count by the Count In Each",40.00,"Ko Tin Win",,77.77778,10,
,"Active","Inventory Part","14xSpring Washer",,"Non","000003 · Bolt and Nut Income","54520 · Bolt and Nut","12100 · Inventory Asset",0.00,,1033,"Count In Each (ce)","Count by the Count In Each",17.36111,"Ko Tin Win",,50.00,10,
,"Active","Inventory Part","15mm Twist Drill",,"Non","00001 · Hardware and tool Income","54300 · Hardware and tool","12100 · Inventory Asset",0.00,,1,"Count In Each (ce)","Count by the Count In Each",3000.00,"Raja",,4000.00,1,
,"Active","Inventory Part","17 Half Spaner Ring",,"Non","00001 · Hardware and tool Income","54300 · Hardware and tool","12100 · Inventory Asset",0.00,,42,"Count In Each (ce)","Count by the Count In Each",3350.00,"Raja",,5116.36355,"",
,"Active","Inventory Part","17 Jam Nut 17Head",,"Non","000004 · Motor cycle Income","54200 · Motor Cycle","12100 · Inventory Asset",0.00,,41,"Count In Each (ce)","Count by the Count In Each",35.00,"Ko Tin Win",,100.00,1,
,"Active","Inventory Part","17 Jam Nut 19 Head",,"Non","000004 · Motor cycle Income","54200 · Motor Cycle","12100 · Inventory Asset",0.00,,29,"pair (pr)","Count by the pair",80.00,"Ko Tin Win",,150.00,1,
,"Active","Inventory Part","17 T",,"Non","00001 · Hardware and tool Income","54300 · Hardware and tool","12100 · Inventory Asset",0.00,,7,"Count In Each (ce)","Count by the Count In Each",1600,"Raja",,2000.00,1,
,"Active","Inventory Part","175 A Kid Set No Column",,"Non","000005 · Diesel Engine Income","54000 · Diesel","12100 · Inventory Asset",0.00,,2,"Count In Each (ce)","Count by the Count In Each",11305.00,"MyintMya",,14000.00,"",
,"Active","Inventory Part","175 Air Cleaner Assy",,"Non","000005 · Diesel Engine Income","54000 · Diesel","12100 · Inventory Asset",0.00,,1,"Count In Each (ce)","Count by the Count In Each",2295.00,"MyintMya",,3000.00,"",
,"Active","Inventory Part","175 Big Cover 3 rings",,"Non","000005 · Diesel Engine Income","54000 · Diesel","12100 · Inventory Asset",0.00,,3,"Count In Each (ce)","Count by the Count In Each",5000.00,"MyintMya",,7000.00,"",
,"Active","Inventory Part","175 Big Cover M",,"Non","000005 · Diesel Engine Income","54000 · Diesel","12100 · Inventory Asset",0.00,,3,"Count In Each (ce)","Count by the Count In Each",5500.00,"MyintMya",,7000.00,"",
,"Active","Inventory Part","175 Camshaft big M",,"Non","000005 · Diesel Engine Income","54000 · Diesel","12100 · Inventory Asset",0.00,,2,"Count In Each (ce)","Count by the Count In Each",2800.00,"MyintMya",,4000.00,"",
,"Active","Inventory Part","175 Camshaft Key",,"Non","000005 · Diesel Engine Income","54000 · Diesel","12100 · Inventory Asset",0.00,,5,"Count In Each (ce)","Count by the Count In Each",35.00,"MyintMya",,50.00,"",
,"Active","Inventory Part","175 Camshaft small 3rings",,"Non","000005 · Diesel Engine Income","54000 · Diesel","12100 · Inventory Asset",0.00,,2,,,2800.00,"MyintMya",,4000.00,"",
,"Active","Inventory Part","175 Piston Pin",,"Non","000005 · Diesel Engine Income","54000 · Diesel","12100 · Inventory Asset",0.00,,5,"Count In Each (ce)","Count by the Count In Each",590.00,"MyintMya",,700.00,"",
,"Active","Inventory Part","175 Connecting Rod Bushing",,"Non","000005 · Diesel Engine Income","54000 · Diesel","12100 · Inventory Asset",0.00,,15,"Count In Each (ce)","Count by the Count In Each",548.00,"MyintMya",,800.00,"",
,"Active","Inventory Part","175 Connecting Rod Pin Clip",,"Non","000005 · Diesel Engine Income","54000 · Diesel","12100 · Inventory Asset",0.00,,47,"Count In Each (ce)","Count by the Count In Each",25.00,"MyintMya",,50.00,"",
,"Active","Inventory Part","175 Crank Balancing Weight 1Hol",,"Non","000005 · Diesel Engine Income","54000 · Diesel","12100 · Inventory Asset",0.00,,1,"pair (pr)","Count by the pair",3500.00,"MyintMya",,4000.00,"",
,"Active","Inventory Part","175 Crank balancing Weight 3Hol",,"Non","000005 · Diesel Engine Income","54000 · Diesel","12100 · Inventory Asset",0.00,,1,"pair (pr)","Count by the pair",3500.00,"MyintMya",,4000.00,"",
,"Active","Inventory Part","175 Crank Key Big",,"Non","000005 · Diesel Engine Income","54000 · Diesel","12100 · Inventory Asset",0.00,,17,"Count In Each (ce)","Count by the Count In Each",75.00,"MyintMya",,100.00,"",
,"Active","Inventory Part","175 Crank Nut",,"Non","000005 · Diesel Engine Income","54000 · Diesel","12100 · Inventory Asset",0.00,,8,"Count In Each (ce)","Count by the Count In Each",450.00,"MyintMya",,700.00,"",
,"Active","Inventory Part","175 Crank Oil Shutter","..","Non","000005 · Diesel Engine Income","54000 · Diesel","12100 · Inventory Asset",0.00,"..",97,"Count In Each (ce)","Count by the Count In Each",25.00,"MyintMya",,50.00,"",
,"Active","Inventory Part","175 Crank Pinion Key",,"Non","000005 · Diesel Engine Income","54000 · Diesel","12100 · Inventory Asset",0.00,,8,"Count In Each (ce)","Count by the Count In Each",35.00,"MyintMya",,50.00,"",
,"Active","Inventory Part","175 Crank Shaft M TH",,"Non","000005 · Diesel Engine Income","54000 · Diesel","12100 · Inventory Asset",0.00,,0,"Count In Each (ce)","Count by the Count In Each",11571.00,"MyintMya",,13000.00,"",
,"Active","Inventory Part","175 Cylinder Liner Oil Seal ori",,"Non","000005 · Diesel Engine Income","54000 · Diesel","12100 · Inventory Asset",0.00,,13,"Count In Each (ce)","Count by the Count In Each",40.00,"MyintMya",,100.00,"",
,"Active","Inventory Part","175 Cylinder TRI",,"Non","000005 · Diesel Engine Income","54000 · Diesel","12100 · Inventory Asset",0.00,,-6,"Count In Each (ce)","Count by the Count In Each",4500.00,"MyintMya",,6000.00,"",
,"Active","Inventory Part","175 Delivery Valve Washer origi",,"Non","000005 · Diesel Engine Income","54000 · Diesel","12100 · Inventory Asset",0.00,,42,"Count In Each (ce)","Count by the Count In Each",45.00,"MyintMya",,100.00,"",
,"Active","Inventory Part","175 Engine Lifting Stud",,"Non","000005 · Diesel Engine Income","54000 · Diesel","12100 · Inventory Asset",0.00,,7,"Count In Each (ce)","Count by the Count In Each",350.00,"MyintMya",,500.00,"",
,"Active","Inventory Part","175 Engine Oil Filter Element",,"Non","000005 · Diesel Engine Income","54000 · Diesel","12100 · Inventory Asset",0.00,,4,"Count In Each (ce)","Count by the Count In Each",220.00,"MyintMya",,350.00,"",
,"Active","Inventory Part","175 Fuel Oil return Pipe",,"Non","000005 · Diesel Engine Income","54000 · Diesel","12100 · Inventory Asset",0.00,,12,"Count In Each (ce)","Count by the Count In Each",320,"MyintMya",,500.00,"",
,"Active","Inventory Part","175 Fuel Return Pipe Connecting",,"Non","000005 · Diesel Engine Income","54000 · Diesel","12100 · Inventory Asset",0.00,,30,"Count In Each (ce)","Count by the Count In Each",40.00,"MyintMya",,100.00,"",
,"Active","Inventory Part","175 Fuel Return Pipe Nut Washer",,"Non","000005 · Diesel Engine Income","54000 · Diesel","12100 · Inventory Asset",0.00,,-24,"Count In Each (ce)","Count by the Count In Each",20.00,"MyintMya",,50.00,"",
,"Active","Inventory Part","175 Fuel Ring Big",,"Non","000005 · Diesel Engine Income","54000 · Diesel","12100 · Inventory Asset",0.00,,26,"Count In Each (ce)","Count by the Count In Each",200.00,"MyintMya",,300.00,"",
,"Active","Inventory Part","175 Fuel Ring Medium",,"Non","000005 · Diesel Engine Income","54000 · Diesel","12100 · Inventory Asset",0.00,,26,"Count In Each (ce)","Count by the Count In Each",80.00,"MyintMya",,150.00,"",
,"Active","Inventory Part","175 Fuel Ring Small",,"Non","000005 · Diesel Engine Income","54000 · Diesel","12100 · Inventory Asset",0.00,,33,"Count In Each (ce)","Count by the Count In Each",70.00,"MyintMya",,150.00,"",
,"Active","Inventory Part","175 Fuel Tank Cap 2Cip (18=22=2",,"Non","000005 · Diesel Engine Income","54000 · Diesel","12100 · Inventory Asset",0.00,,10,"Count In Each (ce)","Count by the Count In Each",251.00,"MyintMya",,300.00,"",
,"Active","Inventory Part","175 Fuel Tank Cap 3Clip(18=22=2",,"Non","000005 · Diesel Engine Income","54000 · Diesel","12100 · Inventory Asset",0.00,,20,"Count In Each (ce)","Count by the Count In Each",185.00,"MyintMya",,300.00,"",
,"Active","Inventory Part","175 Fuel Tank Old Design M",,"Non","000005 · Diesel Engine Income","54000 · Diesel","12100 · Inventory Asset",0.00,,-1,"Count In Each (ce)","Count by the Count In Each",11500.00,"MyintMya",,15000.00,"",
,"Active","Inventory Part","175 Gasket Wide",,"Non","000005 · Diesel Engine Income","54000 · Diesel","12100 · Inventory Asset",0.00,,-1,"Count In Each (ce)","Count by the Count In Each",320.00,"MyintMya",,500.00,"",
,"Active","Inventory Part","175 Governor Fork",,"Non","000005 · Diesel Engine Income","54000 · Diesel","12100 · Inventory Asset",0.00,,4,"Count In Each (ce)","Count by the Count In Each",850.00,"MyintMya",,1000.00,"",
,"Active","Inventory Part","175 Governor Weight Assy TH",,"Non","000005 · Diesel Engine Income","54000 · Diesel","12100 · Inventory Asset",0.00,,4,"Count In Each (ce)","Count by the Count In Each",1900.00,"MyintMya",,2300.00,"",
,"Active","Inventory Part","175 Intake Pipe",,"Non","000005 · Diesel Engine Income","54000 · Diesel","12100 · Inventory Asset",0.00,,1,"Count In Each (ce)","Count by the Count In Each",1835.00,"MyintMya",,2200.00,"",
,"Active","Inventory Part","175 Aluminium Washer",,"Non","000005 · Diesel Engine Income","54000 · Diesel","12100 · Inventory Asset",0.00,,14.5,"Count In Each (ce)","Count by the Count In Each",60.00,"MyintMya",,200.00,"",
,"Active","Inventory Part","175 Nozzel 5mm TH (180=185)",,"Non","000005 · Diesel Engine Income","54000 · Diesel","12100 · Inventory Asset",0.00,,5,"Count In Each (ce)","Count by the Count In Each",2045.00,"MyintMya",,2500.00,"",
,"Active","Inventory Part","175 Nozzel 6mm HB (180=185=190)",,"Non","000005 · Diesel Engine Income","54000 · Diesel","12100 · Inventory Asset",0.00,,31,"Count In Each (ce)","Count by the Count In Each",2045.00,"MyintMya",,1500.00,"",
,"Active","Inventory Part","175 Nozzel 6mm TH(180=185)",,"Non","000005 · Diesel Engine Income","54000 · Diesel","12100 · Inventory Asset",0.00,,6,"Count In Each (ce)","Count by the Count In Each",1850.00,"MyintMya",,2500.00,"",
,"Active","Inventory Part","175 Nozzel Pluger D valve SET T",,"Non","000005 · Diesel Engine Income","54000 · Diesel","12100 · Inventory Asset",0.00,,0,"Count In Each (ce)","Count by the Count In Each",5386.00,"MyintMya",,6000.00,"",
,"Active","Inventory Part","175 Oil Dipstick",,"Non","000005 · Diesel Engine Income","54000 · Diesel","12100 · Inventory Asset",0.00,,1,"Count In Each (ce)","Count by the Count In Each",90.00,"MyintMya",,150.00,"",
,"Active","Inventory Part","175 Lubricant Filter",,"Non","000005 · Diesel Engine Income","54000 · Diesel","12100 · Inventory Asset",0.00,,-5,"Count In Each (ce)","Count by the Count In Each",200.00,"MyintMya",,300.00,"",
,"Active","Inventory Part","175 Oil Filter With Cock",,"Non","000005 · Diesel Engine Income","54000 · Diesel","12100 · Inventory Asset",0.00,,7,"Count In Each (ce)","Count by the Count In Each",750.00,"MyintMya",,1500.00,"",
,"Active","Inventory Part","175 Oil Sump",,"Non","000005 · Diesel Engine Income","54000 · Diesel","12100 · Inventory Asset",0.00,,3,"Count In Each (ce)","Count by the Count In Each",1350.00,"MyintMya",,2000.00,"",
,"Active","Inventory Part","175 Piston 4 Ring PRS2",,"Non","000005 · Diesel Engine Income","54000 · Diesel","12100 · Inventory Asset",0.00,,8,"Count In Each (ce)","Count by the Count In Each",1780.00,"MyintMya",,2500.00,"",
,"Active","Inventory Part","175 Fuel Injector TH",,"Non","000005 · Diesel Engine Income","54000 · Diesel","12100 · Inventory Asset",0.00,,-1,"Count In Each (ce)","Count by the Count In Each",3512.00,"MyintMya",,12000.00,"",
,"Active","Inventory Part","175 Rocker Arm Assy MTH",,"Non","000005 · Diesel Engine Income","54000 · Diesel","12100 · Inventory Asset",0.00,,-2,"Count In Each (ce)","Count by the Count In Each",2128.00,"MyintMya",,3500.00,"",
,"Active","Inventory Part","175 Silencer","..","Non","000005 · Diesel Engine Income","54000 · Diesel","12100 · Inventory Asset",0.00,,0,"Count In Each (ce)","Count by the Count In Each",2295.00,"MyintMya",,3000.00,"",
,"Active","Inventory Part","175 Silencer Packing 2 Bolt",,"Non","000005 · Diesel Engine Income","54000 · Diesel","12100 · Inventory Asset",0.00,,14,"Count In Each (ce)","Count by the Count In Each",37.00,"MyintMya",,100.00,"",
,"Active","Inventory Part","175 Silencer Packing 3 Bolt",,"Non","000005 · Diesel Engine Income","54000 · Diesel","12100 · Inventory Asset",0.00,,0,"Count In Each (ce)","Count by the Count In Each",38.334,"MyintMya",,100.00,"",
,"Active","Inventory Part","175 Snow mountain Piston",,"Non","000005 · Diesel Engine Income","54000 · Diesel","12100 · Inventory Asset",0.00,,1,"Count In Each (ce)","Count by the Count In Each",2200.00,"MyintMya",,2500.00,"",
,"Active","Inventory Part","175 Valve Set",,"Non","000005 · Diesel Engine Income","54000 · Diesel","12100 · Inventory Asset",0.00,,0,"Count In Each (ce)","Count by the Count In Each",1853.00,"MyintMya",,2500.00,"",
,"Active","Inventory Part","175 Valve Tappet",,"Non","000005 · Diesel Engine Income","54000 · Diesel","12100 · Inventory Asset",0.00,,3,"pair (pr)","Count by the pair",650.00,"MyintMya",,1000.00,"",
,"Active","Inventory Part","17T Grade 1",,"Non","00001 · Hardware and tool Income","54300 · Hardware and tool","12100 · Inventory Asset",0.00,,8,"Count In Each (ce)","Count by the Count In Each",2200,"Raja",,4000.00,0,
,"Active","Inventory Part","17xJam Nut",,"Non","000003 · Bolt and Nut Income","54520 · Bolt and Nut","12100 · Inventory Asset",0.00,,15,"Count In Each (ce)","Count by the Count In Each",50.00,"Ko Tin Win",,200.00,1,
,"Active","Inventory Part","17xSpring Washer",,"Non","000003 · Bolt and Nut Income","54520 · Bolt and Nut","12100 · Inventory Asset",0.00,,124,"Count In Each (ce)","Count by the Count In Each",6.945,"Ko Tin Win",,25.00,10,
,"Active","Inventory Part","18 Half Spaner Ring",,"Non","00001 · Hardware and tool Income","54300 · Hardware and tool","12100 · Inventory Asset",0.00,,11,"Count In Each (ce)","Count by the Count In Each",4000.00,"Raja",,6666.6668,1,
,"Active","Inventory Part","175 Fuel Pipe",,"Non","000005 · Diesel Engine Income","54000 · Diesel","12100 · Inventory Asset",0.00,,1,"Count In Each (ce)","Count by the Count In Each",640.00,"MyintMya",,1000.00,"",
,"Active","Inventory Part","185 Piston Rabbit",,"Non","000005 · Diesel Engine Income","54000 · Diesel","12100 · Inventory Asset",0.00,,1,"Count In Each (ce)","Count by the Count In Each",2880.00,"MyintMya",,3500.00,"",
,"Active","Inventory Part","185 Rocker Arm Bolt",,"Non","000005 · Diesel Engine Income","54000 · Diesel","12100 · Inventory Asset",0.00,,14,"Count In Each (ce)","Count by the Count In Each",180.00,"MyintMya",,300.00,"",
,"Active","Inventory Part","185 Valve Seat",,"Non","000005 · Diesel Engine Income","54000 · Diesel","12100 · Inventory Asset",0.00,,3.5,"pair (pr)","Count by the pair",270.00,"MyintMya",,500.00,"",
,"Active","Inventory Part","185 Valve SET",,"Non","000005 · Diesel Engine Income","54000 · Diesel","12100 · Inventory Asset",0.00,,6,"Count In Each (ce)","Count by the Count In Each",2283.00,"MyintMya",,3000.00,"",
,"Active","Inventory Part","18CC Governor Ball Race",,"Non","000005 · Diesel Engine Income","54000 · Diesel","12100 · Inventory Asset",0.00,,4,"Count In Each (ce)","Count by the Count In Each",800.00,"MyintMya",,1000.00,"",
,"Active","Inventory Part","18CC Nozzel Plunger Dvalve Set",,"Non","000005 · Diesel Engine Income","54000 · Diesel","12100 · Inventory Asset",0.00,,3.28571,"Count In Each (ce)","Count by the Count In Each",3845.00,"MyintMya",,7000.00,"",
,"Active","Inventory Part","18CC Valve Seat",,"Non","000005 · Diesel Engine Income","54000 · Diesel","12100 · Inventory Asset",0.00,,53,"pair (pr)","Count by the pair",275.00,"MyintMya",,500.00,"",
,"Active","Inventory Part","19 Half Spaner Ring","..","Non","00001 · Hardware and tool Income","54300 · Hardware and tool","12100 · Inventory Asset",0.00,,7,"Count In Each (ce)","Count by the Count In Each",5000.00,"Raja",,9000.00,1,
,"Active","Inventory Part","19 x Jam Nut",,"Non","000003 · Bolt and Nut Income","54520 · Bolt and Nut","12100 · Inventory Asset",0.00,,32,"Count In Each (ce)","Count by the Count In Each",80.00,"Ko Tin Win",,200.00,1,
,"Active","Inventory Part","19T Grade 1",,"Non","00001 · Hardware and tool Income","54300 · Hardware and tool","12100 · Inventory Asset",0.00,,1,"Count In Each (ce)","Count by the Count In Each",2400.00,"Raja",,4500.00,0,
,"Active","Inventory Part","19xPlain Washer Big",,"Non","000003 · Bolt and Nut Income","54520 · Bolt and Nut","12100 · Inventory Asset",0.00,,274,"Count In Each (ce)","Count by the Count In Each",30.00,"Ko Tin Win",,50.00,10,
,"Active","Inventory Part","19xSpring Washer",,"Non","000003 · Bolt and Nut Income","54520 · Bolt and Nut","12100 · Inventory Asset",0.00,,603,"Count In Each (ce)","Count by the Count In Each",12.50,"Ko Tin Win",,30.00,10,
,"Active","Inventory Part","1xPlain Washer Big",,"Non","000003 · Bolt and Nut Income","54520 · Bolt and Nut","12100 · Inventory Asset",0.00,,353,"pair (pr)","Count by the pair",60.00,"Ko Tin Win",,200.00,10,
,"Active","Inventory Part","2""  Plastic Brush","..","Non","00001 · Hardware and tool Income","54300 · Hardware and tool","12100 · Inventory Asset",0.00,"..",28,"Count In Each (ce)","Count by the Count In Each",277.08333,"Raja",,500.00,1,
,"Active","Inventory Part","2 Gallon Plastic Tank",,"Non","00001 · Hardware and tool Income","54300 · Hardware and tool","12100 · Inventory Asset",0.00,,-2,"Count In Each (ce)","Count by the Count In Each",760.00,"Raja",,1000.00,1,
,"Active","Inventory Part","21 Half Spaner Ring","..","Non","00001 · Hardware and tool Income","54300 · Hardware and tool","12100 · Inventory Asset",0.00,"..",4,"Count In Each (ce)","Count by the Count In Each",3500.00,"Raja",,5250.00,1,
,"Active","Inventory Part","21/2xPlain Washer Big",,"Non","000003 · Bolt and Nut Income","54520 · Bolt and Nut","12100 · Inventory Asset",0.00,,10,"Count In Each (ce)","Count by the Count In Each",300.00,"Ko Tin Win",,700.00,"",
,"Active","Inventory Part","22 Drain Cock",,"Non","000005 · Diesel Engine Income","54000 · Diesel","12100 · Inventory Asset",0.00,,-1,"Count In Each (ce)","Count by the Count In Each",450.00,"MyintMya",,800.00,"",
,"Active","Inventory Part","22 Fuel Pipe",,"Non","000005 · Diesel Engine Income","54000 · Diesel","12100 · Inventory Asset",0.00,,4,"Count In Each (ce)","Count by the Count In Each",1043.00,"MyintMya",,1200.00,"",
,"Active","Inventory Part","22 Lubricant Oil Pump TH",,"Non","000005 · Diesel Engine Income","54000 · Diesel","12100 · Inventory Asset",0.00,,4,"Count In Each (ce)","Count by the Count In Each",4791.00,"MyintMya",,5500.00,"",
,"Active","Inventory Part","22 Main Bearing Housing",,"Non","000005 · Diesel Engine Income","54000 · Diesel","12100 · Inventory Asset",0.00,,-1,"Count In Each (ce)","Count by the Count In Each",6300.00,"MyintMya",,7000.00,"",
,"Active","Inventory Part","22 Plunger TH",,"Non","000005 · Diesel Engine Income","54000 · Diesel","12100 · Inventory Asset",0.00,,0,"Count In Each (ce)","Count by the Count In Each",2686.00,"MyintMya",,3500.00,"",
,"Active","Inventory Part","22 Valve Guide",,"Non","000005 · Diesel Engine Income","54000 · Diesel","12100 · Inventory Asset",0.00,,4.5,"pair (pr)","Count by the pair",360.00,"MyintMya",,500.00,"",
,"Active","Inventory Part","225 DS Tube",,"Non","000004 · Motor cycle Income","54200 · Motor Cycle","12100 · Inventory Asset",0.00,,5,"Count In Each (ce)","Count by the Count In Each",3500.00,"Thar Aung & Bros",,4751.13135,1,
,"Active","Inventory Part","25 Half Spaner Ring",,"Non","00001 · Hardware and tool Income","54300 · Hardware and tool","12100 · Inventory Asset",0.00,,1,"Count In Each (ce)","Count by the Count In Each",5700.00,"Raja",,8000.00,1,
,"Active","Inventory Part","250 Everfly Tire","..","Non","000004 · Motor cycle Income","54200 · Motor Cycle","12100 · Inventory Asset",0.00,"..",2,"Count In Each (ce)","Count by the Count In Each",10850.00,"Thu Zar Parts Of Motor Cycle",,18630.65319,"",
,"Active","Inventory Part","250DS Tire D809",,"Non","000004 · Motor cycle Income","54200 · Motor Cycle","12100 · Inventory Asset",0.00,,2,"Count In Each (ce)","Count by the Count In Each",17500.00,"Thar Aung & Bros",,24999.9995,1,
,"Active","Inventory Part","25CC Nozzel Jim",,"Non","000005 · Diesel Engine Income","54000 · Diesel","12100 · Inventory Asset",0.00,,19,"Count In Each (ce)","Count by the Count In Each",120.00,"MyintMya",,300.00,"",
,"Active","Inventory Part","25CC Fuel Oil Return Pipe",,"Non","000005 · Diesel Engine Income","54000 · Diesel","12100 · Inventory Asset",0.00,,4,"Count In Each (ce)","Count by the Count In Each",250.00,"MyintMya",,500.00,"",
,"Active","Inventory Part","25CC Valve Set Pack",,"Non","000005 · Diesel Engine Income","54000 · Diesel","12100 · Inventory Asset",0.00,,-1,"Count In Each (ce)","Count by the Count In Each",1750.00,"MyintMya",,2500.00,"",
,"Active","Inventory Part","26 Half Spaner Ring",,"Non","00001 · Hardware and tool Income","54300 · Hardware and tool","12100 · Inventory Asset",0.00,,0,"Count In Each (ce)","Count by the Count In Each",3650.00,"Raja",,5000.00,1,
,"Active","Inventory Part","27 Half Spaner Ring",,"Non","00001 · Hardware and tool Income","54300 · Hardware and tool","12100 · Inventory Asset",0.00,,1,"Count In Each (ce)","Count by the Count In Each",5500.00,"Raja",,9364.86495,1,
,"Active","Inventory Part","29 Half Spaner Ring",,"Non","00001 · Hardware and tool Income","54300 · Hardware and tool","12100 · Inventory Asset",0.00,,7,"Count In Each (ce)","Count by the Count In Each",3200.00,"Raja",,6000.00,1,
,"Active","Inventory Part","3/16x1"" Column Bolt",,"Non","000003 · Bolt and Nut Income","54520 · Bolt and Nut","12100 · Inventory Asset",0.00,,188,"Count In Each (ce)","Count by the Count In Each",18.00,"Ko Tin Win",,25.00,1,
,"Active","Inventory Part","3/16x5/8 JT Green Head",,"Non","000003 · Bolt and Nut Income","54520 · Bolt and Nut","12100 · Inventory Asset",0.00,,-4,"Count In Each (ce)","Count by the Count In Each",8.00,"Ko Tin Win",,25.00,"",
,"Active","Inventory Part","3/16x5/8 Z Nut Rear Upper",,"Non","000003 · Bolt and Nut Income","54520 · Bolt and Nut","12100 · Inventory Asset",0.00,,275,"Count In Each (ce)","Count by the Count In Each",13.00,"Ko Tin Win",,25.00,1,
,"Active","Inventory Part","3/4 Nut",,"Non","000003 · Bolt and Nut Income","54520 · Bolt and Nut","12100 · Inventory Asset",0.00,,417,"Count In Each (ce)","Count by the Count In Each",110.00,"Mya Nut",,300.00,1,
,"Active","Inventory Part","3/4 String Pipe",,"Non","00001 · Hardware and tool Income","54300 · Hardware and tool","12100 · Inventory Asset",0.00,,14,"foot (ft)","Length by the foot",110,"Raja",,200.00,1,
,"Active","Inventory Part","3/4xPlain Washer Big",,"Non","000003 · Bolt and Nut Income","54520 · Bolt and Nut","12100 · Inventory Asset",0.00,,441,"Count In Each (ce)","Count by the Count In Each",40.00,"Ko Tin Win",,100.00,10,
,"Active","Inventory Part","3/8 x 1 TNK","....","Non","000003 · Bolt and Nut Income","54520 · Bolt and Nut","12100 · Inventory Asset",0.00,"....",994,"Count In Each (ce)","Count by the Count In Each",63.19444,"Ko Tin Win",,150.00,10,
,"Active","Inventory Part","3/8 x 11/4 TNK",,"Non","000003 · Bolt and Nut Income","54520 · Bolt and Nut","12100 · Inventory Asset",0.00,,245,"Count In Each (ce)","Count by the Count In Each",186.00,"Ko Tin Win",,350.00,10,
,"Active","Inventory Part","3/8 x 2 TNK",,"Non","000003 · Bolt and Nut Income","54520 · Bolt and Nut","12100 · Inventory Asset",0.00,,512,"Count In Each (ce)","Count by the Count In Each",56.94444,"Ko Tin Win",,200.00,10,
,"Active","Inventory Part","3/8 x 21/2 TNK",,"Non","000003 · Bolt and Nut Income","54520 · Bolt and Nut","12100 · Inventory Asset",0.00,,173,"Count In Each (ce)","Count by the Count In Each",129.16667,"Ko Tin Win",,250.00,10,
,"Active","Inventory Part","3/8 x 3 TNK",,"Non","000003 · Bolt and Nut Income","54520 · Bolt and Nut","12100 · Inventory Asset",0.00,,183,"Count In Each (ce)","Count by the Count In Each",138.88889,"Ko Tin Win",,300.00,1,
,"Active","Inventory Part","3/8 x 4 TNK",,"Non","000003 · Bolt and Nut Income","54520 · Bolt and Nut","12100 · Inventory Asset",0.00,,172,"Count In Each (ce)","Count by the Count In Each",169.44444,"Ko Tin Win",,350.00,1,
,"Active","Inventory Part","3/8 x 11/2 TNK",,"Non","000003 · Bolt and Nut Income","54520 · Bolt and Nut","12100 · Inventory Asset",0.00,,126.61538,"Count In Each (ce)","Count by the Count In Each",196.00,"Ko Tin Win",,400.00,10,
,"Active","Inventory Part","30 Half Spaner Ring",,"Non","00001 · Hardware and tool Income","54300 · Hardware and tool","12100 · Inventory Asset",0.00,,1,"Count In Each (ce)","Count by the Count In Each",9000.00,"Raja",,15428.5713,1,
,"Active","Inventory Part","30.60.10",,"Non","000005 · Diesel Engine Income","54000 · Diesel","12100 · Inventory Asset",0.00,,0,"Count In Each (ce)","Count by the Count In Each",250.00,"Raja",,500.00,"",
,"Active","Inventory Part","30205  NC",,"Non","000007 · Ball & Bearing","54599 · Ball and Bearing","12100 · Inventory Asset",0.00,,8,"Count In Each (ce)","Count by the Count In Each",1300.00,"Super",,2000.00,1,
,"Active","Inventory Part","30206 NC",,"Non","000007 · Ball & Bearing","54599 · Ball and Bearing","12100 · Inventory Asset",0.00,,11,"Count In Each (ce)","Count by the Count In Each",1450.00,"Super",,2500.00,1,
,"Active","Inventory Part","30207 NC",,"Non","000007 · Ball & Bearing","54599 · Ball and Bearing","12100 · Inventory Asset",0.00,,14,"Count In Each (ce)","Count by the Count In Each",2300.00,"Super",,3000.00,1,
,"Active","Inventory Part","30304  Na",,"Non","000007 · Ball & Bearing","54599 · Ball and Bearing","12100 · Inventory Asset",0.00,,2,"Count In Each (ce)","Count by the Count In Each",1100.00,"Super",,1300.00,1,
,"Active","Inventory Part","30305 Na",,"Non","000007 · Ball & Bearing","54599 · Ball and Bearing","12100 · Inventory Asset",0.00,,6,"Count In Each (ce)","Count by the Count In Each",1850.00,"Super",,2500.00,1,
,"Active","Inventory Part","30306 Na",,"Non","000007 · Ball & Bearing","54599 · Ball and Bearing","12100 · Inventory Asset",0.00,,7,"Count In Each (ce)","Count by the Count In Each",2500.00,"Super",,3500.00,1,
,"Active","Inventory Part","30307 Na",,"Non","000007 · Ball & Bearing","54599 · Ball and Bearing","12100 · Inventory Asset",0.00,,1,"Count In Each (ce)","Count by the Count In Each",3100.00,"Super",,4000.00,1,
,"Active","Inventory Part","30308 Na",,"Non","000007 · Ball & Bearing","54599 · Ball and Bearing","12100 · Inventory Asset",0.00,,3,"Count In Each (ce)","Count by the Count In Each",3400.00,"Super",,3500.00,1,
,"Active","Inventory Part","30309 NC",,"Non","000007 · Ball & Bearing","54599 · Ball and Bearing","12100 · Inventory Asset",0.00,,2,"Count In Each (ce)","Count by the Count In Each",3550.00,"Super",,4000.00,1,
,"Active","Inventory Part","3x11/4L Key",,"Non","000003 · Bolt and Nut Income","54520 · Bolt and Nut","12100 · Inventory Asset",0.00,,97,"Count In Each (ce)","Count by the Count In Each",150.00,"Roberts & Bros",,300.00,"",
,"Active","Inventory Part","3x1L Key",,"Non","000003 · Bolt and Nut Income","54520 · Bolt and Nut","12100 · Inventory Asset",0.00,,97,"Count In Each (ce)","Count by the Count In Each",130.00,"Raja",,250.00,"",
,"Active","Inventory Part","3x3/4L Key",,"Non","000003 · Bolt and Nut Income","54520 · Bolt and Nut","12100 · Inventory Asset",0.00,,67,"Count In Each (ce)","Count by the Count In Each",110.00,"Raja",,200.00,"",
,"Active","Inventory Part","4.2x3/4 Self drilling Screw",,"Non","000003 · Bolt and Nut Income","54520 · Bolt and Nut","12100 · Inventory Asset",0.00,,4432.66665,"Count In Each (ce)","Count by the Count In Each",18.00,"Ko Tin Win",,41.53846,1,
,"Active","Inventory Part","45.70.12.5",,"Non","000005 · Diesel Engine Income","54000 · Diesel","12100 · Inventory Asset",0.00,,25.5,"Count In Each (ce)","Count by the Count In Each",380.00,"MyintMya",,550.00,"",
,"Active","Inventory Part","4Clutch KYK",,"Non","000004 · Motor cycle Income","54200 · Motor Cycle","12100 · Inventory Asset",0.00,,-5,"Count In Each (ce)","Count by the Count In Each",3200.00,"Thar Aung & Bros",,4324.32448,1,
,"Active","Inventory Part","5 Gallon Plastic Tank",,"Non","00001 · Hardware and tool Income","54300 · Hardware and tool","12100 · Inventory Asset",0.00,,1,"Count In Each (ce)","Count by the Count In Each",1450.00,"Raja",,1600.00,1,
,"Active","Inventory Part","5/16 x 1 TNK",,"Non","000003 · Bolt and Nut Income","54520 · Bolt and Nut","12100 · Inventory Asset",0.00,,594,"Count In Each (ce)","Count by the Count In Each",163.00,"Roberts & Bros",,312.96002,10,
,"Active","Inventory Part","5/16 x 2 TNK",,"Non","000003 · Bolt and Nut Income","54520 · Bolt and Nut","12100 · Inventory Asset",0.00,,134,"pair (pr)","Count by the pair",231.00,"Ko Tin Win",,528.00,10,
,"Active","Inventory Part","5/16 x 21/2 TNK",,"Non","000003 · Bolt and Nut Income","54520 · Bolt and Nut","12100 · Inventory Asset",0.00,,121,"Count In Each (ce)","Count by the Count In Each",273.00,"Ko Tin Win",,500.00,10,
,"Active","Inventory Part","5/16 x 3 TNK","..","Non","000003 · Bolt and Nut Income","54520 · Bolt and Nut","12100 · Inventory Asset",0.00,"..",99,"Count In Each (ce)","Count by the Count In Each",300.00,"Ko Tin Win",,600.00,10,
,"Active","Inventory Part","5/16 x 3/4 TNK",,"Non","000003 · Bolt and Nut Income","54520 · Bolt and Nut","12100 · Inventory Asset",0.00,,912,"Count In Each (ce)","Count by the Count In Each",150.00,"Ko Tin Win",,317.64708,1,
,"Active","Inventory Part","5/16 x 4 TNK",,"Non","000003 · Bolt and Nut Income","54520 · Bolt and Nut","12100 · Inventory Asset",0.00,,152,"Count In Each (ce)","Count by the Count In Each",65.97222,"Ko Tin Win",,150.00,10,
,"Active","Inventory Part","5/16 x 11/2 TNK",,"Non","000003 · Bolt and Nut Income","54520 · Bolt and Nut","12100 · Inventory Asset",0.00,,382,"Count In Each (ce)","Count by the Count In Each",194.00,"Ko Tin Win",,460.48354,10,
,"Active","Inventory Part","5/16 x 11/4 TNK",,"Non","000003 · Bolt and Nut Income","54520 · Bolt and Nut","12100 · Inventory Asset",0.00,,173,"Count In Each (ce)","Count by the Count In Each",187.50,"Ko Tin Win",,400.00,10,
,"Active","Inventory Part","5/16 String Pipe",,"Non","00001 · Hardware and tool Income","54300 · Hardware and tool","12100 · Inventory Asset",0.00,,-4,"foot (ft)","Length by the foot",130.00,"Raja",,200.00,2,
,"Active","Inventory Part","5/8 x 11/2 TNK",,"Non","000003 · Bolt and Nut Income","54520 · Bolt and Nut","12100 · Inventory Asset",0.00,,39,"Count In Each (ce)","Count by the Count In Each",162.00,"Ko Tin Win",,300.00,1,
,"Active","Inventory Part","5/8 x 2 TNK",,"Non","000003 · Bolt and Nut Income","54520 · Bolt and Nut","12100 · Inventory Asset",0.00,,76,"Count In Each (ce)","Count by the Count In Each",179.16667,"Ko Tin Win",,350.00,1,
,"Active","Inventory Part","5/8 x 21/2  TNK",,"Non","000003 · Bolt and Nut Income","54520 · Bolt and Nut","12100 · Inventory Asset",0.00,,92,"Count In Each (ce)","Count by the Count In Each",128.473,"Ko Tin Win",,400.00,1,
,"Active","Inventory Part","5/8 x 3 TNK",,"Non","000003 · Bolt and Nut Income","54520 · Bolt and Nut","12100 · Inventory Asset",0.00,,98,"Count In Each (ce)","Count by the Count In Each",304.16667,"Ko Tin Win",,500.00,1,
,"Active","Inventory Part","5/8 x 4 TNK",,"Non","000003 · Bolt and Nut Income","54520 · Bolt and Nut","12100 · Inventory Asset",0.00,,72,"Count In Each (ce)","Count by the Count In Each",166.667,"Ko Tin Win",,500.00,1,
,"Active","Inventory Part","5/8 Nut",,"Non","000003 · Bolt and Nut Income","54520 · Bolt and Nut","12100 · Inventory Asset",0.00,,-347,"Count In Each (ce)","Count by the Count In Each",50.00,"Mya Nut",,100.00,"",
,"Active","Inventory Part","5/8xPlain Washer Big",,"Non","000003 · Bolt and Nut Income","54520 · Bolt and Nut","12100 · Inventory Asset",0.00,,466,"Count In Each (ce)","Count by the Count In Each",24.00,"Ko Tin Win",,50.00,10,
,"Active","Inventory Part","5/8xSpring Washer","..","Non","000003 · Bolt and Nut Income","54520 · Bolt and Nut","12100 · Inventory Asset",0.00,,1338,"Count In Each (ce)","Count by the Count In Each",17.36,"Ko Tin Win",,50.00,10,
,"Active","Inventory Part","50.80.12",,"Non","000005 · Diesel Engine Income","54000 · Diesel","12100 · Inventory Asset",0.00,,2,"Count In Each (ce)","Count by the Count In Each",258.00,"MyintMya",,500.00,"",
,"Active","Inventory Part","6 Long Nose Plier",,"Non","00001 · Hardware and tool Income","54300 · Hardware and tool","12100 · Inventory Asset",0.00,,12,"Count In Each (ce)","Count by the Count In Each",4000.00,"Raja",,6000.00,1,
,"Active","Inventory Part","6.5mm Twist Drill",,"Non","00001 · Hardware and tool Income","54300 · Hardware and tool","12100 · Inventory Asset",0.00,,16,"Count In Each (ce)","Count by the Count In Each",3200.00,"Raja",,5000.00,1,
,"Active","Inventory Part","6201 DD Na",,"Non","000007 · Ball & Bearing","54599 · Ball and Bearing","12100 · Inventory Asset",0.00,,5,"Count In Each (ce)","Count by the Count In Each",500.00,"Super",,887.09676,1,
,"Active","Inventory Part","6202 DD Na",,"Non","000007 · Ball & Bearing","54599 · Ball and Bearing","12100 · Inventory Asset",0.00,,14,"Count In Each (ce)","Count by the Count In Each",625.00,"Super",,1008.0645,2,
,"Active","Inventory Part","66202 Thick",,"Non","000007 · Ball & Bearing","54599 · Ball and Bearing","12100 · Inventory Asset",0.00,,6,"Count In Each (ce)","Count by the Count In Each",1500.00,"Super",,3000.00,1,
,"Active","Inventory Part","6203 DD NC",,"Non","000007 · Ball & Bearing","54599 · Ball and Bearing","12100 · Inventory Asset",0.00,,0,"Count In Each (ce)","Count by the Count In Each",850.00,"Super",,1500.00,1,
,"Active","Inventory Part","6204 J NC",,"Non","000007 · Ball & Bearing","54599 · Ball and Bearing","12100 · Inventory Asset",0.00,,0,"Count In Each (ce)","Count by the Count In Each",1425,"Super",,2000.00,1,
,"Active","Inventory Part","6204DD Na",,"Non","000007 · Ball & Bearing","54599 · Ball and Bearing","12100 · Inventory Asset",0.00,,19,"Count In Each (ce)","Count by the Count In Each",470.00,"Super",,1000.00,1,
,"Active","Inventory Part","6205 J  - NC",,"Non","000007 · Ball & Bearing","54599 · Ball and Bearing","12100 · Inventory Asset",0.00,,0,"Count In Each (ce)","Count by the Count In Each",3000.00,"Super",,4117.647,"",
,"Active","Inventory Part","6205DD Na",,"Non","000007 · Ball & Bearing","54599 · Ball and Bearing","12100 · Inventory Asset",0.00,,18,"Count In Each (ce)","Count by the Count In Each",1150.00,"Super",,2974.13794,1,
,"Active","Inventory Part","6206DD Na","..","Non","000007 · Ball & Bearing","54599 · Ball and Bearing","12100 · Inventory Asset",0.00,"..",-2,"Count In Each (ce)","Count by the Count In Each",1000.00,"Super",,2500.00,1,
,"Active","Inventory Part","6207 J  - NC",,"Non","000007 · Ball & Bearing","54599 · Ball and Bearing","12100 · Inventory Asset",0.00,,-1,"Count In Each (ce)","Count by the Count In Each",5350.00,"Super",,5000.00,1,
,"Active","Inventory Part","6207 Na",,"Non","000007 · Ball & Bearing","54599 · Ball and Bearing","12100 · Inventory Asset",0.00,,-1,"Count In Each (ce)","Count by the Count In Each",2700.00,"Super",,3494.11752,1,
,"Active","Inventory Part","6207DD Na",,"Non","000007 · Ball & Bearing","54599 · Ball and Bearing","12100 · Inventory Asset",0.00,,12,"Count In Each (ce)","Count by the Count In Each",2700.00,"Super",,4655.17233,1,
,"Active","Inventory Part","6208  Na",,"Non","000007 · Ball & Bearing","54599 · Ball and Bearing","12100 · Inventory Asset",0.00,,0,"Count In Each (ce)","Count by the Count In Each",3500.00,"Super",,5833.33345,1,
,"Active","Inventory Part","6209 J  -  NC",,"Non","000007 · Ball & Bearing","54599 · Ball and Bearing","12100 · Inventory Asset",0.00,,0,"Count In Each (ce)","Count by the Count In Each",5000.00,"Super",,7000.00,"",
,"Active","Inventory Part","6209 Na",,"Non","000007 · Ball & Bearing","54599 · Ball and Bearing","12100 · Inventory Asset",0.00,,1,"Count In Each (ce)","Count by the Count In Each",2300.00,"Super",,3000.00,1,
,"Active","Inventory Part","Trane 15w40 6Lit","..","Non","000008 · Lubricant and Oil Income","Lubricant and Oil","12100 · Inventory Asset",0.00,"..",0,"Count In Each (ce)","Count by the Count In Each",19700.00,"Htoo 3",,32000.00,1,
,"Active","Inventory Part","6301 DD Nc Japan",,"Non","000007 · Ball & Bearing","54599 · Ball and Bearing","12100 · Inventory Asset",0.00,,-1,"Count In Each (ce)","Count by the Count In Each",1900.00,"Super",,2500.00,1,
,"Active","Inventory Part","6302DD NC",,"Non","000007 · Ball & Bearing","54599 · Ball and Bearing","12100 · Inventory Asset",0.00,,0,"Count In Each (ce)","Count by the Count In Each",600,"Super",,1300.00,1,
,"Active","Inventory Part","6303DD Na",,"Non","000007 · Ball & Bearing","54599 · Ball and Bearing","12100 · Inventory Asset",0.00,,6,"Count In Each (ce)","Count by the Count In Each",890.00,"Super",,1500.00,1,
,"Active","Inventory Part","6305DD J  - NC",,"Non","000007 · Ball & Bearing","54599 · Ball and Bearing","12100 · Inventory Asset",0.00,,2,"Count In Each (ce)","Count by the Count In Each",5200.00,"Super",,5500.00,1,
,"Active","Inventory Part","6305DD NC",,"Non","000007 · Ball & Bearing","54599 · Ball and Bearing","12100 · Inventory Asset",0.00,,9,"Count In Each (ce)","Count by the Count In Each",950.00,"Super",,2500.00,1,
,"Active","Inventory Part","6306 DD KOYO",,"Non","000007 · Ball & Bearing","54599 · Ball and Bearing","12100 · Inventory Asset",0.00,,0,"Count In Each (ce)","Count by the Count In Each",6550.00,"New Star",,8000.00,1,
,"Active","Inventory Part","6308  NC",,"Non","000007 · Ball & Bearing","54599 · Ball and Bearing","12100 · Inventory Asset",0.00,,3,"Count In Each (ce)","Count by the Count In Each",2800.00,"Super",,4000.00,1,
,"Active","Inventory Part","6309  NC",,"Non","000007 · Ball & Bearing","54599 · Ball and Bearing","12100 · Inventory Asset",0.00,,2,"Count In Each (ce)","Count by the Count In Each",3200.00,"Super",,4500.00,1,
,"Active","Inventory Part","6314   J",,"Non","000007 · Ball & Bearing","54599 · Ball and Bearing","12100 · Inventory Asset",0.00,,-1,"Count In Each (ce)","Count by the Count In Each",31500.00,"Super",,35000.00,0,
,"Active","Inventory Part","6315   J",,"Non","000007 · Ball & Bearing","54599 · Ball and Bearing","12100 · Inventory Asset",0.00,,1,"Count In Each (ce)","Count by the Count In Each",27500.00,"Super",,35000.00,0,
,"Active","Inventory Part","6315 HCH",,"Non","000007 · Ball & Bearing","54599 · Ball and Bearing","12100 · Inventory Asset",0.00,,2,"Count In Each (ce)","Count by the Count In Each",17250.00,"Super",,25000.00,0,
,"Active","Inventory Part","6315 NC",,"Non","000007 · Ball & Bearing","54599 · Ball and Bearing","12100 · Inventory Asset",0.00,,1,"Count In Each (ce)","Count by the Count In Each",9850.00,"Super",,15000.00,0,
,"Active","Inventory Part","6x3/4 F Black Screw",,"Non","000003 · Bolt and Nut Income","54520 · Bolt and Nut","12100 · Inventory Asset",0.00,,1025,"Count In Each (ce)","Count by the Count In Each",3.41463,"Ko Tin Win",,15.00,10,
,"Active","Inventory Part","7mm Twist Drill",,"Non","00001 · Hardware and tool Income","54300 · Hardware and tool","12100 · Inventory Asset",0.00,,24,"Count In Each (ce)","Count by the Count In Each",3800.00,"Raja",,5000.00,1,
,"Active","Inventory Part","7/8 Nut",,"Non","000003 · Bolt and Nut Income","54300 · Hardware and tool","12100 · Inventory Asset",0.00,,22,"Count In Each (ce)","Count by the Count In Each",250.00,"Mya Nut",,300.00,1,
,"Active","Inventory Part","7x40 plain sticker",,"Non","000002 · Sticker Income","54400 · Sticker","12100 · Inventory Asset",0.00,,479.40002,"foot (ft)","Length by the foot",65.00,"Bo Gyi Sticker",,150.00,1,
,"Active","Inventory Part","8 Battery Nut",,"Non","000003 · Bolt and Nut Income","54520 · Bolt and Nut","12100 · Inventory Asset",0.00,,741,"pair (pr)","Count by the pair",14.00,"Ko Tin Win",,50.00,1,
,"Active","Inventory Part","8 Bolt clip",,"Non","000003 · Bolt and Nut Income","54520 · Bolt and Nut","12100 · Inventory Asset",0.00,,1101,"Count In Each (ce)","Count by the Count In Each",14.00,"Ko Tin Win",,20.00,"",
,"Active","Inventory Part","8 Half Spaner Ring","..","Non","00001 · Hardware and tool Income","54300 · Hardware and tool","12100 · Inventory Asset",0.00,,17,"Count In Each (ce)","Count by the Count In Each",2000.00,"Raja",,3000.00,1,
,"Active","Inventory Part","8 T",,"Non","00001 · Hardware and tool Income","54300 · Hardware and tool","12100 · Inventory Asset",0.00,,43,"Count In Each (ce)","Count by the Count In Each",4000.00,"Raja",,6220.0957,1,
,"Active","Inventory Part","8.10.12",,"Non","00001 · Hardware and tool Income","54300 · Hardware and tool","12100 · Inventory Asset",0.00,,10,"Count In Each (ce)","Count by the Count In Each",4350.00,"Raja",,6500.00,1,
,"Active","Inventory Part","8T Grade1","..","Non","00001 · Hardware and tool Income","54300 · Hardware and tool","12100 · Inventory Asset",0.00,,-3,"Count In Each (ce)","Count by the Count In Each",1900.00,"Raja",,3000.00,0,
,"Active","Inventory Part","8x Coulmn Nut",,"Non","000003 · Bolt and Nut Income","54520 · Bolt and Nut","12100 · Inventory Asset",0.00,,82,"Count In Each (ce)","Count by the Count In Each",4.00,"Ko Tin Win",,10.00,10,
,"Active","Inventory Part","8x5/8 JT Screw",,"Non","000003 · Bolt and Nut Income","54520 · Bolt and Nut","12100 · Inventory Asset",0.00,,198,"pair (pr)","Count by the pair",27.00,"Ko Tin Win",,50.00,1,
,"Not-active","Inventory Part","Asahi 6203",,"Non","000007 · Ball & Bearing","54599 · Ball and Bearing","12100 · Inventory Asset",0.00,,0,"Count In Each (ce)","Count by the Count In Each",650.00,"Thu Zar Parts Of Motor Cycle",,800.00,1,
,"Not-active","Inventory Part","Asahi 6300",,"Non","000007 · Ball & Bearing","54599 · Ball and Bearing","12100 · Inventory Asset",0.00,,0,"Count In Each (ce)","Count by the Count In Each",650.00,"Thu Zar Parts Of Motor Cycle",,800.00,"",
,"Active","Inventory Part","Asahi Dr Sporket & Chain",,"Non","000004 · Motor cycle Income","54200 · Motor Cycle","12100 · Inventory Asset",0.00,,0.76923,"Count In Each (ce)","Count by the Count In Each",6300.00,"Thu Zar Parts Of Motor Cycle",,6500.00,"",
,"Not-active","Inventory Part","Asahi Wave 125 Sporket & Chain",,"Non","000004 · Motor cycle Income","54200 · Motor Cycle","12100 · Inventory Asset",0.00,,-0.46256,"pair (pr)","Count by the pair",6300.00,"Thu Zar Parts Of Motor Cycle",,7500.00,"",
,"Active","Inventory Part","B Flasher Cut out",,"Non","000004 · Motor cycle Income","54200 · Motor Cycle","12100 · Inventory Asset",0.00,,-12,"Count In Each (ce)","Count by the Count In Each",1200.00,"Shwe Myaing Star",,1500.00,"",
,"Active","Inventory Part","B 56",,"Non","000005 · Diesel Engine Income","54000 · Diesel","12100 · Inventory Asset",0.00,,0,"foot (ft)","Length by the foot",21.00,"MyintMya",,30.00,"",
,"Active","Inventory Part","B 58",,"Non","000005 · Diesel Engine Income","54000 · Diesel","12100 · Inventory Asset",0.00,,-58,"foot (ft)","Length by the foot",24.00,"MyintMya",,30.00,"",
,"Active","Inventory Part","B 58 Thai",,"Non","000005 · Diesel Engine Income","54000 · Diesel","12100 · Inventory Asset",0.00,,116,"foot (ft)","Length by the foot",34.00,"New Star",,35.00,58,
,"Active","Inventory Part","Big Thailand Sticker",,"Non","000002 · Sticker Income","54400 · Sticker","12100 · Inventory Asset",0.00,,13,"Count In Each (ce)","Count by the Count In Each",700.00,"Bo Gyi Sticker",,1000.00,1,
,"Active","Inventory Part","Bird Saw",,"Non","00001 · Hardware and tool Income","54300 · Hardware and tool","12100 · Inventory Asset",0.00,,106,"Count In Each (ce)","Count by the Count In Each",211.1111,"Raja",,300.00,12,
,"Active","Inventory Part","Box Spaner 8",,"Non","00001 · Hardware and tool Income","54300 · Hardware and tool","12100 · Inventory Asset",0.00,,48,"Count In Each (ce)","Count by the Count In Each",1500.00,"Raja",,3000.00,1,
,"Active","Inventory Part","Brake Hub Rubber",,"Non","000004 · Motor cycle Income","54200 · Motor Cycle","12100 · Inventory Asset",0.00,,28,"Count In Each (ce)","Count by the Count In Each",850.00,"Thar Aung & Bros",,1500.00,1,"SKT0076"
,"Active","Inventory Part","China Back Mirror",,"Non","000004 · Motor cycle Income","54200 · Motor Cycle","12100 · Inventory Asset",0.00,,0,"pair (pr)","Count by the pair",900.00,"Thar Aung & Bros",,1500.00,1,"SKT00585"
,"Active","Inventory Part","city Clucth",,"Non","000004 · Motor cycle Income","54200 · Motor Cycle","12100 · Inventory Asset",0.00,,5,"Count In Each (ce)","Count by the Count In Each",1200.00,"Thar Aung & Bros",,1500.00,1,
,"Active","Inventory Part","Construction Helmet",,"Non","000004 · Motor cycle Income","54200 · Motor Cycle","12100 · Inventory Asset",0.00,,2,"Count In Each (ce)","Count by the Count In Each",1500.00,"Thar Aung & Bros",,2500.00,"",
,"Active","Inventory Part","Copper (1LB=7PCS)",,"Non","00001 · Hardware and tool Income","54300 · Hardware and tool","12100 · Inventory Asset",0.00,,112,"Count In Each (ce)","Count by the Count In Each",1600.00,"Raja",,3000.00,2,
,"Active","Inventory Part","Cover Sticker Tattoo",,"Non","000002 · Sticker Income","54400 · Sticker","12100 · Inventory Asset",0.00,,-2,"Count In Each (ce)","Count by the Count In Each",550.00,"Bo Bo Sticker",,1000.00,"",
,"Active","Inventory Part","Crank Powder",,"Non","00001 · Hardware and tool Income","54300 · Hardware and tool","12100 · Inventory Asset",0.00,,9,"Count In Each (ce)","Count by the Count In Each",11666.66667,"Raja",,15000.00,1,
,"Active","Inventory Part","Crest 6l",,"Non","000008 · Lubricant and Oil Income","Lubricant and Oil","12100 · Inventory Asset",0.00,,1,"Count In Each (ce)","Count by the Count In Each",33000.00,"Falcon Super Lubricants",,40000.00,"",
,"Active","Inventory Part","Cutting Wheel China",,"Non","00001 · Hardware and tool Income","54300 · Hardware and tool","12100 · Inventory Asset",0.00,,1545,"Count In Each (ce)","Count by the Count In Each",126,"Raja",,200.00,1,
,"Active","Inventory Part","CZI Cover Bracket",,"Non","000004 · Motor cycle Income","54200 · Motor Cycle","12100 · Inventory Asset",0.00,,5.5,"Count In Each (ce)","Count by the Count In Each",500.00,"Shwe Myaing Star",,700.00,1,
,"Active","Inventory Part","828 Depress Center Wheel Thick",,"Non","00001 · Hardware and tool Income","54300 · Hardware and tool","12100 · Inventory Asset",0.00,,23,"Count In Each (ce)","Count by the Count In Each",2500.00,"Super",,4000.00,5,
,"Active","Inventory Part","DF Clutch Ball Bearing YZ",,"Non","000005 · Diesel Engine Income","54000 · Diesel","12100 · Inventory Asset",0.00,,11,"Count In Each (ce)","Count by the Count In Each",1820.00,"MyintMya",,2500.00,"",
,"Active","Inventory Part","Double Led String Bulb",,"Non","000004 · Motor cycle Income","54200 · Motor Cycle","12100 · Inventory Asset",0.00,,4,"Count In Each (ce)","Count by the Count In Each",1750.00,"Thar Aung & Bros",,2500.00,1,
,"Active","Inventory Part","Double Tape .5 Inch",,"Non","00001 · Hardware and tool Income","54300 · Hardware and tool","12100 · Inventory Asset",0.00,,35.00001,"Count In Each (ce)","Count by the Count In Each",3500.00,"Raja",,5000.00,1,
,"Active","Inventory Part","Double Tape .5 small",,"Non","00001 · Hardware and tool Income","54300 · Hardware and tool","12100 · Inventory Asset",0.00,,54,"Count In Each (ce)","Count by the Count In Each",208.33333,"Raja",,300.00,1,
,"Active","Inventory Part","Double Tape 1 Inch",,"Non","00001 · Hardware and tool Income","54300 · Hardware and tool","12100 · Inventory Asset",0.00,,26.73333,"Count In Each (ce)","Count by the Count In Each",6000.00,"Raja",,8000.00,1,
,"Active","Inventory Part","Double Tape 1Inch small",,"Non","00001 · Hardware and tool Income","54300 · Hardware and tool","12100 · Inventory Asset",0.00,,90.5,"Count In Each (ce)","Count by the Count In Each",700.00,"Raja",,1343.89451,1,
,"Active","Inventory Part","Down Disc Brake Parts","..","Non","000004 · Motor cycle Income","54200 · Motor Cycle","12100 · Inventory Asset",0.00,,4,"Count In Each (ce)","Count by the Count In Each",725.00,"Shwe Myaing Star",,1000.00,1,
,"Active","Inventory Part","Dr W125 Plug Coil",,"Non","000004 · Motor cycle Income","54200 · Motor Cycle","12100 · Inventory Asset",0.00,,5,"Count In Each (ce)","Count by the Count In Each",1750.00,"Thar Aung & Bros",,2000.00,1,"SKT00027"
,"Active","Inventory Part","Dy Helmet normal","..","Non","000004 · Motor cycle Income","54200 · Motor Cycle","12100 · Inventory Asset",0.00,,0,"Count In Each (ce)","Count by the Count In Each",3950.00,"Thar Aung & Bros",,4500.00,1,
,"Active","Inventory Part","Elite 4L",,"Non","000008 · Lubricant and Oil Income","Lubricant and Oil","12100 · Inventory Asset",0.00,,1,"Count In Each (ce)","Count by the Count In Each",22000.00,"Falcon Super Lubricants",,30000.00,1,
,"Active","Inventory Part","Engine Oil cooler Normal",,"Non","000004 · Motor cycle Income","54200 · Motor Cycle","12100 · Inventory Asset",0.00,,1,"Count In Each (ce)","Count by the Count In Each",725.00,"Thar Aung & Bros",,1000.00,"",
,"Active","Inventory Part","EP 01",,"Non","000008 · Lubricant and Oil Income","Lubricant and Oil","12100 · Inventory Asset",0.00,,0,"Count In Each (ce)","Count by the Count In Each",50,"Htoo 3",,100.00,10,
,"Active","Inventory Part","Exhaust Gasket",,"Non","000004 · Motor cycle Income","54200 · Motor Cycle","12100 · Inventory Asset",0.00,,97,"Count In Each (ce)","Count by the Count In Each",65.00,"Thar Aung & Bros",,200.00,1,
,"Active","Inventory Part","Falcon","..","Non","000008 · Lubricant and Oil Income","Lubricant and Oil","12100 · Inventory Asset",0.00,,0,"Count In Each (ce)","Count by the Count In Each",4604.16667,"Falcon Super Lubricants",,5500.00,2,
,"Active","Inventory Part","Fancy Monster Steering Handle",,"Non","000004 · Motor cycle Income","54200 · Motor Cycle","12100 · Inventory Asset",0.00,,4,"pair (pr)","Count by the pair",980.00,"Thar Aung & Bros",,1500.00,1,
,"Active","Inventory Part","Hand Brake Cover",,"Non","000004 · Motor cycle Income","54200 · Motor Cycle","12100 · Inventory Asset",0.00,,11,"Count In Each (ce)","Count by the Count In Each",325.00,"Thar Aung & Bros",,300.00,"",
,"Active","Inventory Part","Front Bulb Blue",,"Non","000004 · Motor cycle Income","54200 · Motor Cycle","12100 · Inventory Asset",0.00,,1,"Count In Each (ce)","Count by the Count In Each",380.00,"Thar Aung & Bros",,500.00,"",
,"Not-active","Inventory Part","Fuji 6302",,"Non","000007 · Ball & Bearing","54599 · Ball and Bearing","12100 · Inventory Asset",0.00,,0,"Count In Each (ce)","Count by the Count In Each",400.00,"Thu Zar Parts Of Motor Cycle",,800.00,1,
,"Active","Inventory Part","Fuji Starter Motor Assy",,"Non","000004 · Motor cycle Income","54200 · Motor Cycle","12100 · Inventory Asset",0.00,,1,"Count In Each (ce)","Count by the Count In Each",15000.00,"Thu Zar Parts Of Motor Cycle",,17751.48,"",
,"Active","Inventory Part","Gemini Welding",,"Non","00001 · Hardware and tool Income","54300 · Hardware and tool","12100 · Inventory Asset",0.00,,46,"Count In Each (ce)","Count by the Count In Each",1143.51851,"Raja",,2000.00,2,
,"Active","Inventory Part","Grease String","..","Non","00001 · Hardware and tool Income","54300 · Hardware and tool","12100 · Inventory Asset",0.00,,73,"foot (ft)","Length by the foot",100.00,"Raja",,200.00,1,
,"Active","Inventory Part","Half Spaner Pack",,"Non","00001 · Hardware and tool Income","54300 · Hardware and tool","12100 · Inventory Asset",0.00,,0,"count in box (cb)","Count by the count in Pack",10000,"Raja",,13000.00,"",
,"Active","Inventory Part","Honda Shaft Nut",,"Non","000005 · Diesel Engine Income","54000 · Diesel","12100 · Inventory Asset",0.00,,0,"Count In Each (ce)","Count by the Count In Each",850.00,"Kyaw shin",,3000.00,0,
,"Active","Inventory Part","Honda Sticker",,"Non","000002 · Sticker Income","54400 · Sticker","12100 · Inventory Asset",0.00,,30,"Count In Each (ce)","Count by the Count In Each",200.00,"Bo Bo Sticker",,300.00,1,
,"Active","Inventory Part","Japan Paper",,"Non","000005 · Diesel Engine Income","54000 · Diesel","12100 · Inventory Asset",0.00,,22,"Count In Each (ce)","Count by the Count In Each",180.00,"Super",,500.00,1,
,"Active","Inventory Part","LA 1/4 Blue1601",,"Non","00001 · Hardware and tool Income","54300 · Hardware and tool","12100 · Inventory Asset",0.00,,0,"Count In Each (ce)","Count by the Count In Each",5300.00,"Raja",,8000.00,1,
,"Active","Inventory Part","Leather Card Key Chain",,"Non","000002 · Sticker Income","54400 · Sticker","12100 · Inventory Asset",0.00,,48,"Count In Each (ce)","Count by the Count In Each",343.00,"Bo Bo Sticker",,500.00,1,
,"Active","Inventory Part","Leather Polish",,"Non","00001 · Hardware and tool Income","54300 · Hardware and tool","12100 · Inventory Asset",0.00,,15.66667,"Count In Each (ce)","Count by the Count In Each",83.334,"Thar Aung & Bros",,150.00,1,
,"Active","Inventory Part","Led 3 Bulb",,"Non","000004 · Motor cycle Income","54200 · Motor Cycle","12100 · Inventory Asset",0.00,,224,"Count In Each (ce)","Count by the Count In Each",160.00,"Thar Aung & Bros",,400.00,1,
,"Active","Inventory Part","LED 4 Bulb",,"Non","000004 · Motor cycle Income","54200 · Motor Cycle","12100 · Inventory Asset",0.00,,44,"Count In Each (ce)","Count by the Count In Each",700.00,"Thar Aung & Bros",,1000.00,2,
,"Active","Inventory Part","LED 6 Bulb",,"Non","000004 · Motor cycle Income","54200 · Motor Cycle","12100 · Inventory Asset",0.00,,0,"Count In Each (ce)","Count by the Count In Each",3200.00,"Shwe Myaing Star",,4000.00,1,
,"Active","Inventory Part","Led Brake Bulb Logo sign",,"Non","000004 · Motor cycle Income","54200 · Motor Cycle","12100 · Inventory Asset",0.00,,9,"Count In Each (ce)","Count by the Count In Each",3500,"Thar Aung & Bros",,4000.00,1,
,"Active","Inventory Part","Led Bulb signal",,"Non","000004 · Motor cycle Income","54200 · Motor Cycle","12100 · Inventory Asset",0.00,,82,"Count In Each (ce)","Count by the Count In Each",125.00,"Thar Aung & Bros",,300.00,1,
,"Active","Inventory Part","Led Front Bulb Spacial",,"Non","000004 · Motor cycle Income","54200 · Motor Cycle","12100 · Inventory Asset",0.00,,7,"Count In Each (ce)","Count by the Count In Each",1500.00,"Thar Aung & Bros",,3500.00,1,
,"Active","Inventory Part","Led String Bulb",,"Non","000004 · Motor cycle Income","54000 · Diesel","12100 · Inventory Asset",0.00,,-2,"Count In Each (ce)","Count by the Count In Each",2000.00,"Thar Aung & Bros",,2500.00,"",
,"Active","Inventory Part","Long Box Spaner 10",,"Non","00001 · Hardware and tool Income","54300 · Hardware and tool","12100 · Inventory Asset",0.00,,6,"Count In Each (ce)","Count by the Count In Each",3000.00,"Raja",,5769.2307,1,
,"Active","Inventory Part","Long Box Spaner 12",,"Non","00001 · Hardware and tool Income","54300 · Hardware and tool","12100 · Inventory Asset",0.00,,3,"Count In Each (ce)","Count by the Count In Each",3000.00,"Raja",,5357.1429,1,
,"Active","Inventory Part","Long Led Flash Light Twin",,"Non","000004 · Motor cycle Income","54200 · Motor Cycle","12100 · Inventory Asset",0.00,,10,"Count In Each (ce)","Count by the Count In Each",1750.00,"Thar Aung & Bros",,2500.00,1,
,"Active","Inventory Part","Lucky Brake fluid",,"Non","000008 · Lubricant and Oil Income","Lubricant and Oil","12100 · Inventory Asset",0.00,,17,"Count In Each (ce)","Count by the Count In Each",350.00,"Htoo 3",,500.00,1,
,"Active","Inventory Part","lucky Helmet",,"Non","000004 · Motor cycle Income","54200 · Motor Cycle","12100 · Inventory Asset",0.00,,-1,"Count In Each (ce)","Count by the Count In Each",3100.00,"Thar Aung & Bros",,3500.00,1,
,"Active","Inventory Part","2pin Wire Socket",,"Non","000004 · Motor cycle Income","54200 · Motor Cycle","12100 · Inventory Asset",0.00,,85,"Count In Each (ce)","Count by the Count In Each",200,"Shwe Myaing Star",,300.00,1,
,"Active","Inventory Part","3 pin Wire Socket",,"Non","000004 · Motor cycle Income","54200 · Motor Cycle","12100 · Inventory Asset",0.00,,29,"Count In Each (ce)","Count by the Count In Each",200,"Shwe Myaing Star",,300.00,1,
,"Active","Inventory Part","M10 x 1 4.8",,"Non","000003 · Bolt and Nut Income","54520 · Bolt and Nut","12100 · Inventory Asset",0.00,,32,"Count In Each (ce)","Count by the Count In Each",90.27778,"Ko Tin Win",,150.00,1,
,"Active","Inventory Part","M10 x 11/4 16 Spaner 4.8",,"Non","000003 · Bolt and Nut Income","54520 · Bolt and Nut","12100 · Inventory Asset",0.00,,0,"Count In Each (ce)","Count by the Count In Each",36.112,"Ko Tin Win",,100.00,1,
,"Active","Inventory Part","M10 x 11/24.8",,"Non","000003 · Bolt and Nut Income","54520 · Bolt and Nut","12100 · Inventory Asset",0.00,,327,"Count In Each (ce)","Count by the Count In Each",223.00,"Ko Tin Win",,401.40,1,
,"Active","Inventory Part","M10 x 11/417Spaner 4.8",,"Non","000003 · Bolt and Nut Income","54520 · Bolt and Nut","12100 · Inventory Asset",0.00,,190,"Count In Each (ce)","Count by the Count In Each",194.00,"Ko Tin Win",,268.54927,1,
,"Active","Inventory Part","M10 x 2 4.8",,"Non","000003 · Bolt and Nut Income","54520 · Bolt and Nut","12100 · Inventory Asset",0.00,,144,"Count In Each (ce)","Count by the Count In Each",111.11111,"Ko Tin Win",,150.00,1,
,"Active","Inventory Part","M12 x 11/2 4.8",,"Non","000003 · Bolt and Nut Income","54520 · Bolt and Nut","12100 · Inventory Asset",0.00,,369,"Count In Each (ce)","Count by the Count In Each",311.00,"Ko Tin Win",,1053.7372,1,
,"Active","Inventory Part","M12 x 11/4 4.8",,"Non","000003 · Bolt and Nut Income","54520 · Bolt and Nut","12100 · Inventory Asset",0.00,,45,"Count In Each (ce)","Count by the Count In Each",26.389,"Ko Tin Win",,150.00,1,
,"Active","Inventory Part","M12 x 1 4.8",,"Non","000003 · Bolt and Nut Income","54520 · Bolt and Nut","12100 · Inventory Asset",0.00,,308,"Count In Each (ce)","Count by the Count In Each",66.66667,"Ko Tin Win",,150.00,1,
,"Active","Inventory Part","M12 x 2 4.8",,"Non","000003 · Bolt and Nut Income","54520 · Bolt and Nut","12100 · Inventory Asset",0.00,,89,"Count In Each (ce)","Count by the Count In Each",65.973,"Ko Tin Win",,250.00,1,
,"Active","Inventory Part","M12 x 21/2 4.8",,"Non","000003 · Bolt and Nut Income","54520 · Bolt and Nut","12100 · Inventory Asset",0.00,,38,"Count In Each (ce)","Count by the Count In Each",86.806,"Ko Tin Win",,300.00,1,
,"Active","Inventory Part","M12 x 3 4.8",,"Non","000003 · Bolt and Nut Income","54520 · Bolt and Nut","12100 · Inventory Asset",0.00,,57,"Count In Each (ce)","Count by the Count In Each",127.08333,"Ko Tin Win",,350.00,1,
,"Active","Inventory Part","M12 x 4 4.8",,"Non","000003 · Bolt and Nut Income","54520 · Bolt and Nut","12100 · Inventory Asset",0.00,,256,"Count In Each (ce)","Count by the Count In Each",141.66667,"Ko Tin Win",,400.00,1,
,"Active","Inventory Part","M14 x 11/2 4.8",,"Non","000003 · Bolt and Nut Income","54520 · Bolt and Nut","12100 · Inventory Asset",0.00,,3,"Count In Each (ce)","Count by the Count In Each",79.167,"Ko Tin Win",,250.00,1,
,"Active","Inventory Part","M14 x 1 4.8",,"Non","000003 · Bolt and Nut Income","54520 · Bolt and Nut","12100 · Inventory Asset",0.00,,44,"pair (pr)","Count by the pair",62.50,"Ko Tin Win",,200.00,1,
,"Active","Inventory Part","M14 x 2 4.8",,"Non","000003 · Bolt and Nut Income","54520 · Bolt and Nut","12100 · Inventory Asset",0.00,,93,"Count In Each (ce)","Count by the Count In Each",95.934,"Ko Tin Win",,300.00,1,
,"Active","Inventory Part","M14 x 21/2 4.8",,"Non","000003 · Bolt and Nut Income","54520 · Bolt and Nut","12100 · Inventory Asset",0.00,,122,"Count In Each (ce)","Count by the Count In Each",162.50,"Ko Tin Win",,300.00,1,
,"Active","Inventory Part","M14 x 3 4.8",,"Non","000003 · Bolt and Nut Income","54520 · Bolt and Nut","12100 · Inventory Asset",0.00,,124,"Count In Each (ce)","Count by the Count In Each",177.08333,"Ko Tin Win",,350.00,1,
,"Active","Inventory Part","M14 x 4 4.8",,"Non","000003 · Bolt and Nut Income","54520 · Bolt and Nut","12100 · Inventory Asset",0.00,,116,"Count In Each (ce)","Count by the Count In Each",220.13889,"Ko Tin Win",,400.00,1,
,"Active","Inventory Part","M16 x 11/2 4.8",,"Non","000003 · Bolt and Nut Income","54520 · Bolt and Nut","12100 · Inventory Asset",0.00,,18,"Count In Each (ce)","Count by the Count In Each",112.50,"Ko Tin Win",,250.00,1,
,"Active","Inventory Part","M16 x 2 4.8",,"Non","000003 · Bolt and Nut Income","54520 · Bolt and Nut","12100 · Inventory Asset",0.00,,82,"Count In Each (ce)","Count by the Count In Each",116.667,"Ko Tin Win",,300.00,1,
,"Active","Inventory Part","M16 x 21/2 4.8",,"Non","000003 · Bolt and Nut Income","54520 · Bolt and Nut","12100 · Inventory Asset",0.00,,93,"Count In Each (ce)","Count by the Count In Each",291.66667,"Ko Tin Win",,350.00,1,
,"Active","Inventory Part","M16 x 3 4.8",,"Non","000003 · Bolt and Nut Income","54520 · Bolt and Nut","12100 · Inventory Asset",0.00,,136,"Count In Each (ce)","Count by the Count In Each",233.33333,"Ko Tin Win",,400.00,1,
,"Active","Inventory Part","M16 x 4 4.8",,"Non","000003 · Bolt and Nut Income","54520 · Bolt and Nut","12100 · Inventory Asset",0.00,,135,"Count In Each (ce)","Count by the Count In Each",279.16667,"Ko Tin Win",,500.00,1,
,"Active","Inventory Part","Maker Pin 6mm",,"Non","00001 · Hardware and tool Income","54520 · Bolt and Nut","12100 · Inventory Asset",0.00,,4559.5,"each (ea)","Each to Case/Doz",16.66667,"Raja",,50.00,1,
,"Active","Inventory Part","Maxi 4L",,"Non","000008 · Lubricant and Oil Income","Lubricant and Oil","12100 · Inventory Asset",0.00,,2,"Count In Each (ce)","Count by the Count In Each",22000.00,"Falcon Super Lubricants",,50000.00,1,
,"Not-active","Inventory Part","Mega Oil Prize",,"Non","000008 · Lubricant and Oil Income","Lubricant and Oil","12100 · Inventory Asset",0.00,,0,"Count In Each (ce)","Count by the Count In Each",3000.00,"Thu Zar Parts Of Motor Cycle",,3200.00,"",
,"Active","Inventory Part","Metal Brush Not Straight",,"Non","00001 · Hardware and tool Income","54300 · Hardware and tool","12100 · Inventory Asset",0.00,,76,"Count In Each (ce)","Count by the Count In Each",541.00,"Super",,1000.00,1,
,"Active","Inventory Part","Medium Steel Ring Key Chain",,"Non","000002 · Sticker Income","54400 · Sticker","12100 · Inventory Asset",0.00,,21,"Count In Each (ce)","Count by the Count In Each",500.00,"Bo Bo Sticker",,400.00,1,
,"Active","Inventory Part","Medium Thailand Sticker",,"Non","000002 · Sticker Income","54400 · Sticker","12100 · Inventory Asset",0.00,,18,"Count In Each (ce)","Count by the Count In Each",500.00,"Bo Bo Sticker",,800.00,1,
,"Active","Inventory Part","Mileage Cable 01",,"Non","000004 · Motor cycle Income","54200 · Motor Cycle","12100 · Inventory Asset",0.00,,35,"Count In Each (ce)","Count by the Count In Each",950.00,"Thar Aung & Bros",,1500.00,1,"SKT00298"
,"Active","Inventory Part","Mileage Cable 02",,"Non","000004 · Motor cycle Income","54200 · Motor Cycle","12100 · Inventory Asset",0.00,,13,"Count In Each (ce)","Count by the Count In Each",975.00,"Thar Aung & Bros",,1500.00,"","SKT00754"
,"Active","Inventory Part","New design Seat Cover",,"Non","000004 · Motor cycle Income","54200 · Motor Cycle","12100 · Inventory Asset",0.00,,9,"Count In Each (ce)","Count by the Count In Each",1200.00,"Thu Zar Parts Of Motor Cycle",,2000.00,1,
,"Active","Inventory Part","NF/214   NC",,"Non","000007 · Ball & Bearing","000007 · Ball & Bearing","12100 · Inventory Asset",0.00,,1,"Count In Each (ce)","Count by the Count In Each",6500.00,"Super",,8000.00,0,
,"Active","Inventory Part","NJ/209 NC",,"Non","000007 · Ball & Bearing","54599 · Ball and Bearing","12100 · Inventory Asset",0.00,,0,"Count In Each (ce)","Count by the Count In Each",3850.00,"Super",,5500.00,1,
,"Active","Inventory Part","NJ/214  NC",,"Non","000007 · Ball & Bearing","000007 · Ball & Bearing","12100 · Inventory Asset",0.00,,2,"Count In Each (ce)","Count by the Count In Each",6500.00,"Super",,8000.00,0,
,"Active","Inventory Part","NJ/312 NC",,"Non","000007 · Ball & Bearing","54599 · Ball and Bearing","12100 · Inventory Asset",0.00,,-1,"Count In Each (ce)","Count by the Count In Each",22000.00,"Super",,25000.00,1,
,"Active","Inventory Part","NO 8x1 Screw",,"Non","000003 · Bolt and Nut Income","54520 · Bolt and Nut","12100 · Inventory Asset",0.00,,2779,"Count In Each (ce)","Count by the Count In Each",7,"Roberts & Bros",,15.00,10,
,"Active","Inventory Part","NO 8x3/4 Screw",,"Non","000003 · Bolt and Nut Income","54520 · Bolt and Nut","12100 · Inventory Asset",0.00,,4257,"Count In Each (ce)","Count by the Count In Each",6,"Roberts & Bros",,15.00,10,
,"Active","Inventory Part","KAWATA 10*161 Sporkerib",,"Non","000004 · Motor cycle Income","54200 · Motor Cycle","12100 · Inventory Asset",0.00,,14.25,"Count In Each (ce)","Count by the Count In Each",1650.00,"Thu Zar Parts Of Motor Cycle",,2000.00,1,"SKT00761"
,"Active","Inventory Part","YSD 110 Crank Set Short",,"Non","000004 · Motor cycle Income","54200 · Motor Cycle","12100 · Inventory Asset",0.00,,-2,"Count In Each (ce)","Count by the Count In Each",11750.00,"Thu Zar Parts Of Motor Cycle",,15000.00,0,"SKT00017"
,"Active","Inventory Part","NTT 110 Front Fork Core",,"Non","000004 · Motor cycle Income","54200 · Motor Cycle","12100 · Inventory Asset",0.00,,0,"Count In Each (ce)","Count by the Count In Each",6700.00,"Thu Zar Parts Of Motor Cycle",,10000.00,1,
,"Active","Inventory Part","NTT 110 Front Fork Set",,"Non","000004 · Motor cycle Income","54200 · Motor Cycle","12100 · Inventory Asset",0.00,,0,"Count In Each (ce)","Count by the Count In Each",14600.00,"Thu Zar Parts Of Motor Cycle",,18000.00,1,"SKT00478"
,"Active","Inventory Part","NTT 110 Front Fork Spring",,"Non","000004 · Motor cycle Income","54200 · Motor Cycle","12100 · Inventory Asset",0.00,,2,"Count In Each (ce)","Count by the Count In Each",925.00,"Thu Zar Parts Of Motor Cycle",,1500.00,1,
,"Active","Inventory Part","NTT 110 Pisition 25",,"Non","000004 · Motor cycle Income","54200 · Motor Cycle","12100 · Inventory Asset",0.00,,0,"Count In Each (ce)","Count by the Count In Each",1700.00,"Thu Zar Parts Of Motor Cycle",,1900.00,1,
,"Active","Inventory Part","NTT 110 Ring 25",,"Non","000004 · Motor cycle Income","54200 · Motor Cycle","12100 · Inventory Asset",0.00,,0,"Count In Each (ce)","Count by the Count In Each",1700.00,"Thu Zar Parts Of Motor Cycle",,1900.00,1,
,"Active","Inventory Part","YSD 125 Crank Set",,"Non","000004 · Motor cycle Income","54200 · Motor Cycle","12100 · Inventory Asset",0.00,,-1,"Count In Each (ce)","Count by the Count In Each",13600.00,"Thu Zar Parts Of Motor Cycle",,16500.00,1,
,"Active","Inventory Part","NTT 125 front fork core",,"Non","000004 · Motor cycle Income","54200 · Motor Cycle","12100 · Inventory Asset",0.00,,0.5,"Count In Each (ce)","Count by the Count In Each",4000.00,"Thu Zar Parts Of Motor Cycle",,10000.00,1,
,"Active","Inventory Part","NTT 125 Front Fork Set",,"Non","000004 · Motor cycle Income","54200 · Motor Cycle","12100 · Inventory Asset",0.00,,-1,"Count In Each (ce)","Count by the Count In Each",14600.00,"Thu Zar Parts Of Motor Cycle",,17000.00,1,"SKT00479"
,"Active","Inventory Part","125 Solonide",,"Non","000004 · Motor cycle Income","54200 · Motor Cycle","12100 · Inventory Asset",0.00,,1,"Count In Each (ce)","Count by the Count In Each",1900.00,"Thu Zar Parts Of Motor Cycle",,2500.00,1,
,"Active","Inventory Part","NTT 161 Steel Sporkerib",,"Non","000004 · Motor cycle Income","54200 · Motor Cycle","12100 · Inventory Asset",0.00,,-1.28571,"Count In Each (ce)","Count by the Count In Each",2800.00,"Thu Zar Parts Of Motor Cycle",,3500.00,"",
,"Active","Inventory Part","NTT 3 Oil Seal",,"Non","000004 · Motor cycle Income","54200 · Motor Cycle","12100 · Inventory Asset",0.00,,1.4,"Count In Each (ce)","Count by the Count In Each",350.00,"Thu Zar Parts Of Motor Cycle",,500.00,1,"SKT00526"
,"Active","Inventory Part","DID 428-104 Chain",,"Non","000004 · Motor cycle Income","54200 · Motor Cycle","12100 · Inventory Asset",0.00,,4,"Count In Each (ce)","Count by the Count In Each",2525.00,"Thu Zar Parts Of Motor Cycle",,3000.00,1,
,"Active","Inventory Part","428 chain assy Drive",,"Non","000004 · Motor cycle Income","54200 · Motor Cycle","12100 · Inventory Asset",0.00,,11,"Count In Each (ce)","Count by the Count In Each",150.00,"Thu Zar Parts Of Motor Cycle",,300.00,1,
,"Active","Inventory Part","NTT 6 Oil Seal Set",,"Non","000004 · Motor cycle Income","54200 · Motor Cycle","12100 · Inventory Asset",0.00,,0.55556,"Count In Each (ce)","Count by the Count In Each",620.00,"Thu Zar Parts Of Motor Cycle",,1000.00,1,"SKT00540"
,"Not-active","Inventory Part","NTT 6203",,"Non","000007 · Ball & Bearing","54599 · Ball and Bearing","12100 · Inventory Asset",0.00,,0,"Count In Each (ce)","Count by the Count In Each",630.00,"Thu Zar Parts Of Motor Cycle",,850.00,1,
,"Active","Inventory Part","NTT 84 L Chain",,"Non","000004 · Motor cycle Income","54200 · Motor Cycle","12100 · Inventory Asset",0.00,,7,"Count In Each (ce)","Count by the Count In Each",1425.00,"Thu Zar Parts Of Motor Cycle",,2428.97734,1,"SKT00051"
,"Active","Inventory Part","NTT 90 L Chain","..","Non","000004 · Motor cycle Income","54200 · Motor Cycle","12100 · Inventory Asset",0.00,"..",18,"Count In Each (ce)","Count by the Count In Each",1450.00,"Thu Zar Parts Of Motor Cycle",,2471.59098,1,"SKT00052"
,"Active","Inventory Part","Ysd 110 Driver Legs Rest Set","..","Non","000004 · Motor cycle Income","54200 · Motor Cycle","12100 · Inventory Asset",0.00,"....",5,"Count In Each (ce)","Count by the Count In Each",2750.00,"Thu Zar Parts Of Motor Cycle",,5500.00,"","SKT00582"
,"Active","Inventory Part","SLL 110 Cable Comp Trottle",,"Non","000004 · Motor cycle Income","54200 · Motor Cycle","12100 · Inventory Asset",0.00,,13,"Count In Each (ce)","Count by the Count In Each",980.00,"Thu Zar Parts Of Motor Cycle",,1399.99997,1,
,"Active","Inventory Part","Chain Ajust Narrow",,"Non","000004 · Motor cycle Income","54200 · Motor Cycle","12100 · Inventory Asset",0.00,,-7,"Count In Each (ce)","Count by the Count In Each",475.00,"Thu Zar Parts Of Motor Cycle",,750.76921,1,
,"Active","Inventory Part","Chain Ajust Wide",,"Non","000004 · Motor cycle Income","54200 · Motor Cycle","12100 · Inventory Asset",0.00,,13,"Count In Each (ce)","Count by the Count In Each",325.00,"Thu Zar Parts Of Motor Cycle",,500.00,1,
,"Active","Inventory Part","YSD Clutch components",,"Non","000004 · Motor cycle Income","54200 · Motor Cycle","12100 · Inventory Asset",0.00,,-7,"Count In Each (ce)","Count by the Count In Each",1850.00,"Thu Zar Parts Of Motor Cycle",,2884.61543,1,
,"Active","Inventory Part","YSD 110 Carburetor",,"Non","000004 · Motor cycle Income","54200 · Motor Cycle","12100 · Inventory Asset",0.00,,0.91111,"Count In Each (ce)","Count by the Count In Each",8250,"Thu Zar Parts Of Motor Cycle",,9000.00,0,
,"Active","Inventory Part","Jomthai Asahi Sprocket&Chain110",,"Non","000004 · Motor cycle Income","54200 · Motor Cycle","12100 · Inventory Asset",0.00,,1,"Count In Each (ce)","Count by the Count In Each",18000.00,"Thar Aung & Bros",,20329.4124,1,
,"Active","Inventory Part","Ysd 125 CDI 5 Socket",,"Non","000004 · Motor cycle Income","54200 · Motor Cycle","12100 · Inventory Asset",0.00,,3,"Count In Each (ce)","Count by the Count In Each",1500.00,"Thu Zar Parts Of Motor Cycle",,3500.00,1,
,"Active","Inventory Part","NTT Front Bulb",,"Non","000004 · Motor cycle Income","54200 · Motor Cycle","12100 · Inventory Asset",0.00,,19,"Count In Each (ce)","Count by the Count In Each",750.00,"Thu Zar Parts Of Motor Cycle",,1000.00,1,
,"Active","Inventory Part","SLL Front Fork Oil Seal",,"Non","000004 · Motor cycle Income","54200 · Motor Cycle","12100 · Inventory Asset",0.00,,6.8,"Count In Each (ce)","Count by the Count In Each",700.00,"Thu Zar Parts Of Motor Cycle",,1000.00,1,
,"Active","Inventory Part","NTT Loujia 110 7 Pin Lock",,"Non","000004 · Motor cycle Income","54200 · Motor Cycle","12100 · Inventory Asset",0.00,,3,"Count In Each (ce)","Count by the Count In Each",3000.00,"Thu Zar Parts Of Motor Cycle",,4000.00,1,
,"Active","Inventory Part","ysd Motor Assy",,"Non","000004 · Motor cycle Income","54200 · Motor Cycle","12100 · Inventory Asset",0.00,,0,"Count In Each (ce)","Count by the Count In Each",8450.00,"Thu Zar Parts Of Motor Cycle",,10000.00,1,"SKT00075"
,"Active","Inventory Part","NTT Motor Carbon",,"Non","000004 · Motor cycle Income","54200 · Motor Cycle","12100 · Inventory Asset",0.00,,8,"Count In Each (ce)","Count by the Count In Each",380.00,"Thu Zar Parts Of Motor Cycle",,500.00,1,"SKT00841"
,"Active","Inventory Part","Rod Assy Rear Brake 125",,"Non","000004 · Motor cycle Income","54200 · Motor Cycle","12100 · Inventory Asset",0.00,,31,"Count In Each (ce)","Count by the Count In Each",675.00,"Thu Zar Parts Of Motor Cycle",,1000.00,1,"SKT0063"
,"Active","Inventory Part","SLL Spark Plug",,"Non","000004 · Motor cycle Income","54200 · Motor Cycle","12100 · Inventory Asset",0.00,,4,"Count In Each (ce)","Count by the Count In Each",900.00,"Thu Zar Parts Of Motor Cycle",,2000.00,1,"SKT00201"
,"Active","Inventory Part","NTT Sprocket Spacer",,"Non","000004 · Motor cycle Income","54200 · Motor Cycle","12100 · Inventory Asset",0.00,,6,"Count In Each (ce)","Count by the Count In Each",400.00,"Thu Zar Parts Of Motor Cycle",,700.00,1,
,"Active","Inventory Part","YSD Startor Coil Yellow 2 Pin",,"Non","000004 · Motor cycle Income","54200 · Motor Cycle","12100 · Inventory Asset",0.00,,-1,"Count In Each (ce)","Count by the Count In Each",4900.00,"Thu Zar Parts Of Motor Cycle",,6000.00,1,"SKT00082"
,"Active","Inventory Part","NTT Steel Valve",,"Non","000004 · Motor cycle Income","54200 · Motor Cycle","12100 · Inventory Asset",0.00,,6,"pair (pr)","Count by the pair",1550.00,"Thu Zar Parts Of Motor Cycle",,1800.00,1,
,"Active","Inventory Part","YSD Steel Vowl",,"Non","000004 · Motor cycle Income","54200 · Motor Cycle","12100 · Inventory Asset",0.00,,7,"Count In Each (ce)","Count by the Count In Each",1575.00,"Thu Zar Parts Of Motor Cycle",,2000.00,1,
,"Active","Inventory Part","NTT W-125 Middle Bushing",,"Non","000004 · Motor cycle Income","54200 · Motor Cycle","12100 · Inventory Asset",0.00,,2,"Count In Each (ce)","Count by the Count In Each",600.00,"Thu Zar Parts Of Motor Cycle",,800.00,1,
,"Active","Inventory Part","NTT W-125 Regulator",,"Non","000004 · Motor cycle Income","54200 · Motor Cycle","12100 · Inventory Asset",0.00,,1,"Count In Each (ce)","Count by the Count In Each",2100.00,"Thu Zar Parts Of Motor Cycle",,3000.00,1,
,"Active","Inventory Part","YSD 110 Starter Switch",,"Non","000004 · Motor cycle Income","54200 · Motor Cycle","12100 · Inventory Asset",0.00,,26,"Count In Each (ce)","Count by the Count In Each",550.00,"Thu Zar Parts Of Motor Cycle",,1195.65215,1,
,"Active","Inventory Part","YSD 110 Dimmer Switch",,"Non","000004 · Motor cycle Income","54200 · Motor Cycle","12100 · Inventory Asset",0.00,,28,"Count In Each (ce)","Count by the Count In Each",210.00,"Thu Zar Parts Of Motor Cycle",,500.00,1,
,"Active","Inventory Part","Nut Steering Stem",,"Non","000004 · Motor cycle Income","54200 · Motor Cycle","12100 · Inventory Asset",0.00,,12,"Count In Each (ce)","Count by the Count In Each",850.00,"Thar Aung & Bros",,1000.00,1,
,"Active","Inventory Part","Oil Meter 2Pin",,"Non","000004 · Motor cycle Income","54200 · Motor Cycle","12100 · Inventory Asset",0.00,,-2,"Count In Each (ce)","Count by the Count In Each",1570.00,"Shwe Myaing Star",,3000.00,1,"SKT00120"
,"Active","Inventory Part","Oil Meter 3Pin",,"Non","000004 · Motor cycle Income","54200 · Motor Cycle","12100 · Inventory Asset",0.00,,-8,"Count In Each (ce)","Count by the Count In Each",1550.00,"Shwe Myaing Star",,3000.00,1,"SKT00121"
,"Active","Inventory Part","Oil Separate Oil Seal",,"Non","000004 · Motor cycle Income","54200 · Motor Cycle","12100 · Inventory Asset",0.00,,-14,"Count In Each (ce)","Count by the Count In Each",50.00,"Thu Zar Parts Of Motor Cycle",,100.00,1,
,"Active","Inventory Part","Plug Spaner",,"Non","000004 · Motor cycle Income","54200 · Motor Cycle","12100 · Inventory Asset",0.00,,10,"Count In Each (ce)","Count by the Count In Each",1200.00,"Shwe Myaing Star",,3360.00,1,
,"Active","Inventory Part","R front Bulb",,"Non","000004 · Motor cycle Income","54200 · Motor Cycle","12100 · Inventory Asset",0.00,,19,"Count In Each (ce)","Count by the Count In Each",320.00,"MH",,500.00,1,
,"Active","Inventory Part","Rear Brake & Signal Bult Set",,"Non","000004 · Motor cycle Income","54200 · Motor Cycle","12100 · Inventory Asset",0.00,,19.7,"Count In Each (ce)","Count by the Count In Each",780.00,"Thar Aung & Bros",,1000.00,1,
,"Active","Inventory Part","Rear Brake Bulb Set",,"Non","000004 · Motor cycle Income","54200 · Motor Cycle","12100 · Inventory Asset",0.00,,1,"Count In Each (ce)","Count by the Count In Each",450,"Thar Aung & Bros",,500.00,"",
,"Active","Inventory Part","Rear Fork Lifter",,"Non","000004 · Motor cycle Income","54200 · Motor Cycle","12100 · Inventory Asset",0.00,,6,"Count In Each (ce)","Count by the Count In Each",720.00,"Shwe Myaing Star",,1300.00,1,
,"Active","Inventory Part","Red Oxide",,"Non","00001 · Hardware and tool Income","54300 · Hardware and tool","12100 · Inventory Asset",0.00,,0,"Count In Each (ce)","Count by the Count In Each",3041.66667,"Raja",,5000.00,"",
,"Active","Inventory Part","Rubber Packing",,"Non","000005 · Diesel Engine Income","54000 · Diesel","12100 · Inventory Asset",0.00,,4.28,"foot (ft)","Length by the foot",3700.00,"Raja",,5000.00,"",
,"Active","Inventory Part","Screw Clip",,"Non","000003 · Bolt and Nut Income","54520 · Bolt and Nut","12100 · Inventory Asset",0.00,,546,"Count In Each (ce)","Count by the Count In Each",7.00,"Ko Tin Win",,25.00,1,
,"Active","Inventory Part","Short Led Flash Light Twin",,"Non","000004 · Motor cycle Income","54200 · Motor Cycle","12100 · Inventory Asset",0.00,,12,"Count In Each (ce)","Count by the Count In Each",1550,"Thar Aung & Bros",,2000.00,1,
,"Active","Inventory Part","signal Bulb",,"Non","000004 · Motor cycle Income","54200 · Motor Cycle","12100 · Inventory Asset",0.00,,-208,"Count In Each (ce)","Count by the Count In Each",50.00,"Thar Aung & Bros",,100.00,1,"SKT00635"
,"Active","Inventory Part","Skull shape Led Brake Light",,"Non","000004 · Motor cycle Income","54200 · Motor Cycle","12100 · Inventory Asset",0.00,,1,"Count In Each (ce)","Count by the Count In Each",11700,"Thar Aung & Bros",,13000.00,"",
,"Active","Inventory Part","Smart 20w.50",,"Non","000008 · Lubricant and Oil Income","Lubricant and Oil","12100 · Inventory Asset",0.00,,0,"Count In Each (ce)","Count by the Count In Each",3200.00,"PYITAN PADAMYAR Lubricants",,4500.00,1,
,"Active","Inventory Part","Velvet seat cover",,"Non","000004 · Motor cycle Income","54300 · Hardware and tool","12100 · Inventory Asset",0.00,,20,"Count In Each (ce)","Count by the Count In Each",2000.00,"Thar Aung & Bros",,2857.1428,1,
,"Active","Inventory Part","Spring Full Set",,"Non","000004 · Motor cycle Income","54200 · Motor Cycle","12100 · Inventory Asset",0.00,,-2,"Count In Each (ce)","Count by the Count In Each",250.00,"Ko Tin Win",,400.00,1,
,"Active","Inventory Part","Sprocket Nut",,"Non","000004 · Motor cycle Income","54200 · Motor Cycle","12100 · Inventory Asset",0.00,,2,"Count In Each (ce)","Count by the Count In Each",300.00,"Ko Tin Win",,500.00,1,
,"Active","Inventory Part","Center Stand Spring",,"Non","000004 · Motor cycle Income","54200 · Motor Cycle","12100 · Inventory Asset",0.00,,34,"Count In Each (ce)","Count by the Count In Each",85.00,"Ko Tin Win",,200.00,1,
,"Active","Inventory Part","Side Stand Spring",,"Non","000004 · Motor cycle Income","54200 · Motor Cycle","12100 · Inventory Asset",0.00,,45,"Count In Each (ce)","Count by the Count In Each",110.00,"Ko Tin Win",,200.00,1,
,"Active","Inventory Part","super glue",,"Non","00001 · Hardware and tool Income","54300 · Hardware and tool","12100 · Inventory Asset",0.00,,3,"Count In Each (ce)","Count by the Count In Each",166.00,"Raja",,415.00,1,
,"Active","Inventory Part","T-5 Big Cutting Tool",,"Non","00001 · Hardware and tool Income","54300 · Hardware and tool","12100 · Inventory Asset",0.00,,0,"Count In Each (ce)","Count by the Count In Each",1400.00,"Han Asia",,2000.00,"",
,"Active","Inventory Part","T-5 Small Cutting Tool",,"Non","00001 · Hardware and tool Income","54300 · Hardware and tool","12100 · Inventory Asset",0.00,,0,"Count In Each (ce)","Count by the Count In Each",1300.00,"Han Asia",,2500.00,1,
,"Active","Inventory Part","T 250 D/S Tube",,"Non","000004 · Motor cycle Income","54200 · Motor Cycle","12100 · Inventory Asset",0.00,,2,"Count In Each (ce)","Count by the Count In Each",3350.00,"Thar Aung & Bros",,4000.00,1,
,"Active","Inventory Part","T 275 D/S Tube",,"Non","000004 · Motor cycle Income","54200 · Motor Cycle","12100 · Inventory Asset",0.00,,0,"Count In Each (ce)","Count by the Count In Each",4500.00,"Thar Aung & Bros",,5577.11955,1,
,"Active","Inventory Part","Tap 8x1.25(Japan)","..","Non","00001 · Hardware and tool Income","54300 · Hardware and tool","12100 · Inventory Asset",0.00,"..",9.42989,"count in box (cb)","Count by the count in Pack",4500.00,"Han Asia",,5785.7139,1,
,"Active","Inventory Part","Ysd 2Coil (L,L)",,"Non","000004 · Motor cycle Income","54200 · Motor Cycle","12100 · Inventory Asset",0.00,,1,"Count In Each (ce)","Count by the Count In Each",5800.00,"Shwe Myaing Star",,6500.00,"","SKT00977"
,"Active","Inventory Part","TL 2Coil (S,L)",,"Non","000004 · Motor cycle Income","54200 · Motor Cycle","12100 · Inventory Asset",0.00,,0,"Count In Each (ce)","Count by the Count In Each",4400.00,"Shwe Myaing Star",,6000.00,"",
,"Active","Inventory Part","TL Brake Switch",,"Non","000004 · Motor cycle Income","54200 · Motor Cycle","12100 · Inventory Asset",0.00,,27,"pair (pr)","Count by the pair",225.00,"Shwe Myaing Star",,250.00,1,
,"Active","Inventory Part","TL Carburetor Bracket",,"Non","000004 · Motor cycle Income","54200 · Motor Cycle","12100 · Inventory Asset",0.00,,13,"Count In Each (ce)","Count by the Count In Each",95.00,"Shwe Myaing Star",,200.00,1,"SKT00703"
,"Active","Inventory Part","TL Chain assy drive 420",,"Non","000004 · Motor cycle Income","54200 · Motor Cycle","12100 · Inventory Asset",0.00,,102,"Count In Each (ce)","Count by the Count In Each",50.00,"Shwe Myaing Star",,100.00,1,
,"Active","Inventory Part","Sll Disc Brake Oil Pipe 125",,"Non","000004 · Motor cycle Income","54200 · Motor Cycle","12100 · Inventory Asset",0.00,,5,"Count In Each (ce)","Count by the Count In Each",1400.00,"Shwe Myaing Star",,2000.00,1,
,"Active","Inventory Part","TL Female Socket 5 Pin",,"Non","000004 · Motor cycle Income","54200 · Motor Cycle","12100 · Inventory Asset",0.00,,37,"Count In Each (ce)","Count by the Count In Each",130.00,"Shwe Myaing Star",,250.00,1,
,"Active","Inventory Part","Front Bulb & Signal Set Y2k",,"Non","000004 · Motor cycle Income","54200 · Motor Cycle","12100 · Inventory Asset",0.00,,-12.33333,"Count In Each (ce)","Count by the Count In Each",750,"Shwe Myaing Star",,1000.00,1,
,"Active","Inventory Part","TL Front Bult Set DR",,"Non","000004 · Motor cycle Income","54200 · Motor Cycle","12100 · Inventory Asset",0.00,,13,"Count In Each (ce)","Count by the Count In Each",350.00,"Shwe Myaing Star",,500.00,1,
,"Active","Inventory Part","Engine Nut Long 110",,"Non","000004 · Motor cycle Income","54200 · Motor Cycle","12100 · Inventory Asset",0.00,,25,"Count In Each (ce)","Count by the Count In Each",180.00,"Shwe Myaing Star",,500.00,1,
,"Active","Inventory Part","Engine Nut Long 125",,"Non","000004 · Motor cycle Income","54200 · Motor Cycle","12100 · Inventory Asset",0.00,,2,"Count In Each (ce)","Count by the Count In Each",290.00,"Shwe Myaing Star",,500.00,1,
,"Active","Inventory Part","Engine Nut short 110",,"Non","000004 · Motor cycle Income","54200 · Motor Cycle","12100 · Inventory Asset",0.00,,4,"Count In Each (ce)","Count by the Count In Each",180.00,"Shwe Myaing Star",,500.00,1,
,"Active","Inventory Part","Engine Nut short 125","..","Non","000004 · Motor cycle Income","54200 · Motor Cycle","12100 · Inventory Asset",0.00,"..",10,"Count In Each (ce)","Count by the Count In Each",290.00,"Shwe Myaing Star",,500.00,1,
,"Active","Inventory Part","TL Fuse Set",,"Non","000004 · Motor cycle Income","54200 · Motor Cycle","12100 · Inventory Asset",0.00,,18,"Count In Each (ce)","Count by the Count In Each",170.00,"Shwe Myaing Star",,300.00,1,"SKT00641"
,"Active","Inventory Part","Gasket 125 1/2 Set",,"Non","000004 · Motor cycle Income","54200 · Motor Cycle","12100 · Inventory Asset",0.00,,7.85714,"Count In Each (ce)","Count by the Count In Each",430.00,"Shwe Myaing Star",,1000.00,1,"SKT00160"
,"Active","Inventory Part","Gasket 110 1/2 Set",,"Non","000004 · Motor cycle Income","54200 · Motor Cycle","12100 · Inventory Asset",0.00,,-7.375,"Count In Each (ce)","Count by the Count In Each",950.00,"Shwe Myaing Star",,1500.00,1,"SKT00411"
,"Active","Inventory Part","TL Guide Release Ball Outer Set",,"Non","000004 · Motor cycle Income","54200 · Motor Cycle","12100 · Inventory Asset",0.00,,2,"Count In Each (ce)","Count by the Count In Each",1530.00,"Shwe Myaing Star",,2000.00,1,
,"Active","Inventory Part","TL Male 5 Pin Socket",,"Non","000004 · Motor cycle Income","54200 · Motor Cycle","12100 · Inventory Asset",0.00,,37,"Count In Each (ce)","Count by the Count In Each",130.00,"Shwe Myaing Star",,250.00,1,
,"Active","Inventory Part","Rear Brake Switch","..","Non","000004 · Motor cycle Income","54200 · Motor Cycle","12100 · Inventory Asset",0.00,,7,"Count In Each (ce)","Count by the Count In Each",300.00,"Shwe Myaing Star",,500.00,1,
,"Active","Inventory Part","TL Rear Fork Bush narrow",,"Non","000004 · Motor cycle Income","54200 · Motor Cycle","12100 · Inventory Asset",0.00,,-1,"Count In Each (ce)","Count by the Count In Each",120.00,"Shwe Myaing Star",,200.00,1,
,"Active","Inventory Part","TL Rear Fork Bush wide",,"Non","000004 · Motor cycle Income","54200 · Motor Cycle","12100 · Inventory Asset",0.00,,21,"Count In Each (ce)","Count by the Count In Each",120.00,"Shwe Myaing Star",,200.00,1,
,"Active","Inventory Part","TL Start Ball 10",,"Non","000004 · Motor cycle Income","54200 · Motor Cycle","12100 · Inventory Asset",0.00,,21,"Count In Each (ce)","Count by the Count In Each",450.00,"Shwe Myaing Star",,600.00,1,
,"Active","Inventory Part","TL Start Ball 20",,"Non","000004 · Motor cycle Income","54200 · Motor Cycle","12100 · Inventory Asset",0.00,,33,"Count In Each (ce)","Count by the Count In Each",375.00,"Shwe Myaing Star",,600.00,1,"SKT00040"
,"Active","Inventory Part","TL Start Ball 30",,"Non","000004 · Motor cycle Income","54200 · Motor Cycle","12100 · Inventory Asset",0.00,,28,"Count In Each (ce)","Count by the Count In Each",370.00,"Shwe Myaing Star",,600.00,1,
,"Active","Inventory Part","TL Start Ball STD",,"Non","000004 · Motor cycle Income","54200 · Motor Cycle","12100 · Inventory Asset",0.00,,17,"Count In Each (ce)","Count by the Count In Each",450.00,"Shwe Myaing Star",,600.00,1,
,"Active","Inventory Part","TL Storm Door Thread Arm",,"Non","000004 · Motor cycle Income","54200 · Motor Cycle","12100 · Inventory Asset",0.00,,11,"Count In Each (ce)","Count by the Count In Each",450.00,"Shwe Myaing Star",,700.00,1,
,"Active","Inventory Part","TL Storm Door Thread Hub",,"Non","000004 · Motor cycle Income","54200 · Motor Cycle","12100 · Inventory Asset",0.00,,1,"Count In Each (ce)","Count by the Count In Each",240.00,"Shwe Myaing Star",,500.00,1,
,"Active","Inventory Part","Timing Chain Adjuster Arm","..","Non","000004 · Motor cycle Income","54200 · Motor Cycle","12100 · Inventory Asset",0.00,,1,"Count In Each (ce)","Count by the Count In Each",300.00,"Shwe Myaing Star",,500.00,"",
,"Active","Inventory Part","Jpr Timing Chain Adjuster Assy",,"Non","000004 · Motor cycle Income","54200 · Motor Cycle","12100 · Inventory Asset",0.00,,4,"Count In Each (ce)","Count by the Count In Each",450.00,"Shwe Myaing Star",,800.00,1,
,"Active","Inventory Part","TL Wiring Set Y2K",,"Non","000004 · Motor cycle Income","54200 · Motor Cycle","12100 · Inventory Asset",0.00,,2,"Count In Each (ce)","Count by the Count In Each",5700.00,"Shwe Myaing Star",,9000.00,0,
,"Active","Inventory Part","Tooth Brush Metal",,"Non","00001 · Hardware and tool Income","54300 · Hardware and tool","12100 · Inventory Asset",0.00,,91,"Count In Each (ce)","Count by the Count In Each",380.00,"Raja",,300.00,1,
,"Active","Inventory Part","Trane 20w50 6Lit","..","Non","000008 · Lubricant and Oil Income","Lubricant and Oil","12100 · Inventory Asset",0.00,"..",0,"Count In Each (ce)","Count by the Count In Each",21550.00,"Htoo 3",,32000.00,1,
,"Active","Inventory Part","Trane Grease","..","Non","000008 · Lubricant and Oil Income","Lubricant and Oil","12100 · Inventory Asset",0.00,,0,"Count In Each (ce)","Count by the Count In Each",3562.50,"Htoo 3",,6000.00,1,
,"Active","Inventory Part","Triangle Back Mirror",,"Non","000004 · Motor cycle Income","54200 · Motor Cycle","12100 · Inventory Asset",0.00,,3,"pair (pr)","Count by the pair",2350,"Thar Aung & Bros",,3000.00,"",
,"Active","Inventory Part","Tube Cap",,"Non","000004 · Motor cycle Income","54200 · Motor Cycle","12100 · Inventory Asset",0.00,,4,"Count In Each (ce)","Count by the Count In Each",380.00,"Thar Aung & Bros",,500.00,1,
,"Active","Inventory Part","Umbrella Brush",,"Non","00001 · Hardware and tool Income","54300 · Hardware and tool","12100 · Inventory Asset",0.00,,0,"Count In Each (ce)","Count by the Count In Each",125.00,"Super",,150.00,1,
,"Active","Inventory Part","UCP.205  BOB",,"Non","000007 · Ball & Bearing","54599 · Ball and Bearing","12100 · Inventory Asset",0.00,,0,"Count In Each (ce)","Count by the Count In Each",3645.00,"Super",,5371.57891,1,
,"Active","Inventory Part","UCP.206.MM  BOB",,"Non","000007 · Ball & Bearing","54599 · Ball and Bearing","12100 · Inventory Asset",0.00,,0,"Count In Each (ce)","Count by the Count In Each",3950,"Super",,4500.00,1,
,"Active","Inventory Part","UCP.208 BOB",,"Non","000007 · Ball & Bearing","54599 · Ball and Bearing","12100 · Inventory Asset",0.00,,0,"Count In Each (ce)","Count by the Count In Each",5500.00,"Super",,7000.00,"",
,"Active","Inventory Part","UCP.211  BOB",,"Non","000007 · Ball & Bearing","54599 · Ball and Bearing","12100 · Inventory Asset",0.00,,3,"Count In Each (ce)","Count by the Count In Each",6850.00,"Super",,8500.00,0,
,"Active","Inventory Part","UCP.209.MM BOB",,"Non","000007 · Ball & Bearing","54599 · Ball and Bearing","12100 · Inventory Asset",0.00,,3,"Count In Each (ce)","Count by the Count In Each",5850.00,"Super",,7500.00,0,
,"Active","Inventory Part","Unicorn Atf Auto Gear oil",,"Non","000008 · Lubricant and Oil Income","Lubricant and Oil","12100 · Inventory Asset",0.00,,0,"Count In Each (ce)","Count by the Count In Each",17500.00,"Htoo 3",,20000.00,"",
,"Active","Inventory Part","Valve Oil Seal",,"Non","000004 · Motor cycle Income","54200 · Motor Cycle","12100 · Inventory Asset",0.00,,33,"Count In Each (ce)","Count by the Count In Each",491.00,"Yin Maha",,700.00,1,
,"Active","Inventory Part","Valvoline 20w-40","..","Non","000008 · Lubricant and Oil Income","Lubricant and Oil","12100 · Inventory Asset",0.00,,0,"Count In Each (ce)","Count by the Count In Each",13000.00,"Valvoline",,15000.0002,1,"692247"
,"Active","Inventory Part","Valvoline Gear Oil",,"Non","000008 · Lubricant and Oil Income","Lubricant and Oil","12100 · Inventory Asset",0.00,,0,"Count In Each (ce)","Count by the Count In Each",4800.00,"PYITAN PADAMYAR Lubricants",,5837.83776,1,
,"Active","Inventory Part","W-7 Cover Bracket",,"Non","000004 · Motor cycle Income","54200 · Motor Cycle","12100 · Inventory Asset",0.00,,0,"Count In Each (ce)","Count by the Count In Each",350.00,"Shwe Myaing Star",,500.00,1,
,"Active","Inventory Part","W110 PistonPAG",,"Non","000004 · Motor cycle Income","54200 · Motor Cycle","12100 · Inventory Asset",0.00,,-6,"Count In Each (ce)","Count by the Count In Each",2590.00,"Rainbow",,3000.00,"",
,"Active","Inventory Part","W110 Ring PAG",,"Non","000004 · Motor cycle Income","54200 · Motor Cycle","12100 · Inventory Asset",0.00,,-3,"Count In Each (ce)","Count by the Count In Each",3052.00,"Rainbow",,3500.00,"",
,"Active","Inventory Part","wave Key Long KYK",,"Non","000004 · Motor cycle Income","54200 · Motor Cycle","12100 · Inventory Asset",0.00,,2,"Count In Each (ce)","Count by the Count In Each",4450.00,"Thar Aung & Bros",,5000.00,1,
,"Active","Inventory Part","wave Key short20R",,"Non","000004 · Motor cycle Income","54200 · Motor Cycle","12100 · Inventory Asset",0.00,,4,"Count In Each (ce)","Count by the Count In Each",3850.00,"Thar Aung & Bros",,4500.00,1,
,"Active","Inventory Part","Wax Leather Polish",,"Non","00001 · Hardware and tool Income","54300 · Hardware and tool","12100 · Inventory Asset",0.00,,21,"Count In Each (ce)","Count by the Count In Each",4000.00,"Raja",,6000.00,1,
,"Active","Inventory Part","Welding Cover Glass",,"Non","00001 · Hardware and tool Income","54300 · Hardware and tool","12100 · Inventory Asset",0.00,,65,"Count In Each (ce)","Count by the Count In Each",350.00,"Raja",,500.00,1,
,"Active","Inventory Part","Wire Tape",,"Non","00001 · Hardware and tool Income","54300 · Hardware and tool","12100 · Inventory Asset",0.00,,769,"Count In Each (ce)","Count by the Count In Each",420.00,"Raja",,800.00,1,
,"Active","Non-inventory Part","home sell",,"Non","000005 · Diesel Engine Income",,,0.00,,"",,,0.00,,,0.00,"",
,"Active","Non-inventory Part","6"" Wheel",,"Non","80100 · Other Expenses",,,0.00,,"","Count In Each (ce)","Count by the Count In Each",0.00,,,0.00,"",
,"Active","Sales Tax Item","East Bayshore","City Sales Tax",,"25500 · Sales Tax Payable",,,0.00,,"",,,0.00,,"City of East Bayshore",0.3%,"",
,"Active","Sales Tax Item","Out of State","Out-of-state sale, exempt from sales tax",,"25500 · Sales Tax Payable",,,0.00,,"",,,0.00,,"State Board of Equalization",0%,"",
,"Active","Sales Tax Item","San Tomas","CA sales tax, San Tomas County",,"25500 · Sales Tax Payable",,,0.00,,"",,,0.00,,"State Board of Equalization",7.75%,"",
,"Active","Sales Tax Group","E. Bayshore/County","Sales Tax",,,,,0.00,,"",,,0.00,,,8.05%,"",
